"p_val","avg_log2FC","pct.1","pct.2","p_val_adj","cluster","gene"
1.15200799940278e-85,2.05197816039644,0.783,0.045,1.72536238070555e-81,"00h","TOX"
3.00112694514963e-80,2.11236227801638,0.913,0.117,4.49478782575061e-76,"00h","GRIA4"
7.94966303465575e-76,1.94004198590408,0.989,0.131,1.19062103270039e-71,"00h","GPR160"
2.33017015583795e-75,1.65229574224207,0.522,0.006,3.48989584239849e-71,"00h","SIX6"
1.69245249770433e-74,2.01160430804942,1,0.183,2.53478610581178e-70,"00h","SOX2"
5.97072438451602e-70,1.52436978685196,0.707,0.053,8.94235391068965e-66,"00h","POU3F1"
7.60834394668283e-68,1.51918584502679,0.739,0.068,1.13950167289469e-63,"00h","GRID2"
6.46360319428843e-66,1.36443715089634,0.63,0.038,9.68053850408578e-62,"00h","FEZF1"
8.34499839447704e-66,1.64525369135419,0.88,0.128,1.24983040954083e-61,"00h","EPPK1"
1.51828512161223e-65,1.83006925031093,0.837,0.108,2.27393562663864e-61,"00h","SYT6"
4.7727133211007e-64,1.88670324055507,0.859,0.126,7.14809274101252e-60,"00h","SHANK2"
1.26430214960247e-62,1.64203734175066,0.88,0.126,1.89354532945962e-58,"00h","CAMKV"
2.47167552661456e-62,1.13229527504401,0.5,0.015,3.70182843621062e-58,"00h","FOXD3"
2.1462632106294e-61,1.75845827311586,1,0.225,3.21445841055966e-57,"00h","GRHL2"
1.15085130158428e-60,1.9206737993283,0.739,0.089,1.72362999438278e-56,"00h","HESX1"
8.45028255891908e-59,1.74102925913158,1,0.419,1.26559881884931e-54,"00h","USP44"
2.37015697898295e-58,1.8268195973231,0.989,0.297,3.54978410742276e-54,"00h","ESRP1"
2.04006983478329e-57,1.38769078833746,0.783,0.095,3.05541259155494e-53,"00h","FAM46B"
1.46133648965606e-55,1.84119144270972,0.772,0.116,2.18864366055788e-51,"00h","LMO3"
1.41869223317078e-54,2.08738261626687,0.924,0.264,2.12477535761988e-50,"00h","BNC2"
8.63474249083288e-53,1.91551052928466,0.902,0.228,1.29322538285204e-48,"00h","ZNF165"
3.15904522461568e-51,1.63390752181628,0.989,0.323,4.7313020329069e-47,"00h","LECT1"
1.15521770597863e-50,1.19034183974795,1,0.64,1.7301695582442e-46,"00h","POLR3G"
1.53011887536175e-50,1.28552721835221,1,0.737,2.2916590396293e-46,"00h","PDGFA"
4.12515272618627e-50,0.831914435295316,1,0.863,6.17824123800918e-46,"00h","PHC1"
1.18880997337316e-49,1.55285583785131,1,0.824,1.78048069712098e-45,"00h","LRAT"
2.00023609898987e-49,1.45708960280131,0.696,0.09,2.99575360545713e-45,"00h","COL9A1"
2.98703514090128e-49,1.69586014423835,0.761,0.134,4.47368253052785e-45,"00h","LCK"
3.09303524635289e-49,0.542371424182056,1,0.955,4.63243888846272e-45,"00h","DNMT3B"
4.33438584503374e-49,0.591159332565582,1,0.985,6.49160968010704e-45,"00h","PPP3CA"
5.80925632182496e-49,0.74784841718804,0.37,0.008,8.70052319319725e-45,"00h","HMX2"
2.08206102994687e-48,1.56363001169077,0.978,0.282,3.11830280455142e-44,"00h","AP1M2"
7.47215584431786e-48,1.59752931947127,0.793,0.152,1.11910478080349e-43,"00h","TRERF1"
1.2606649958655e-47,1.30439836584867,0.772,0.137,1.88809796430776e-43,"00h","LINGO1"
1.54929365133724e-47,0.85147294749592,1,0.859,2.32037710160779e-43,"00h","LRRC16A"
2.54690889818105e-47,1.1684237292774,0.424,0.02,3.81450545680576e-43,"00h","ACOXL"
3.277850790997e-47,1.0446106495266,1,0.79,4.90923712967621e-43,"00h","PIM2"
7.72139773763977e-46,1.19848440898768,0.75,0.119,1.15643373916631e-41,"00h","C1orf115"
1.15702244583633e-45,1.57811200162481,0.793,0.15,1.73287251712908e-41,"00h","SLC16A9"
1.21627298077521e-45,1.28820486510055,0.478,0.035,1.82161204330703e-41,"00h","PLA2G4C"
1.26922130594571e-45,1.27972486681286,0.63,0.074,1.90091274991489e-41,"00h","MEGF10"
4.29354652057409e-45,1.63122826438094,0.761,0.146,6.43044462386382e-41,"00h","SMPDL3B"
4.58474078698482e-45,1.58120301056889,0.924,0.267,6.86656627666716e-41,"00h","RASL11B"
4.88382819675096e-45,1.71531452680969,0.957,0.329,7.31450949027392e-41,"00h","VSNL1"
4.89575609584437e-45,0.632447953195677,1,0.958,7.33237390474611e-41,"00h","VSIG10"
6.54416973089376e-45,1.58074787063425,0.989,0.332,9.80120300595959e-41,"00h","ITGA6"
6.72643401709366e-45,1.30138695903815,0.989,0.462,1.00741802274012e-40,"00h","CRABP1"
6.87623193605641e-45,0.950205677927562,1,0.866,1.02985325706317e-40,"00h","TTC39C"
8.18970803384709e-45,1.07707020791443,0.565,0.059,1.22657257222928e-40,"00h","RYR1"
8.36297660502156e-45,1.41120635409101,0.967,0.311,1.25252300613408e-40,"00h","ZSCAN10"
9.23088631877026e-45,0.768178892849579,1,0.89,1.38250984396222e-40,"00h","AK4"
1.23588661710673e-44,1.54706558560525,0.87,0.216,1.85098738644076e-40,"00h","PPAP2C"
1.26608767202966e-44,1.02192922939001,0.348,0.009,1.89621950639882e-40,"00h","MX1"
1.49470315303107e-44,1.51055909533253,0.924,0.267,2.23861691229464e-40,"00h","CTTNBP2"
3.24940711430726e-44,0.905328933150697,1,0.794,4.86663703509798e-40,"00h","SLC7A8"
9.16289903095163e-44,0.816474238845372,1,0.802,1.37232738786563e-39,"00h","PIP4K2A"
6.85717499669826e-42,1.27372517412939,0.989,0.776,1.0269990992555e-37,"00h","WIPF3"
7.65168924021631e-42,0.971567311019619,1,0.907,1.1459934975072e-37,"00h","RABGAP1L"
1.40939343400141e-41,1.28790138611649,0.989,0.497,2.11084854610391e-37,"00h","MBOAT1"
1.95875020164527e-41,1.5158973821189,0.924,0.324,2.93362017700412e-37,"00h","FGFBP3"
2.79959450603241e-41,1.37914900090482,0.707,0.126,4.19295269168473e-37,"00h","GYLTL1B"
4.51517020459086e-41,1.5266941470819,0.489,0.05,6.76237041541574e-37,"00h","GIPC2"
5.32200050807908e-41,1.41364086269588,0.641,0.102,7.97076016095004e-37,"00h","D4S234E"
9.67271383789293e-41,1.32266927462981,1,0.557,1.44868235150122e-36,"00h","PTPRZ1"
1.13039891993747e-40,1.52309698635671,0.935,0.323,1.69299846239035e-36,"00h","MMP16"
2.00575214985296e-39,1.34692323546725,0.804,0.204,3.00401499483477e-35,"00h","TNNI3"
1.3490005286964e-38,1.15386498913866,1,0.854,2.0203980918286e-34,"00h","NANOG"
1.4071392457826e-38,1.31017107727382,0.902,0.225,2.1074724484086e-34,"00h","SCNN1A"
1.69773670310533e-38,0.598565013325595,1,0.949,2.54270026024085e-34,"00h","FAM117B"
3.61696563170945e-38,0.970738874046623,1,0.64,5.41712942661124e-34,"00h","PMAIP1"
6.66403745662041e-38,1.14384040331165,0.967,0.523,9.98072889878039e-34,"00h","ALPP"
1.07390947766562e-37,0.614694077810492,1,0.964,1.6083942246998e-33,"00h","OCLN"
1.08610278246064e-37,1.42054378109809,0.967,0.67,1.6266561372913e-33,"00h","RNF144B"
1.10354877821935e-37,1.01019922244441,0.989,0.62,1.65278500513912e-33,"00h","RARRES2"
1.48984701182768e-37,1.42940020787932,0.663,0.119,2.23134386961431e-33,"00h","SORBS2"
1.65636224009152e-37,0.808640194295358,1,0.853,2.48073372698506e-33,"00h","NLGN4X"
2.99831603510463e-37,1.27646914047455,0.739,0.152,4.4905779257762e-33,"00h","KHDRBS2"
3.40623467556657e-37,1.24956758160288,1,0.584,5.10151767359604e-33,"00h","RBM47"
6.15764486001385e-37,1.45505580335384,0.543,0.078,9.22230470684274e-33,"00h","PSMB8"
6.47330045374494e-37,0.948071120691624,1,0.673,9.6950620895738e-33,"00h","CLDN6"
6.84479384885518e-37,1.261403195488,1,0.557,1.02514477474304e-32,"00h","CDH3"
8.26522014663442e-37,1.01462055080259,0.543,0.072,1.23788202136144e-32,"00h","C1orf187"
8.60602983380729e-37,1.03523369700203,1,0.641,1.28892508820932e-32,"00h","C10orf95"
2.42727084889823e-36,1.38157360851903,0.891,0.293,3.63532355039489e-32,"00h","GPR176"
2.46913479730478e-36,1.42939108016922,0.946,0.398,3.69802318592337e-32,"00h","HOOK1"
3.31112340968901e-36,1.08755350627629,0.989,0.809,4.95906953069124e-32,"00h","SCG3"
4.02881914492311e-36,1.32163978344352,0.989,0.408,6.03396243335134e-32,"00h","NFE2L3"
4.44651022932799e-36,1.21202380199047,0.989,0.53,6.65953837046453e-32,"00h","SLC6A15"
4.67636102908306e-36,1.38247108702246,0.652,0.129,7.0037859132577e-32,"00h","TMEM30B"
5.48719412374084e-36,1.1007385648348,0.967,0.817,8.21817063912666e-32,"00h","STEAP2"
7.92375904560209e-36,1.42969268058185,0.707,0.158,1.18674139225982e-31,"00h","CKMT1A"
8.51879833775431e-36,0.707877946018575,0.989,0.799,1.27586042704546e-31,"00h","MAD2L2"
1.22501343929251e-35,1.19724778836911,0.359,0.023,1.8347026280284e-31,"00h","SPTSSB"
1.7218620430431e-35,0.735135673893612,1,0.817,2.57883278186565e-31,"00h","BEND3"
1.74302893079823e-35,1.12419944933448,0.978,0.649,2.6105344296565e-31,"00h","DDAH1"
1.9544477810069e-35,1.27631767754653,0.62,0.107,2.92717644161403e-31,"00h","ELAVL2"
2.0310962344612e-35,0.587468009145437,1,0.979,3.04197283035253e-31,"00h","PHF17"
2.1850988070525e-35,1.18264958122567,1,0.509,3.27262248332254e-31,"00h","CLU"
2.66746071474847e-35,0.531050111265044,1,0.976,3.99505591247878e-31,"00h","ZNF483"
3.31473796688772e-35,0.9907020963502,0.609,0.092,4.96448305300774e-31,"00h","CXorf57"
3.94833522087378e-35,1.26062345353641,0.924,0.326,5.91342166030265e-31,"00h","ZFHX2"
4.70046132780046e-35,1.2904221796305,0.957,0.339,7.03988093064675e-31,"00h","C5orf62"
5.47759829571459e-35,0.887745038711094,1,0.754,8.20379896749175e-31,"00h","DPYSL3"
6.05741036625425e-35,0.825911094061478,0.576,0.096,9.07218350553899e-31,"00h","NLGN4Y"
6.94315186878656e-35,1.29791698918745,0.946,0.462,1.03987585538816e-30,"00h","MED12L"
7.8544772098185e-35,0.681491486476137,1,0.92,1.17636505171452e-30,"00h","MPV17L"
7.9854699793852e-35,1.18945797042977,0.989,0.607,1.19598383881252e-30,"00h","SEMA4D"
8.62870244416931e-35,1.31993161891412,0.696,0.162,1.29232076506324e-30,"00h","RAB17"
1.71132263032445e-34,1.32441568167066,0.696,0.149,2.56304790343693e-30,"00h","MAP2K6"
2.26998207851355e-34,1.37973113683958,0.924,0.38,3.39975215898975e-30,"00h","MOB3B"
3.68958283753667e-34,1.14981961569509,0.978,0.691,5.52588821577867e-30,"00h","ATP1A2"
5.3349470036189e-34,1.38851797946684,0.837,0.261,7.99015012732003e-30,"00h","ADM"
5.84730797768815e-34,1.14830959382544,1,0.542,8.75751315818354e-30,"00h","VASH2"
1.48489751411699e-33,0.791609755911149,1,0.806,2.22393100689301e-29,"00h","SFRP1"
1.71792731497541e-33,1.35509140851846,0.63,0.129,2.57293973963867e-29,"00h","VWDE"
1.79997451605511e-33,1.48757843357363,0.739,0.207,2.69582183269574e-29,"00h","ICA1"
2.1756750980216e-33,1.29359104449551,0.87,0.326,3.25850859430694e-29,"00h","GRTP1"
3.03295504370316e-33,1.01322361851088,0.989,0.62,4.54245676895422e-29,"00h","SLC29A1"
3.72192894078011e-33,1.43937838660761,0.935,0.635,5.57433297460638e-29,"00h","PAIP2B"
4.90332752641813e-33,1.24823623453133,0.957,0.506,7.34371363631643e-29,"00h","IQGAP2"
7.02551870178689e-33,1.45148267674298,0.609,0.122,1.05221193596662e-28,"00h","DHRS3"
8.28237349461126e-33,1.19404200073759,1,0.441,1.24045107828793e-28,"00h","CYP2S1"
1.04817150950576e-32,1.08820315277736,0.663,0.137,1.56984646978678e-28,"00h","CHGA"
1.35093519667403e-32,1.44696929599074,0.63,0.135,2.0232956440587e-28,"00h","GALNT3"
1.42045581834936e-32,1.18954577089345,0.522,0.078,2.12741667914183e-28,"00h","ST14"
1.44244747030383e-32,1.25448162876693,0.913,0.345,2.16035357627404e-28,"00h","NUP210"
1.98986637442204e-32,1.18991507731645,0.565,0.098,2.98022286897189e-28,"00h","CRIP3"
3.46047017130746e-32,0.527856835630095,0.348,0.026,5.18274617556718e-28,"00h","FLJ22184"
4.49450931177113e-32,1.0869231535765,0.478,0.063,6.73142659623961e-28,"00h","HDAC9"
7.97863830975372e-32,1.27015850838625,0.935,0.441,1.19496065965182e-27,"00h","CD200"
8.9342907169118e-32,0.944929902619242,0.978,0.826,1.33808872067188e-27,"00h","MYO5C"
1.09899421341961e-31,1.24469424871871,0.924,0.461,1.64596363343855e-27,"00h","PREX2"
1.95105768965173e-31,0.911338635826813,0.402,0.041,2.92209910179139e-27,"00h","CRB3"
1.96198691048889e-31,1.16013064749898,0.978,0.483,2.93846779583921e-27,"00h","ANKRD18B"
2.01117382207118e-31,1.4208142428979,0.707,0.177,3.01213503331601e-27,"00h","SCG5"
2.02681986338076e-31,1.22425425415487,0.946,0.398,3.03556810938536e-27,"00h","CYFIP2"
2.44757003887666e-31,1.36048573216763,0.63,0.135,3.66572564722557e-27,"00h","CKMT1B"
7.40555394445564e-31,1.1709349411945,0.957,0.39,1.10912981426112e-26,"00h","MYCN"
7.59205527519413e-31,1.27535647810533,0.728,0.21,1.13706211856582e-26,"00h","SLC22A23"
8.56426524049782e-31,0.533502981348402,1,0.928,1.28267000506936e-26,"00h","INO80D"
8.56713180273475e-31,1.27608119236696,0.935,0.378,1.28309933009558e-26,"00h","GLDC"
1.1358655329148e-30,1.19694611243283,0.946,0.38,1.7011858086465e-26,"00h","ADD2"
1.55278358190976e-30,0.927178790753586,0.978,0.736,2.32560397062624e-26,"00h","APOL2"
1.58015065077524e-30,0.998602907765096,0.978,0.604,2.36659162966608e-26,"00h","KIF1A"
1.72582162369613e-30,0.976397081301088,0.435,0.054,2.5847630458097e-26,"00h","CCDC64"
1.744227658112e-30,1.22574587758133,0.62,0.138,2.61232976355435e-26,"00h","HAPLN3"
1.80262113236192e-30,1.21374676378713,0.804,0.257,2.69978566993845e-26,"00h","PCDH1"
1.83225276676605e-30,1.05772758610688,0.989,0.559,2.74416496878552e-26,"00h","GPC3"
2.82663062050204e-30,1.01615818391053,0.989,0.529,4.23344468032591e-26,"00h","SLC39A11"
2.87820326503296e-30,0.957543147790224,0.315,0.021,4.31068503003987e-26,"00h","TEX14"
3.23645763723415e-30,1.27962629912631,0.783,0.206,4.84724260328558e-26,"00h","C9orf135"
4.08936643483716e-30,1.01703845176445,0.576,0.108,6.12464410945561e-26,"00h","WNK2"
5.53816749579698e-30,0.671910371959484,1,0.839,8.29451345845514e-26,"00h","SALL2"
5.54226373626969e-30,1.08975012792046,0.63,0.153,8.30064839781111e-26,"00h","ZDHHC22"
7.32079234473904e-30,1.16170907982221,0.359,0.035,1.09643506947157e-25,"00h","CR2"
8.36201209845475e-30,0.729731548993457,1,0.767,1.25237855198557e-25,"00h","THY1"
8.80033233606404e-30,0.839312493340006,1,0.709,1.31802577397231e-25,"00h","ZIC5"
1.02758217236903e-29,0.786291435838419,0.63,0.138,1.53900981955709e-25,"00h","ANKRD13B"
1.04308101854896e-29,1.23920148076181,0.837,0.252,1.56222244148078e-25,"00h","PMEL"
1.24459020211548e-29,0.517247644404183,1,0.902,1.86402274570836e-25,"00h","SLC35F2"
1.32320477304006e-29,0.919497581249352,0.511,0.086,1.98176378858209e-25,"00h","RGL3"
1.38691144573283e-29,1.19640715139818,0.685,0.18,2.07717727227406e-25,"00h","RAP1GAP2"
2.00009277545406e-29,1.19575819610593,0.891,0.596,2.99553894979755e-25,"00h","PRDM14"
2.94455782375471e-29,1.0093993707704,0.989,0.614,4.41006425263742e-25,"00h","RND3"
3.74423883972411e-29,1.28242290975025,0.641,0.15,5.6077465102548e-25,"00h","KLHL3"
3.76146989530139e-29,1.21538455876809,0.641,0.146,5.63355346219289e-25,"00h","WSCD1"
1.04977278950315e-28,1.16884066311198,0.641,0.149,1.57224470683887e-24,"00h","SYNGR3"
2.0265893505148e-28,1.28535451370368,0.761,0.27,3.03522287026602e-24,"00h","IGSF10"
2.22665594487251e-28,1.04005874852911,0.478,0.077,3.33486260863556e-24,"00h","COBL"
3.2296898465006e-28,1.07219408404161,0.337,0.03,4.83710648310395e-24,"00h","GABRP"
3.48031987117458e-28,0.954148848712838,0.37,0.039,5.21247507105817e-24,"00h","PADI2"
4.23021082938769e-28,1.14364620267119,0.935,0.425,6.33558675917395e-24,"00h","MAP7"
4.37453462001282e-28,0.76387594326153,0.38,0.042,6.55174050039319e-24,"00h","RHPN1"
4.9705460900943e-28,0.543536517201555,0.413,0.048,7.44438687913424e-24,"00h","EFCAB6"
5.52142017902567e-28,0.734075975139529,1,0.761,8.26943100212674e-24,"00h","PRPS2"
8.76697819475284e-28,1.24262960655191,0.543,0.111,1.31303032422813e-23,"00h","C1orf172"
9.56578057992642e-28,0.949836664327605,1,0.646,1.43266695745558e-23,"00h","SFRP2"
9.6428353676264e-28,1.21559037511687,0.978,0.368,1.44420745300941e-23,"00h","PROM1"
1.00134083083539e-27,1.24788276105016,0.783,0.255,1.49970816234217e-23,"00h","UBE2L6"
1.16618319763336e-27,1.26295236165036,0.598,0.134,1.74659257509549e-23,"00h","TMEM144"
1.73378432257393e-27,1.1985768943315,0.413,0.056,2.59668877991897e-23,"00h","MGAT4C"
1.82204884497595e-27,1.11412191742174,0.913,0.413,2.72888255512047e-23,"00h","ANKRD18A"
2.10649801647025e-27,0.618115252148494,1,0.973,3.1549020792675e-23,"00h","INADL"
2.17256840829485e-27,0.717912064976022,1,0.778,3.2538557051032e-23,"00h","TCF7L1"
3.00351176887448e-27,0.749535827645486,1,0.823,4.49835957624331e-23,"00h","SHISA2"
3.0137093812549e-27,0.65832606827495,0.989,0.787,4.51363254030547e-23,"00h","MCM5"
4.27744107437483e-27,0.937210878693064,0.978,0.835,6.40632349709119e-23,"00h","FAM111A"
7.28010505984279e-27,1.24144950822744,0.891,0.407,1.09034133481265e-22,"00h","PLP1"
7.82226421386059e-27,1.16735120152149,0.543,0.113,1.1715405113099e-22,"00h","LAD1"
1.03156904653203e-26,0.678291264653869,0.978,0.746,1.54498096099102e-22,"00h","THYN1"
1.07304826187289e-26,1.27737725053856,0.728,0.239,1.60710438180702e-22,"00h","CGN"
1.46081977183977e-26,1.16347708730408,0.685,0.186,2.18786977228442e-22,"00h","TRIML2"
1.47547445128751e-26,0.989712117834097,0.946,0.629,2.2098180856933e-22,"00h","PDPN"
1.6947871010071e-26,1.06983946574905,0.967,0.479,2.53828264117833e-22,"00h","GPR98"
1.69720370339502e-26,1.13720578348654,0.924,0.482,2.54190198657472e-22,"00h","GDAP1"
1.97760409943678e-26,0.655138961754362,1,0.923,2.96185765972646e-22,"00h","TRIM45"
2.6906097511332e-26,0.744578839764825,0.261,0.015,4.02972622427219e-22,"00h","PF4"
5.03306797511487e-26,0.967927705662907,0.315,0.029,7.53802590632954e-22,"00h","SLC16A14"
6.35992726392224e-26,0.65214233752778,1,0.809,9.52526306317634e-22,"00h","CDCA7L"
7.25253891589052e-26,1.24996581753118,0.793,0.362,1.08621275343292e-21,"00h","ARHGAP8"
1.31334707658872e-25,0.706512175891351,0.989,0.746,1.96699991660693e-21,"00h","AIF1L"
1.45447589379044e-25,0.529877950989779,1,0.917,2.17836854612995e-21,"00h","GPM6B"
3.10161345769976e-25,0.964869605696634,0.946,0.827,4.64528647559692e-21,"00h","MACC1"
4.20094851067968e-25,0.8613080768847,0.457,0.083,6.29176058444496e-21,"00h","B3GALT5"
4.75510178533795e-25,0.692986220757023,0.978,0.776,7.12171594390064e-21,"00h","RAB12"
5.04490256120278e-25,0.611878421473316,1,0.824,7.55575056591341e-21,"00h","APOL1"
6.24946201595002e-25,0.849471123938361,0.957,0.773,9.35981926128834e-21,"00h","SBK1"
6.44602832623685e-25,0.869922690209387,0.957,0.556,9.65421662420493e-21,"00h","LLGL2"
7.35219612322978e-25,0.917019225426861,0.435,0.072,1.10113841337612e-20,"00h","IGSF21"
7.41028440683061e-25,0.952288342241262,0.957,0.59,1.10983829561102e-20,"00h","ERBB2"
8.25361467555041e-25,0.555596207712751,1,0.965,1.23614386995718e-20,"00h","AXL"
1.04870286154597e-24,1.00981503133569,0.587,0.138,1.5706422757374e-20,"00h","JPH4"
1.16162427033202e-24,1.21986592206399,0.435,0.075,1.73976466967627e-20,"00h","NLGN1"
1.20725312085872e-24,1.21322957320626,0.576,0.144,1.8081029991101e-20,"00h","COMT"
1.2799033038391e-24,0.954925495535694,0.478,0.096,1.91691117815981e-20,"00h","TNFSF11"
1.41621153936982e-24,0.991089879626201,0.272,0.021,2.12106002251418e-20,"00h","TRIM22"
1.77902415012699e-24,0.655394809916284,1,0.974,2.66444446964519e-20,"00h","CDH1"
1.88181904889584e-24,1.03871494545971,0.641,0.17,2.8184003895313e-20,"00h","ITGB1BP3"
2.08589624510421e-24,0.923495355976523,0.717,0.194,3.12404680629258e-20,"00h","SCAMP5"
2.16255584587617e-24,1.13705847476163,0.62,0.162,3.23885989036874e-20,"00h","DDX25"
2.23825107328045e-24,0.964861397676809,0.728,0.213,3.35222863245213e-20,"00h","FYCO1"
2.33835447984029e-24,1.09175556486001,0.826,0.296,3.5021535044568e-20,"00h","NEFM"
3.05626837638223e-24,0.760956326874158,0.967,0.766,4.57737314730767e-20,"00h","SEMA3A"
4.47343229251379e-24,1.04617200159094,0.554,0.117,6.6998595444979e-20,"00h","TMEM200A"
7.08138327522011e-24,0.964333310416572,0.38,0.057,1.06057877312972e-19,"00h","KLK8"
7.53991267981275e-24,0.765101752214533,0.957,0.821,1.12925272205556e-19,"00h","GLB1L3"
7.64668571176259e-24,0.888031847098902,0.402,0.063,1.14524411905068e-19,"00h","TMEM125"
1.10080781468731e-23,0.824994559992337,0.315,0.035,1.64867986405719e-19,"00h","BDNF"
1.10241329086452e-23,0.575207534032847,1,0.854,1.65108438572779e-19,"00h","GIGYF1"
1.3352823428894e-23,0.986377825806247,0.359,0.048,1.99985236494545e-19,"00h","FAAH2"
1.37927311011938e-23,0.711699489820797,0.25,0.018,2.06573733702579e-19,"00h","CHST8"
1.82332211202945e-23,0.642683298087899,0.989,0.793,2.73078952718651e-19,"00h","NIPSNAP1"
1.90753300179221e-23,0.686333257555283,0.25,0.018,2.85691217678419e-19,"00h","CBLC"
2.14892699090524e-23,1.08725285397505,0.685,0.207,3.21844795427878e-19,"00h","PLCH1"
2.20707035273198e-23,1.09963114967509,0.87,0.281,3.30552926728668e-19,"00h","CLDN7"
2.33092569411541e-23,0.96930856087433,0.522,0.111,3.49102741207665e-19,"00h","HSD11B2"
2.62368014626387e-23,0.561394361320682,1,0.887,3.9294857550594e-19,"00h","SEMA6A"
2.70910202813439e-23,0.687320404015108,0.989,0.754,4.05742210753687e-19,"00h","CHAF1A"
3.30032245586901e-23,0.92245328072828,0.315,0.035,4.94289294215501e-19,"00h","DDIT4L"
4.0290580660428e-23,1.27440723009978,0.641,0.224,6.0343202655123e-19,"00h","CHRDL1"
4.74028684482747e-23,0.782506006330994,0.522,0.105,7.0995276074981e-19,"00h","C1S"
4.77551133213137e-23,0.591512481171091,1,0.866,7.15228332213315e-19,"00h","INSR"
5.33267947627746e-23,0.671566256452457,0.989,0.895,7.98675405162076e-19,"00h","PCYT1B"
5.85147355316547e-23,0.901005552288606,0.978,0.641,8.76375194057593e-19,"00h","PFKFB2"
6.45250070535848e-23,0.96017028374199,0.967,0.452,9.66391030641539e-19,"00h","C8orf42"
6.70157069552198e-23,0.955537348187637,0.902,0.608,1.00369424306833e-18,"00h","CRISPLD2"
6.82067423682137e-23,0.733722620535059,1,0.706,1.02153238044874e-18,"00h","CD9"
8.15526089364904e-23,0.91813110618391,0.967,0.617,1.22141342404182e-18,"00h","MAGI1"
9.79693655586873e-23,0.867080098137847,0.478,0.095,1.46728718797246e-18,"00h","DYSF"
1.27817608751771e-22,1.21785038780883,0.663,0.218,1.91432432627527e-18,"00h","NELL2"
1.28151207333755e-22,0.794731275130013,1,0.697,1.91932063223765e-18,"00h","KIF21A"
2.38118705774023e-22,0.506284765156167,1,0.959,3.56630385637755e-18,"00h","DIS3L"
2.68523073250577e-22,0.769047961240384,0.315,0.039,4.02167006807389e-18,"00h","LHFPL4"
2.85942869766964e-22,0.958475237042079,0.761,0.269,4.28256636049983e-18,"00h","STMN3"
3.07284058119585e-22,1.15179001859133,0.598,0.164,4.60219333845702e-18,"00h","CHST9"
3.33276525124714e-22,1.27636785555255,0.717,0.281,4.99148251679285e-18,"00h","EIF4E3"
3.33890408789985e-22,1.30570456581566,0.489,0.108,5.0006766524476e-18,"00h","KCNJ2"
3.41997768669754e-22,0.914662499794807,0.967,0.785,5.12210058136691e-18,"00h","SLC35F1"
3.56623347126545e-22,0.672185772980694,0.685,0.213,5.34114786991426e-18,"00h","FRMD3"
3.56915474768373e-22,0.904892835769323,0.967,0.766,5.34552306560592e-18,"00h","KIAA1244"
3.84657290877904e-22,0.907242630287056,0.63,0.188,5.76101224547836e-18,"00h","LHPP"
3.94766332142933e-22,0.820085934507777,0.989,0.884,5.91241535650471e-18,"00h","FGD4"
4.89379041846478e-22,0.963762644375399,1,0.547,7.3294299097347e-18,"00h","EPCAM"
5.54645453267942e-22,0.503073560098778,0.989,0.967,8.30692495359396e-18,"00h","PTGIS"
5.55693460296875e-22,0.794859686175928,0.326,0.042,8.32262095486629e-18,"00h","PRR15"
6.3040800989445e-22,0.940782869490108,0.967,0.518,9.44162076418917e-18,"00h","GCA"
6.47986326028253e-22,1.01356050554415,0.815,0.335,9.70489120492515e-18,"00h","PCNXL2"
7.07724722318746e-22,0.980628076853733,0.543,0.126,1.05995931661679e-17,"00h","SNTB1"
7.94169064868068e-22,0.994089224298217,0.935,0.459,1.18942700845291e-17,"00h","PRICKLE1"
8.99156586656324e-22,0.987188418940725,0.413,0.074,1.34666681983518e-17,"00h","MOCOS"
9.96994673715897e-22,0.778513261077977,0.25,0.021,1.4931989228243e-17,"00h","FRY"
9.97134104020623e-22,1.02308034781426,0.87,0.39,1.49340774759169e-17,"00h","TUBA4A"
1.13746598885377e-21,0.75518187681005,0.293,0.033,1.70358281150629e-17,"00h","DGKK"
1.1888551541439e-21,0.893134525123393,0.935,0.506,1.78054836436132e-17,"00h","PVRL1"
1.22538871194193e-21,1.00641341238967,0.511,0.119,1.83526467387542e-17,"00h","UNC79"
1.23873733885464e-21,0.997874537743412,0.902,0.485,1.85525691240259e-17,"00h","CCDC112"
1.28265550580358e-21,0.509271255781486,1,0.892,1.92103315104202e-17,"00h","TOB1"
1.48778548231834e-21,0.86449087909666,0.946,0.592,2.22825631686818e-17,"00h","AKAP1"
1.92716054041991e-21,0.789636436898601,0.989,0.667,2.88630834138691e-17,"00h","PAWR"
1.97477898774685e-21,0.694831506267778,0.989,0.853,2.95762648994845e-17,"00h","RND2"
2.22090898373057e-21,0.790082822819466,1,0.692,3.32625538493328e-17,"00h","TRIM2"
2.33810451241217e-21,0.930582490994767,0.859,0.377,3.50177912823971e-17,"00h","KRTCAP3"
2.54895992266371e-21,0.916466326093234,0.967,0.512,3.81757727617344e-17,"00h","SYT1"
3.41126558581437e-21,0.921962601244811,0.946,0.547,5.10905246787419e-17,"00h","NAP1L3"
4.98664647125314e-21,0.921190026441499,0.88,0.526,7.46850041999583e-17,"00h","CLDN10"
5.42449385460504e-21,0.860658224086911,0.435,0.09,8.12426444604197e-17,"00h","C9orf129"
7.22968094919307e-21,0.955701914820245,0.772,0.3,1.08278931576065e-16,"00h","MT1G"
7.52602540698738e-21,0.920590298033763,0.87,0.371,1.1271728252045e-16,"00h","NKAIN1"
8.85664639572607e-21,0.639316290314284,0.989,0.841,1.32645993068789e-16,"00h","TMEM180"
8.8672554153812e-21,0.890958174842788,0.913,0.517,1.32804884356164e-16,"00h","TMEM177"
9.98415442573686e-21,0.891377925115583,0.967,0.608,1.49532680834261e-16,"00h","SORT1"
1.34966126548527e-20,0.989501235821227,0.837,0.342,2.02138767731728e-16,"00h","PRKAR2B"
1.75149888015241e-20,0.717129018790119,0.989,0.695,2.62321987280427e-16,"00h","XYLT2"
1.81016806465994e-20,0.950029048050131,0.935,0.524,2.7110887104412e-16,"00h","FOXP1"
1.84661647351495e-20,0.588656894803126,0.989,0.766,2.76567749238334e-16,"00h","PAFAH1B3"
2.09685832533673e-20,1.15495719769681,0.5,0.129,3.14046471385682e-16,"00h","CNKSR2"
2.14301918564283e-20,0.721679980397095,0.967,0.908,3.20959983433727e-16,"00h","NEDD4L"
2.51383782241495e-20,0.652837376546968,0.967,0.854,3.76497490663088e-16,"00h","JAK3"
2.94599461423104e-20,0.869427369173708,0.935,0.503,4.41221613373383e-16,"00h","ALPL"
3.12760743753351e-20,0.874699313779855,0.37,0.069,4.68421765919394e-16,"00h","TUBB4A"
3.24616862011079e-20,0.862655524257802,1,0.629,4.86178674233994e-16,"00h","FZD5"
3.57464138451689e-20,1.07113530328853,0.609,0.186,5.35374040159095e-16,"00h","SLC38A4"
3.64627974587387e-20,0.918608395789123,0.859,0.344,5.46103317539529e-16,"00h","SPINT1"
3.79738211690018e-20,0.965310898319395,0.804,0.338,5.6873391964814e-16,"00h","MPP2"
3.97959277517702e-20,0.542712404616346,0.359,0.056,5.96023609938263e-16,"00h","GPR137B"
4.19926800709329e-20,0.559110086473175,0.989,0.832,6.28924369422363e-16,"00h","TRIM26"
4.50605363042196e-20,0.513173190190827,0.989,0.844,6.74871652228296e-16,"00h","ACOT7"
6.70825354805578e-20,0.886128927254163,0.924,0.713,1.00469513389231e-15,"00h","UNC13A"
7.82871362885476e-20,0.736282911464321,0.989,0.643,1.17250644019358e-15,"00h","MFGE8"
9.24335803829354e-20,0.507804296246237,1,0.89,1.38437773339522e-15,"00h","KLHL7"
1.17927964622614e-19,0.910691639142788,0.946,0.517,1.7662071261529e-15,"00h","TJP2"
1.31423681585503e-19,0.609979266365971,0.989,0.874,1.96833247910609e-15,"00h","TRIM35"
1.7924566225024e-19,0.998450045379353,0.891,0.52,2.68456228352184e-15,"00h","ZFP62"
1.88116470708083e-19,1.13439154006559,0.457,0.105,2.81742038179495e-15,"00h","CUZD1"
1.95115840018847e-19,0.515838230954511,0.478,0.116,2.92224993596228e-15,"00h","MT1H"
2.31484076165838e-19,0.96510871505456,0.815,0.345,3.46693700873576e-15,"00h","STOX2"
2.38753468683727e-19,0.504229494988988,1,0.839,3.57581070047618e-15,"00h","MLF1IP"
3.02562691874822e-19,0.904873640855139,0.946,0.527,4.53148143620921e-15,"00h","KIAA1804"
3.6358070947969e-19,0.830625292940794,0.946,0.631,5.44534828587731e-15,"00h","SORL1"
3.90448223693399e-19,0.623850061437682,1,0.823,5.84774304625603e-15,"00h","C16orf54"
4.21748239226262e-19,0.978097320895973,0.652,0.23,6.31652337889172e-15,"00h","DTNB"
4.5961693605452e-19,0.985197115508807,0.891,0.414,6.88368285128854e-15,"00h","CALB1"
4.83730213057926e-19,0.775695507132171,0.946,0.643,7.24482740096856e-15,"00h","BBS4"
4.98528351805009e-19,0.898237709592162,0.935,0.691,7.46645912498361e-15,"00h","PPP1R9A"
5.03753281265442e-19,0.988348825994241,0.402,0.084,7.54471289351252e-15,"00h","GRB7"
5.69062609003184e-19,0.727264093781645,0.967,0.653,8.52285069504068e-15,"00h","POLR3E"
6.47413014051937e-19,1.01924866710577,0.598,0.179,9.69630471145586e-15,"00h","CALCB"
6.75330293461657e-19,0.699195444920842,0.967,0.739,1.01144218051752e-14,"00h","MTL5"
8.54684560013706e-19,0.834176955275284,0.946,0.605,1.28006106553253e-14,"00h","PPM1H"
1.05868711894517e-18,0.625642575732667,0.337,0.057,1.58559569804418e-14,"00h","PODXL2"
1.07634468683863e-18,0.754761043590049,0.978,0.799,1.61204143747821e-14,"00h","FGF2"
1.31120173059003e-18,0.705559020556819,0.978,0.826,1.96378683190469e-14,"00h","SLC41A2"
1.46078471649052e-18,0.579288783813663,1,0.824,2.18781726988785e-14,"00h","KAT7"
1.60455027476035e-18,0.842086684129346,0.326,0.051,2.40313494650857e-14,"00h","HS3ST5"
1.65798360086661e-18,1.05468671998053,0.772,0.342,2.48316203901793e-14,"00h","PLS1"
1.78934657179698e-18,0.613657335177043,0.989,0.865,2.67990436058034e-14,"00h","FAM124A"
1.89100133320527e-18,0.920973117527642,0.696,0.291,2.83215269674153e-14,"00h","HOOK2"
1.99645891932582e-18,0.653110925047679,0.989,0.688,2.99009652347428e-14,"00h","MT1X"
2.13078262910013e-18,1.09728529960698,0.467,0.122,3.19127314360326e-14,"00h","GUCA1A"
2.23896666817523e-18,0.69254693404333,0.891,0.622,3.35330037892604e-14,"00h","MYBBP1A"
2.40225044516215e-18,1.16295394341269,0.598,0.207,3.59785049171936e-14,"00h","TOX3"
2.40581783350018e-18,0.773126075887015,0.457,0.108,3.60319336923323e-14,"00h","PGBD5"
2.41962097319434e-18,0.861314151821289,0.348,0.063,3.62386633155316e-14,"00h","SYT3"
2.68296675233076e-18,0.736198076242084,0.967,0.632,4.01827930496577e-14,"00h","FAM64A"
2.72290632600853e-18,0.670913129590183,0.957,0.68,4.07809680446297e-14,"00h","C20orf27"
3.0731972523591e-18,0.526369568650751,1,0.886,4.60272752485822e-14,"00h","GABRB3"
3.11465656172457e-18,0.686399037512937,0.424,0.095,4.6648211324949e-14,"00h","RBFOX3"
3.28919669210159e-18,0.948553002000091,0.489,0.137,4.92622988576056e-14,"00h","LCTL"
3.49190915243877e-18,0.740976760215502,0.261,0.033,5.22983233760754e-14,"00h","FBXL16"
3.52227239816632e-18,1.0208783536147,0.717,0.299,5.27530737073369e-14,"00h","AIG1"
3.5994980567942e-18,0.799167048582387,0.446,0.105,5.39096823966067e-14,"00h","FCHO1"
3.6734230789928e-18,0.972710560176037,0.728,0.297,5.50168574540752e-14,"00h","PPARGC1B"
3.75352658167775e-18,0.93276706291881,0.391,0.083,5.62165676137877e-14,"00h","AIM1L"
3.86534009569317e-18,0.691602470326713,0.261,0.032,5.78911986131966e-14,"00h","ASTN1"
3.95203782562643e-18,0.654451912089988,0.326,0.056,5.9189670514407e-14,"00h","RGMA"
4.34722218849247e-18,0.922441244139571,0.88,0.443,6.51083467170517e-14,"00h","TRIB1"
4.54736599911853e-18,0.866733332442893,0.88,0.505,6.81059005687983e-14,"00h","DUSP16"
6.81148872794338e-18,0.688076495325743,0.946,0.689,1.02015666678408e-13,"00h","LSR"
7.70297838147074e-18,0.888665158426464,0.891,0.505,1.15367507219287e-13,"00h","JPH1"
7.97998860047391e-18,0.723888169375011,0.554,0.153,1.19516289269298e-13,"00h","SLC22A5"
8.21255030102504e-18,0.833747087726405,0.348,0.06,1.22999365858452e-13,"00h","TM4SF18"
8.2631217865894e-18,1.04616628114097,0.565,0.18,1.23756774997749e-13,"00h","NEFL"
8.79405181038508e-18,0.620902657603364,0.946,0.727,1.31708513964137e-13,"00h","ACBD6"
9.74727904530374e-18,0.844581335210831,0.728,0.32,1.45984998261514e-13,"00h","SERINC2"
9.95146426544561e-18,1.03985885350789,0.707,0.303,1.49043080303579e-13,"00h","IGSF1"
1.01951777911896e-17,0.543922452990007,1,0.893,1.52693177778647e-13,"00h","ATP1B2"
1.03013294898693e-17,0.602636124792755,1,0.86,1.54283011769772e-13,"00h","FAM65B"
1.05276082863328e-17,0.761216373705603,0.88,0.602,1.57671989304407e-13,"00h","DTD1"
1.07904948446967e-17,0.573328432958508,1,0.791,1.61609241289023e-13,"00h","ZFYVE21"
1.09780636263755e-17,0.790201809560905,0.359,0.069,1.64418458932225e-13,"00h","TNFRSF8"
1.21544610540724e-17,0.596484421962333,0.978,0.839,1.82037363206842e-13,"00h","SLC2A4"
1.23439902531712e-17,1.15052894503492,0.663,0.269,1.84875942021745e-13,"00h","SAMHD1"
1.29271981817534e-17,0.837345111776509,0.87,0.416,1.9361064716812e-13,"00h","ATXN7L1"
1.40217739669397e-17,0.795456192086197,0.848,0.482,2.10004108702855e-13,"00h","TNNT1"
1.41999048752151e-17,0.544248821137673,0.272,0.038,2.12671975316097e-13,"00h","RASGRP2"
1.4330532452093e-17,0.806416074535676,0.924,0.671,2.14628384534997e-13,"00h","ZNF589"
1.45473883455178e-17,1.03487621091268,0.728,0.333,2.1787623525082e-13,"00h","SYT14"
1.5696028905183e-17,0.581041062079935,0.946,0.628,2.35079424912926e-13,"00h","UPP2"
1.76752699770459e-17,0.940136225064143,0.685,0.258,2.64722518446217e-13,"00h","PKIA"
1.92905711971317e-17,0.809731455769513,0.37,0.077,2.88914884819441e-13,"00h","TRPM3"
2.12799395300757e-17,0.979370727980196,0.457,0.128,3.18709654341943e-13,"00h","PAK6"
2.16755806615084e-17,0.975226791981822,0.446,0.11,3.24635171567412e-13,"00h","ENPP5"
3.06712305986212e-17,1.23866404315326,0.511,0.165,4.59363020675549e-13,"00h","LRRTM4"
3.72339402992554e-17,1.01789700972827,0.674,0.291,5.57652723861948e-13,"00h","FSD1"
4.06220017249145e-17,0.559884441545479,0.989,0.941,6.08395719834045e-13,"00h","CDCP1"
4.37189798430822e-17,0.792605447473027,0.957,0.809,6.54779161109841e-13,"00h","C3orf70"
5.57891456141664e-17,0.581852374405448,1,0.886,8.35554033863371e-13,"00h","APBB2"
5.59861887945906e-17,0.762620758551356,0.62,0.212,8.38505149576584e-13,"00h","PHF21B"
5.66380550799666e-17,0.806348597816939,0.957,0.664,8.48268150932659e-13,"00h","ERVMER34-1"
6.03204627791114e-17,0.550773974204443,1,0.902,9.03419571042752e-13,"00h","PER2"
7.03957713384527e-17,0.963658187643214,0.87,0.542,1.05431746733601e-12,"00h","PRKAA2"
7.11884867549441e-17,0.99428670177503,0.38,0.086,1.0661899661288e-12,"00h","KHK"
7.24347063106796e-17,0.54373532528663,0.989,0.698,1.08485459641505e-12,"00h","TMEM45B"
7.55013678637249e-17,0.718096284566377,0.989,0.691,1.13078398649501e-12,"00h","FGF12"
7.83783179901585e-17,0.937895168975442,0.826,0.404,1.1738720685386e-12,"00h","TPD52"
8.21107971578343e-17,0.554119309864173,1,0.806,1.22977340903288e-12,"00h","BUB1B"
8.36899907306567e-17,0.999601038161347,0.533,0.161,1.25342499117304e-12,"00h","GNA14"
9.07118944995291e-17,0.814914456469348,0.685,0.242,1.35859204391945e-12,"00h","KLHL13"
9.09060738822425e-17,0.764318650038091,0.935,0.638,1.36150026853435e-12,"00h","SH3BGRL2"
9.25821978208471e-17,0.711571961734735,0.967,0.734,1.38660357676283e-12,"00h","STK38L"
1.0087427647993e-16,0.889887057652532,0.707,0.276,1.51079403883991e-12,"00h","RAB25"
1.0636414218171e-16,0.659637925629302,0.467,0.122,1.59301575745547e-12,"00h","NRARP"
1.18926017572392e-16,0.549445660128497,0.978,0.85,1.78115496518171e-12,"00h","SYNE2"
1.3377703120319e-16,0.942430561172744,0.554,0.176,2.00357859633017e-12,"00h","SLAIN1"
1.41918727700208e-16,0.836172483141042,0.326,0.062,2.12551678476602e-12,"00h","PPP4R4"
1.4480528077991e-16,0.524297527698805,0.978,0.832,2.16874869024072e-12,"00h","CCRN4L"
1.44980848435453e-16,0.884935072596768,0.554,0.183,2.17137816701778e-12,"00h","LOC100507421"
1.54880001589907e-16,0.832240531653788,0.804,0.45,2.31963778381204e-12,"00h","HLA-B"
1.56719555467234e-16,0.811675451616073,0.37,0.078,2.34718878223277e-12,"00h","GRIN2A"
1.90166556596225e-16,0.896680769038872,0.467,0.131,2.84812451814167e-12,"00h","PAK3"
2.01952290278728e-16,1.01281222821179,0.652,0.261,3.02463945150451e-12,"00h","GRB14"
2.12193119267051e-16,0.662694886025485,0.413,0.099,3.17801634726262e-12,"00h","ARHGAP27"
2.23461864839211e-16,1.00628730338415,0.533,0.167,3.34678834969687e-12,"00h","LRRC49"
2.49203560203766e-16,0.593125943266776,1,0.797,3.7323217211718e-12,"00h","BCL11A"
2.57695300357454e-16,0.826718043904624,0.837,0.471,3.85950251345358e-12,"00h","RNFT2"
2.74516768357448e-16,0.684472099091272,0.967,0.689,4.11143763968949e-12,"00h","FOXN2"
3.04017731386154e-16,0.730311615731849,0.967,0.652,4.55327356297043e-12,"00h","ESCO2"
3.14685920982008e-16,0.611198489430891,0.978,0.725,4.71305103854753e-12,"00h","MRPS26"
3.48142723616205e-16,0.899188868701897,0.707,0.293,5.2141335715999e-12,"00h","CARD10"
3.97222755223832e-16,0.823465728107382,0.891,0.692,5.94920520498734e-12,"00h","FREM2"
4.87666352874433e-16,1.09406533707085,0.543,0.191,7.30377896700039e-12,"00h","GPR19"
4.94733425004741e-16,0.790768243239787,0.272,0.042,7.40962250629601e-12,"00h","MAP2"
5.17263946576341e-16,0.51690100404355,1,0.863,7.74706212787385e-12,"00h","LRRN1"
6.02207305738736e-16,0.957345759286332,0.674,0.275,9.01925881804905e-12,"00h","PLXDC2"
6.66176771778107e-16,0.644866294397689,0.902,0.668,9.97732951092071e-12,"00h","BID"
6.81080032465595e-16,1.25846364452365,0.511,0.197,1.02005356462372e-11,"00h","CRYM"
9.01994163493443e-16,0.565216745309823,0.25,0.036,1.35091665866413e-11,"00h","B3GALT1"
1.40857839668529e-15,0.938184888188984,0.522,0.179,2.10962786471556e-11,"00h","CA11"
1.42926646244071e-15,0.944733649667374,0.424,0.113,2.14061238079745e-11,"00h","TAC3"
1.59789978639373e-15,0.726566867876765,0.467,0.132,2.3931745100819e-11,"00h","PPL"
1.6509854180789e-15,0.723935163466368,0.957,0.64,2.47268086065677e-11,"00h","ALG6"
1.8339793582884e-15,0.580838342763777,0.272,0.045,2.74675088490854e-11,"00h","TNNC2"
1.87076424187324e-15,0.891013638410344,0.674,0.26,2.80184360505355e-11,"00h","SEL1L3"
2.02682427593303e-15,0.634932041241912,0.967,0.704,3.03557471806491e-11,"00h","MCM2"
2.08643605468495e-15,0.638022137605013,0.978,0.709,3.12485527910165e-11,"00h","DEPDC1B"
2.14053755124775e-15,0.800168391539044,0.391,0.093,3.20588309050375e-11,"00h","SLCO4A1"
2.15838705366087e-15,0.780149529534284,0.88,0.458,3.23261629026789e-11,"00h","C7orf46"
2.17123511618467e-15,0.583971180981207,0.891,0.716,3.25185883350978e-11,"00h","C6orf108"
2.4636394936756e-15,0.605243243068606,0.424,0.111,3.68979286967795e-11,"00h","POU2F2"
2.47013439924883e-15,0.547429983937031,0.989,0.859,3.69952028975498e-11,"00h","RBM19"
2.47674205733213e-15,0.845538893608627,0.261,0.042,3.70941657926633e-11,"00h","ATP8A2"
2.74746425515672e-15,0.827461163247373,0.815,0.437,4.11487721494822e-11,"00h","ASMTL"
2.89292403237132e-15,0.801550881617324,0.359,0.081,4.33273232328252e-11,"00h","TRIM62"
2.89640163968495e-15,0.749165683441128,0.565,0.201,4.33794073575615e-11,"00h","N4BP3"
3.06483310804177e-15,0.959514128015182,0.543,0.192,4.59020054591416e-11,"00h","ATP6V0E2"
3.94304114679344e-15,0.695326433734313,0.837,0.503,5.90549272555253e-11,"00h","FAM195A"
3.99560908417514e-15,0.844841357338722,0.576,0.206,5.98422372536911e-11,"00h","CPT1C"
4.16732906207283e-15,0.676043336096504,0.283,0.048,6.24140873626648e-11,"00h","SLC8A1"
4.21886099439782e-15,0.921065358764752,0.304,0.06,6.31858811130961e-11,"00h","COL14A1"
4.22316011724181e-15,1.06691891016442,0.837,0.586,6.32502690759306e-11,"00h","LUZP2"
4.42126059981423e-15,0.977443090344482,0.359,0.084,6.62172200034177e-11,"00h","SPIN2A"
4.53635550540088e-15,0.523479807807999,1,0.877,6.7940996404389e-11,"00h","RAD54B"
4.53890561544035e-15,0.69449106238264,0.446,0.123,6.79791894024501e-11,"00h","PRODH"
4.72119702210335e-15,0.679683094515837,0.957,0.838,7.07093678000419e-11,"00h","SLC24A2"
4.89717780690492e-15,0.861566243708614,0.533,0.171,7.3345032014015e-11,"00h","CCDC160"
6.05828282629419e-15,0.840396717598546,0.75,0.348,9.07349018894081e-11,"00h","C15orf39"
6.25372607197555e-15,0.837577591051183,0.772,0.344,9.36620553799778e-11,"00h","BST2"
6.91778549066803e-15,0.858381813878203,0.609,0.225,1.03607673293735e-10,"00h","DBC1"
6.9725406316705e-15,0.716865088451351,0.685,0.288,1.04427741040529e-10,"00h","ZNF219"
7.28439601599025e-15,0.720622777582494,0.935,0.551,1.09098399131486e-10,"00h","PRSS8"
7.72192021618497e-15,0.563945990633441,0.978,0.737,1.15651199077802e-10,"00h","MRPL4"
7.96089246700239e-15,0.63826667752176,0.924,0.674,1.19230286478295e-10,"00h","CBR1"
8.10233855215089e-15,0.720718049082198,0.489,0.143,1.21348724495564e-10,"00h","ARNT2"
8.15449839688111e-15,0.649074140805879,0.88,0.511,1.22129922490088e-10,"00h","SIPA1L3"
8.22363408306395e-15,0.764491298120006,0.261,0.042,1.23165367662049e-10,"00h","NRK"
8.28409501490029e-15,0.791170767970935,0.772,0.294,1.24070891038162e-10,"00h","DCLK1"
8.44102092111381e-15,1.08187622287274,0.783,0.505,1.26421170335522e-10,"00h","DCX"
8.68801198404238e-15,0.651648279858862,0.978,0.803,1.30120355485003e-10,"00h","ROR1"
8.8240231515261e-15,0.523367277017394,1,0.913,1.32157394740406e-10,"00h","FHDC1"
9.82007736833421e-15,0.528770782845328,0.967,0.791,1.47075298745541e-10,"00h","SLC15A1"
1.08592065361486e-14,0.771530209006557,0.696,0.296,1.62638336291898e-10,"00h","HAS3"
1.11941183926706e-14,0.667638471209281,0.326,0.071,1.67654311167027e-10,"00h","FAM131B"
1.15592125922995e-14,0.716577058448464,0.543,0.201,1.7312232699487e-10,"00h","OLFM2"
1.18109370388236e-14,0.74098109506465,0.902,0.61,1.76892404030461e-10,"00h","EPHA1"
1.21047059901426e-14,0.665201812527629,0.957,0.788,1.81292181614366e-10,"00h","EFR3B"
1.21060907410601e-14,0.894336028974981,0.554,0.23,1.81312921028858e-10,"00h","KLHDC7A"
1.25616977995912e-14,0.952185191785649,0.283,0.054,1.88136547944478e-10,"00h","BTBD11"
1.34309522837467e-14,0.812068050883794,0.652,0.27,2.01155372353675e-10,"00h","C10orf82"
1.44811951546332e-14,0.617711441461195,0.957,0.749,2.16884859830941e-10,"00h","OTUD6B"
1.4724565986125e-14,0.741786246277125,0.891,0.646,2.20529824774193e-10,"00h","ZNF418"
1.51151818646165e-14,0.725584360655058,0.913,0.505,2.26380078786361e-10,"00h","PLXNB1"
1.53451786240802e-14,0.800339909774924,0.837,0.452,2.2982474025285e-10,"00h","ACAD8"
1.61284944426428e-14,0.587035215513803,1,0.766,2.41556461267462e-10,"00h","BLM"
1.692198682595e-14,0.815978839451663,0.891,0.548,2.53440596692252e-10,"00h","PDE5A"
1.6973356176329e-14,0.873439841172596,0.554,0.201,2.54209955452879e-10,"00h","MBLAC2"
1.85994579088836e-14,0.797127828608472,0.391,0.102,2.78564081101349e-10,"00h","SCGB3A2"
2.11573161754019e-14,0.713986392632825,0.957,0.781,3.16873124358995e-10,"00h","GCNT2"
2.15287541538064e-14,0.833481034416883,0.707,0.333,3.22436150961558e-10,"00h","DTX2"
2.1615505602033e-14,0.855471004767504,0.652,0.267,3.23735427401649e-10,"00h","ITPR3"
2.47839135782797e-14,0.810102825849043,0.804,0.48,3.71188673661895e-10,"00h","RNMTL1"
2.51617162920915e-14,0.830098230080793,0.424,0.119,3.76847024906655e-10,"00h","GSTO2"
2.67453955333477e-14,0.693098237979199,0.946,0.659,4.00565788902948e-10,"00h","RTKN2"
2.7818812536373e-14,0.789620647047918,0.772,0.393,4.16642355357258e-10,"00h","CD74"
2.8069164212656e-14,0.852342556018339,0.761,0.383,4.20391872412949e-10,"00h","PIEZO2"
2.8482077364367e-14,0.509602075487301,1,0.842,4.26576072686124e-10,"00h","NADKD1"
2.85246231041786e-14,0.754592220218876,0.511,0.161,4.27213280231283e-10,"00h","THBS2"
2.87492639103717e-14,0.789178358418194,0.717,0.308,4.30577725585636e-10,"00h","PIF1"
3.17593588753288e-14,0.658364411028204,0.337,0.078,4.756599178758e-10,"00h","EFCAB4A"
3.17909395973036e-14,0.923789547625686,0.304,0.065,4.76132902348817e-10,"00h","CAPN6"
3.4932780675566e-14,0.791817783004881,0.859,0.503,5.23188256177951e-10,"00h","CD47"
3.53075553147558e-14,0.580386393511923,0.348,0.08,5.28801255949098e-10,"00h","SYT7"
3.71891191919531e-14,0.688852996619953,0.913,0.608,5.56981438137882e-10,"00h","CA14"
3.79852574473738e-14,0.749710275945827,0.913,0.563,5.68905200789317e-10,"00h","ANK3"
3.92425775274858e-14,0.90701659248468,0.37,0.096,5.87736083629155e-10,"00h","PARM1"
4.12412177390403e-14,0.597426953880383,0.946,0.832,6.17669718077607e-10,"00h","SHROOM3"
4.12972141541545e-14,0.775743543457264,0.88,0.488,6.18508376386772e-10,"00h","SSX2IP"
4.23146295516938e-14,0.828836299548909,0.435,0.141,6.33746206795717e-10,"00h","NLGN3"
4.26661940592674e-14,0.765013016487842,0.848,0.498,6.39011588425648e-10,"00h","ENO2"
4.33598056957868e-14,0.503890996027427,0.967,0.788,6.49399809905798e-10,"00h","ECI2"
4.55767541414099e-14,0.527814900436053,0.989,0.877,6.82603046775896e-10,"00h","PIAS2"
4.5774547909896e-14,0.532032614012447,0.967,0.85,6.85565404046512e-10,"00h","TTI1"
4.63922539030474e-14,0.728129966856281,0.913,0.686,6.9481678670594e-10,"00h","RASSF2"
4.98203538612655e-14,0.645414536883677,0.924,0.709,7.46159439780174e-10,"00h","KEAP1"
5.18256376411181e-14,1.08474906897093,0.5,0.189,7.76192574951026e-10,"00h","ADCYAP1R1"
5.28279351895251e-14,0.612029934913537,0.978,0.763,7.91203985333517e-10,"00h","PRMT3"
5.38311706933047e-14,0.625902528389229,0.989,0.731,8.06229443473625e-10,"00h","DNA2"
5.83175871223818e-14,0.602980581524316,0.967,0.836,8.73422502331913e-10,"00h","ZSCAN2"
6.05703227443617e-14,0.562477149580805,0.989,0.779,9.07161723742305e-10,"00h","NFATC3"
6.18504967809071e-14,0.663167930623054,0.967,0.673,9.26334890287645e-10,"00h","C9orf72"
6.44362555720865e-14,0.520782471060907,0.989,0.796,9.6506179970314e-10,"00h","MAPRE2"
6.62888672698525e-14,0.684407585220591,0.837,0.47,9.9280836510058e-10,"00h","SOX13"
6.85099421072717e-14,0.951121407059033,0.261,0.048,1.02607340294061e-09,"00h","CHST4"
7.03421504665711e-14,0.818288585657486,0.587,0.233,1.05351438753784e-09,"00h","SLITRK4"
7.29128226450186e-14,0.688615701831926,0.609,0.263,1.09201534475444e-09,"00h","SYNGAP1"
7.82326702648095e-14,0.549194701774383,0.957,0.863,1.17169070255605e-09,"00h","BLOC1S3"
8.04091360518922e-14,0.765745195230837,0.913,0.617,1.20428763064919e-09,"00h","ZNF883"
8.79256737870081e-14,0.759592067291298,0.783,0.405,1.31686281630802e-09,"00h","PPAN"
8.97887391174038e-14,0.778254402975077,0.696,0.324,1.34476594576136e-09,"00h","MT1F"
9.02276112431865e-14,0.630928619512723,0.283,0.056,1.3513389335892e-09,"00h","C9orf174"
9.83910605793472e-14,0.724146599722964,0.848,0.479,1.47360291429688e-09,"00h","IMPA2"
1.00690565386131e-13,0.574556616000934,0.946,0.719,1.50804259778809e-09,"00h","MAPKAP1"
1.05166395720199e-13,0.893823116685768,0.641,0.278,1.57507710870142e-09,"00h","SFMBT1"
1.1223134139377e-13,0.836637723778237,0.674,0.303,1.68088880005449e-09,"00h","SVIP"
1.1698526220808e-13,0.852769398198047,0.804,0.434,1.75208827209041e-09,"00h","UNC5D"
1.17470502073068e-13,0.803801215631268,0.815,0.432,1.75935570954834e-09,"00h","KIAA1217"
1.20142333303991e-13,0.769655741856898,0.565,0.21,1.79937172589387e-09,"00h","SEMA4B"
1.29558892623258e-13,0.828806883856901,0.772,0.452,1.94040353481853e-09,"00h","GPR143"
1.48139615983133e-13,0.715005952569207,0.304,0.065,2.21868702857938e-09,"00h","FAM84A"
1.546257909062e-13,0.841149698417924,0.37,0.096,2.31583047040216e-09,"00h","TIMP4"
1.58173697522723e-13,0.703055992960122,0.293,0.063,2.36896746779782e-09,"00h","BSN"
1.61159994278268e-13,0.972097011695206,0.348,0.089,2.41369323430562e-09,"00h","C1orf51"
1.66019742395052e-13,0.896849354528209,0.717,0.374,2.4864776818507e-09,"00h","SLC1A3"
1.77262438225444e-13,0.702427944707314,0.837,0.503,2.65485953730247e-09,"00h","ZNF732"
1.92415849594861e-13,0.564579869907888,0.924,0.742,2.88181217938223e-09,"00h","EHMT2"
2.09208767919941e-13,0.754069258601064,0.804,0.431,3.13331971713695e-09,"00h","C12orf52"
2.1012497020825e-13,0.700532456503835,0.859,0.563,3.14704167880896e-09,"00h","HAUS7"
2.17741657724121e-13,0.679200842649449,0.946,0.673,3.26111680773416e-09,"00h","ZNF398"
2.21410374904187e-13,0.822301121421468,0.337,0.081,3.31606318494e-09,"00h","TAP1"
2.51973524120329e-13,0.731507520308849,0.88,0.532,3.77380747075016e-09,"00h","BHLHB9"
2.52049637462059e-13,0.757262165145994,0.511,0.194,3.77494742026926e-09,"00h","GNAO1"
2.6555447474742e-13,0.754194350460313,0.565,0.209,3.97720936829211e-09,"00h","NMU"
2.83639910001259e-13,0.771787756719141,0.837,0.474,4.24807493208886e-09,"00h","SLC18B1"
3.04553795792186e-13,0.609155342454967,0.283,0.059,4.56130219957958e-09,"00h","EPS8L2"
3.09529338559393e-13,0.555684822355612,0.978,0.845,4.63582090360403e-09,"00h","ZNF280B"
3.10857835147973e-13,0.786782863576472,0.283,0.06,4.65571779701120e-09,"00h","HPN"
3.35135235688031e-13,0.612341062717699,0.967,0.691,5.01932042489964e-09,"00h","NLRP2"
3.42506162595492e-13,0.837101658679531,0.674,0.312,5.12971479719269e-09,"00h","NSUN7"
3.52177287333353e-13,0.75075186255367,0.859,0.509,5.27455923239163e-09,"00h","PHLPP1"
3.71415741082634e-13,0.769931624400252,0.88,0.497,5.56269355419462e-09,"00h","CEP70"
3.74412346334884e-13,0.650704650995685,0.467,0.15,5.60757371105755e-09,"00h","RTN4R"
3.98881799399011e-13,0.78800655138615,0.413,0.12,5.97405270959899e-09,"00h","CXXC4"
4.70008228336414e-13,0.515694881243342,0.967,0.742,7.03931323579448e-09,"00h","LPHN1"
5.34687231153567e-13,0.789033113719026,0.38,0.101,8.00801066098697e-09,"00h","TSPAN2"
5.42573694822392e-13,0.667210120368588,0.924,0.587,8.12612622735496e-09,"00h","CBX2"
5.54572984838346e-13,0.814848117036249,0.674,0.32,8.30583959392391e-09,"00h","SEPT3"
5.7501722030019e-13,0.581455343130481,0.978,0.731,8.61203290843595e-09,"00h","CCDC138"
5.82472519697737e-13,0.581817227675901,0.946,0.773,8.723690927513e-09,"00h","MARVELD2"
6.18396404018012e-13,0.726116911856395,0.837,0.491,9.26172294297776e-09,"00h","ZNF574"
6.29262508988231e-13,0.700153436972089,0.935,0.619,9.42446459711673e-09,"00h","DSCC1"
7.66963130524193e-13,0.947182787444607,0.543,0.216,1.14868068058608e-08,"00h","RAB38"
7.78388468199638e-13,0.555625179901786,0.522,0.167,1.1657924088226e-08,"00h","RPP25"
8.11299751731386e-13,0.760448169420007,0.848,0.48,1.2150836381681e-08,"00h","PALB2"
8.24637907569554e-13,0.63890960635041,0.924,0.622,1.23506019416692e-08,"00h","USP36"
8.29197322117945e-13,0.670733241069547,0.935,0.629,1.24188882933605e-08,"00h","PRIM1"
9.22667855606037e-13,0.823735101789786,0.511,0.215,1.38187964734116e-08,"00h","PRKCB"
1.02777933802218e-12,0.696665449607102,0.641,0.254,1.53930511455582e-08,"00h","P2RY1"
1.05037237469058e-12,0.899552805074794,0.598,0.269,1.57314270557408e-08,"00h","ESRP2"
1.15250619911154e-12,0.818808233411319,0.772,0.438,1.72610853440935e-08,"00h","WDR67"
1.23130853657426e-12,0.76775556822064,0.685,0.317,1.84413079522726e-08,"00h","SNX10"
1.29581783342312e-12,0.843956033986925,0.38,0.111,1.94074636911781e-08,"00h","SLC4A11"
1.36042400118899e-12,0.560168181095627,0.315,0.075,2.03750702658075e-08,"00h","MYH14"
1.37631350380107e-12,0.724299829109929,0.511,0.182,2.06130473464286e-08,"00h","ZNF880"
1.58804321402035e-12,0.562420059700592,0.25,0.048,2.37841232163828e-08,"00h","TTYH1"
1.76667551183808e-12,0.788664497303039,0.707,0.372,2.6459499140799e-08,"00h","MYO1E"
1.7751896273035e-12,0.553132959963079,0.88,0.688,2.65870150481245e-08,"00h","ISYNA1"
1.77772723684899e-12,0.639398474069608,0.978,0.901,2.66250208262873e-08,"00h","ST6GAL2"
1.91950157214449e-12,0.660342287397646,0.935,0.541,2.8748375046008e-08,"00h","JAKMIP2"
2.07397644483248e-12,0.638818981864828,0.935,0.616,3.10619452142561e-08,"00h","CDCA2"
2.1607107052989e-12,0.861299006138526,0.359,0.098,3.23609642332617e-08,"00h","PRSS16"
2.17723876384506e-12,0.845786473756993,0.685,0.345,3.26085049661074e-08,"00h","CAMKMT"
2.44180592046621e-12,0.636657971933983,0.935,0.751,3.65709272708224e-08,"00h","PCDH11X"
2.47972405471247e-12,0.663660254145992,0.848,0.559,3.71388271674287e-08,"00h","MLST8"
2.58813895827909e-12,0.882821997237631,0.5,0.2,3.87625571781459e-08,"00h","C14orf159"
2.61519862077845e-12,0.688008418121497,0.88,0.604,3.91678297433988e-08,"00h","ERRFI1"
2.63753261367329e-12,0.728599177711985,0.804,0.47,3.95023259549848e-08,"00h","SAMD12"
2.64494361633238e-12,0.690252909286146,0.37,0.104,3.96133205418101e-08,"00h","C7orf41"
2.65248710547603e-12,0.718609492920885,0.837,0.529,3.97262993787146e-08,"00h","WDFY2"
2.66123854186466e-12,0.657950248538592,0.848,0.596,3.9857369641507e-08,"00h","DNAJC11"
2.69296908189371e-12,0.704366899024996,0.88,0.545,4.03325979395221e-08,"00h","FASTKD3"
2.85506070590902e-12,0.610797401755851,0.946,0.626,4.27602441923994e-08,"00h","SDC1"
3.00328278463094e-12,0.919109433496297,0.424,0.138,4.49801662654176e-08,"00h","EAF2"
3.03142526297116e-12,0.711047665185998,0.641,0.291,4.54016561635191e-08,"00h","SPDYA"
3.10666569319693e-12,0.729308028546439,0.87,0.568,4.65285320870104e-08,"00h","ZNF607"
3.16276636835640e-12,0.624799246198456,0.935,0.782,4.73687518988739e-08,"00h","IDO1"
3.60864251062378e-12,0.828278302176596,0.761,0.459,5.40466388816123e-08,"00h","ERCC6L"
3.68481182669065e-12,0.602349851003068,0.902,0.706,5.51874267283459e-08,"00h","RRM2B"
3.89293485807145e-12,0.653941591640078,0.967,0.661,5.83044853693361e-08,"00h","TMEM47"
3.91526443708086e-12,0.780510712479894,0.609,0.288,5.863891547416e-08,"00h","PRKAR1B"
4.12685972846719e-12,0.765366044168418,0.772,0.438,6.1807978153253e-08,"00h","WWP2"
4.14630952625448e-12,0.714891069246333,0.37,0.107,6.20992777747133e-08,"00h","OGDHL"
4.18736089616746e-12,0.601406403546551,0.598,0.252,6.27141041419e-08,"00h","CNFN"
4.54816963074989e-12,0.832015296753444,0.761,0.435,6.81179365597412e-08,"00h","THAP9"
4.56002807852317e-12,0.686415385290231,0.457,0.165,6.82955405320416e-08,"00h","TCEAL3"
4.78834657326496e-12,0.629910049138378,0.946,0.643,7.17150666277893e-08,"00h","LRIG1"
5.28750248135637e-12,0.564939027282132,0.935,0.736,7.91909246632743e-08,"00h","POR"
5.56761272374619e-12,0.672862221861382,0.88,0.568,8.33861357635467e-08,"00h","EGR1"
5.62192653950749e-12,0.877608748791851,0.402,0.131,8.41995937822037e-08,"00h","ZNF311"
5.73610820842502e-12,0.668085838659192,0.739,0.345,8.59096926375816e-08,"00h","KIF21B"
6.44258918654357e-12,0.536857881770954,0.967,0.782,9.64906582468631e-08,"00h","MED14"
7.56078769727548e-12,0.641698645575525,0.924,0.58,1.13237917342095e-07,"00h","FBXO3"
7.59990156848228e-12,0.523158269423072,0.989,0.802,1.13823725791159e-07,"00h","ETV1"
7.78001403411919e-12,0.747856029604439,0.435,0.155,1.16521270189003e-07,"00h","CADM2"
8.04056776019168e-12,0.779544498256116,0.478,0.168,1.20423583344391e-07,"00h","GABRA5"
8.05561419233072e-12,0.801820161539606,0.696,0.356,1.20648933758537e-07,"00h","MARS2"
8.14398024897191e-12,0.567576302837694,0.348,0.095,1.21972392188852e-07,"00h","ARHGEF4"
8.42241562650441e-12,0.754883987317255,0.63,0.285,1.26142518838157e-07,"00h","ARHGEF19"
8.52518505313422e-12,0.804677794028665,0.533,0.224,1.27681696540791e-07,"00h","ADAM23"
9.25988985875165e-12,0.579722001572234,0.957,0.668,1.38685370414523e-07,"00h","NSMCE4A"
9.35634622505429e-12,0.859108086873592,0.457,0.167,1.40129997412638e-07,"00h","PCLO"
9.84353712943269e-12,0.539038928860281,0.967,0.674,1.47426655587513e-07,"00h","TMEM55A"
1.00627412332099e-11,0.564400242645312,0.967,0.694,1.50709675449785e-07,"00h","SNUPN"
1.03534619372753e-11,0.802363850341871,0.587,0.263,1.55063799434573e-07,"00h","PPAP2B"
1.04827624992787e-11,0.824255366783582,0.457,0.161,1.57000333951697e-07,"00h","PRUNE2"
1.10898294975547e-11,0.690292023708424,0.859,0.509,1.66092376384877e-07,"00h","RANBP17"
1.12091262872713e-11,0.711403553251711,0.641,0.284,1.67879084404462e-07,"00h","FAM160A1"
1.1523056117256e-11,0.749835496125863,0.272,0.065,1.72580811468143e-07,"00h","ACAP1"
1.21441666079205e-11,0.584434158455601,0.913,0.766,1.81883183286826e-07,"00h","POLR1B"
1.22001717639419e-11,0.53504301836844,0.967,0.725,1.82721972508558e-07,"00h","NUP35"
1.22492922520995e-11,0.593855542449097,0.902,0.671,1.83457650059694e-07,"00h","SCO1"
1.41124239028723e-11,0.689058013659837,0.793,0.486,2.11361772793318e-07,"00h","THOP1"
1.42865133487781e-11,0.512207127534536,0.913,0.718,2.13969110424649e-07,"00h","TSR2"
1.43633743733337e-11,0.791607997266677,0.685,0.348,2.15120257989418e-07,"00h","LGALS3BP"
1.52939678046428e-11,0.623669949730207,0.859,0.55,2.29057755810135e-07,"00h","SAPCD2"
1.54856479772926e-11,0.608888212695775,0.424,0.134,2.31928549755911e-07,"00h","TTLL7"
1.56201227517277e-11,0.767530153838996,0.652,0.296,2.33942578452625e-07,"00h","EPB41L4B"
1.60720316524509e-11,0.569646981266277,0.272,0.059,2.40710818058757e-07,"00h","LPL"
1.63701921221428e-11,0.738424355350293,0.554,0.24,2.45176367413332e-07,"00h","SPC24"
1.65061606633844e-11,0.534928289333866,0.989,0.743,2.47212768255508e-07,"00h","FBXO5"
1.70498608409571e-11,0.746277863722385,0.804,0.464,2.55355765815015e-07,"00h","OSBPL10"
1.71897815196659e-11,0.653310493489968,0.739,0.344,2.57451357820036e-07,"00h","BEND4"
1.84354179406941e-11,0.654914754306898,0.924,0.587,2.76107254497775e-07,"00h","AKAP2"
1.8735982558615e-11,0.741251490314353,0.804,0.523,2.80608810780376e-07,"00h","ZNF512"
1.97439322608741e-11,0.530284982438409,0.989,0.751,2.95704873471111e-07,"00h","SKA3"
2.06541780824353e-11,0.635275992345578,0.924,0.601,3.09337625140633e-07,"00h","URB2"
2.11322282299848e-11,0.584223116643433,0.522,0.198,3.16497382200482e-07,"00h","ALDH4A1"
2.13466952249067e-11,0.713754069457028,0.902,0.574,3.19709454383428e-07,"00h","ANO5"
2.13522032480091e-11,0.618681502390404,0.489,0.179,3.19791948045432e-07,"00h","KBTBD11"
2.24093179610479e-11,0.764928805646998,0.707,0.38,3.35624355102614e-07,"00h","PLA2G16"
2.27600105607468e-11,0.63765485673658,0.87,0.575,3.40876678168304e-07,"00h","GCDH"
2.46834889097156e-11,0.648153757795489,0.391,0.125,3.69684613400811e-07,"00h","DPYSL4"
2.55537593629317e-11,0.834959638737179,0.402,0.146,3.82718653978628e-07,"00h","PPM1N"
2.77237217307816e-11,0.518705128800233,0.978,0.776,4.15218180361916e-07,"00h","ABLIM1"
2.80067130012433e-11,0.924394073905263,0.424,0.15,4.19456540619621e-07,"00h","EFEMP1"
2.87057111842951e-11,0.532394261665177,0.957,0.743,4.29925436407187e-07,"00h","CPNE8"
3.01056018865574e-11,0.759927305834296,0.37,0.114,4.5089159945497e-07,"00h","TRIL"
3.3652441960105e-11,0.896698623578081,0.424,0.152,5.04012623236492e-07,"00h","SLC25A21"
3.44195783589688e-11,0.596973101128015,0.293,0.072,5.15502025082276e-07,"00h","TMEM132D"
3.48181925411578e-11,0.643444903307226,0.772,0.356,5.2147206968892e-07,"00h","RGS16"
3.586360660567e-11,0.581039095633943,0.989,0.661,5.37129236133119e-07,"00h","RIMS2"
3.83137541798879e-11,0.506200452038732,0.946,0.701,5.73825096352182e-07,"00h","IMP4"
3.99288702538333e-11,0.683931889657452,0.75,0.48,5.98014689791661e-07,"00h","GRM4"
4.38751630606803e-11,0.581858054565674,0.283,0.069,6.57118317159809e-07,"00h","PLEKHF1"
4.46089042115661e-11,0.819386990641369,0.793,0.571,6.68107558376626e-07,"00h","SCN9A"
4.93746452835572e-11,0.832697028348744,0.696,0.411,7.39484062411837e-07,"00h","FIG4"
5.66608694461576e-11,0.606071868456441,0.728,0.38,8.48609841695103e-07,"00h","HIST1H2BD"
6.12632283879873e-11,0.814171316563476,0.565,0.26,9.17539371566886e-07,"00h","C16orf45"
6.1425750012062e-11,0.740716146024058,0.511,0.209,9.19973457930653e-07,"00h","TCEAL2"
6.28710823688361e-11,0.57100126589015,0.946,0.682,9.41620200638058e-07,"00h","WDR35"
6.44678290435398e-11,0.618527242527199,0.924,0.757,9.65534675585096e-07,"00h","UBE2D4"
6.46533838037101e-11,0.570117121450087,0.946,0.71,9.68313729228167e-07,"00h","FAM135A"
7.33279680083239e-11,0.565971803275635,0.935,0.701,1.09823297686067e-06,"00h","ITPR2"
7.38844819812574e-11,0.672664114249122,0.783,0.467,1.10656788663329e-06,"00h","ASRGL1"
8.20150953758101e-11,0.524115950063619,0.946,0.734,1.22834008344351e-06,"00h","TRUB1"
8.52117008407768e-11,0.617956198571926,0.837,0.563,1.27621564349231e-06,"00h","ZDHHC12"
9.03269399614139e-11,0.566002862271533,0.935,0.682,1.3528265798021e-06,"00h","TLE1"
9.10083570172436e-11,0.597532686840015,0.902,0.638,1.36303216304726e-06,"00h","CIT"
9.20167189438082e-11,0.541441993129282,0.283,0.069,1.37813439962141e-06,"00h","FABP6"
9.65639105084125e-11,0.740209716715881,0.5,0.197,1.44623768768449e-06,"00h","SLC43A1"
9.71437557907035e-11,0.777549332263742,0.576,0.272,1.45492203047737e-06,"00h","FABP3"
1.01553998440309e-10,0.589682824216696,0.946,0.61,1.52097423464051e-06,"00h","TBC1D14"
1.04953508607839e-10,0.629179632283972,0.826,0.511,1.57188869841961e-06,"00h","TFE3"
1.08598658281667e-10,0.571958427320436,0.989,0.652,1.62648210508452e-06,"00h","KIAA0528"
1.15183895321224e-10,0.724010733915301,0.717,0.42,1.72510920022597e-06,"00h","C1orf54"
1.15521373540442e-10,0.541939162166127,0.913,0.707,1.7301636115152e-06,"00h","OSBPL1A"
1.16001551173312e-10,0.519913592184299,0.652,0.296,1.7373552319227e-06,"00h","ATP9A"
1.23822868655162e-10,0.709793207342168,0.739,0.393,1.85449510384836e-06,"00h","NDUFC2-KCTD14"
1.24478465448369e-10,0.507910506765657,0.924,0.766,1.86431397702022e-06,"00h","PLEKHG4B"
1.26646086193954e-10,0.801322138931536,0.598,0.308,1.89677843292686e-06,"00h","BCL2L1"
1.36546279443131e-10,0.593612220274536,0.815,0.494,2.04505362721978e-06,"00h","TNKS1BP1"
1.36710077976767e-10,0.561092163465867,0.913,0.688,2.04750683785805e-06,"00h","PET117"
1.44081667654684e-10,0.551678087324091,0.913,0.623,2.15791113646421e-06,"00h","LYSMD1"
1.51905987395657e-10,0.603224247382485,0.902,0.64,2.27509597322476e-06,"00h","TADA1"
1.5227226858782e-10,0.861209321171628,0.565,0.258,2.28058176663978e-06,"00h","TEX15"
1.8137793716635e-10,0.529462393391551,0.62,0.279,2.71649736494043e-06,"00h","ARHGAP23"
1.8283064394213e-10,0.590777840098567,0.924,0.77,2.73825455432129e-06,"00h","PARP14"
2.11104931539657e-10,0.538334072166604,0.261,0.062,3.16171855966945e-06,"00h","TRIM46"
2.24056963993164e-10,0.563344311729995,0.761,0.392,3.35570114972562e-06,"00h","NOVA1"
2.25488316915655e-10,0.86208145752874,0.511,0.228,3.37713852244576e-06,"00h","LOXL3"
2.42671816417621e-10,0.672206143103838,0.728,0.47,3.63449579448672e-06,"00h","DBNDD1"
2.44151391422201e-10,0.753139051356455,0.37,0.119,3.6566553893303e-06,"00h","C17orf104"
2.4741930617118e-10,0.603210620488027,0.761,0.489,3.70559894852577e-06,"00h","IFT27"
2.49995544826066e-10,0.608981681040121,0.478,0.194,3.74418327485999e-06,"00h","GMDS"
2.60777490650212e-10,0.595021542477759,0.924,0.587,3.90566447746823e-06,"00h","GSPT2"
2.7855727707245e-10,0.620532732286699,0.576,0.249,4.17195233871408e-06,"00h","RAPGEF5"
2.97668251537866e-10,0.691708114874954,0.848,0.674,4.45817740328262e-06,"00h","RRAGD"
3.06451627139926e-10,0.624806617982983,0.75,0.447,4.58972601967468e-06,"00h","PYCARD"
3.11232363524772e-10,0.527222992808746,0.989,0.766,4.66132710851051e-06,"00h","TTK"
3.143560221818e-10,0.654632315775376,0.837,0.574,4.70811014421682e-06,"00h","RAD54L"
3.2516943440242e-10,0.508396414664785,0.63,0.27,4.87006261904505e-06,"00h","ZNF615"
3.28991932297275e-10,0.675487290046433,0.783,0.557,4.92731217001629e-06,"00h","TACC2"
3.41132223358265e-10,0.695971022062083,0.337,0.105,5.10913730923673e-06,"00h","SP110"
3.42716234307269e-10,0.635384779734498,0.859,0.607,5.13286104121997e-06,"00h","GMCL1"
3.72409370755548e-10,0.715709442818058,0.467,0.177,5.57757514580584e-06,"00h","ZNF256"
3.72718165430012e-10,0.668767190826333,0.609,0.296,5.58219996364529e-06,"00h","ZNF668"
3.89421557763168e-10,0.713010716219148,0.728,0.5,5.83236667061897e-06,"00h","ACACB"
4.19860676820543e-10,0.529169670821508,0.88,0.661,6.28825335674128e-06,"00h","PTRF"
4.50557437690595e-10,0.647279291366329,0.815,0.613,6.74799874429205e-06,"00h","EMB"
4.96941085674814e-10,0.702211095595381,0.598,0.285,7.44268664015168e-06,"00h","CDC42EP2"
4.98939896747662e-10,0.627610108645513,0.804,0.556,7.47262283358973e-06,"00h","CCDC77"
5.15337412237518e-10,0.529842800783138,0.598,0.275,7.71820842308131e-06,"00h","ZNF512B"
5.25559648080145e-10,0.633532588161799,0.685,0.326,7.87130684929633e-06,"00h","C9orf125"
5.75223923332928e-10,0.601604383431531,0.891,0.586,8.61512869975726e-06,"00h","NXT2"
5.88156811551534e-10,0.569824590604497,0.88,0.673,8.80882456660733e-06,"00h","ARL4A"
6.04755908492848e-10,0.651119184474209,0.652,0.363,9.05742924149738e-06,"00h","FBN3"
6.1750047864279e-10,0.62165002791489,0.772,0.474,9.24830466863306e-06,"00h","TUBGCP6"
6.23953062782043e-10,0.591863738689622,0.293,0.083,9.34494502128666e-06,"00h","GLS2"
6.35173886128957e-10,0.871880328467593,0.511,0.234,9.5129992925534e-06,"00h","HENMT1"
6.50698900497598e-10,0.521548281681765,0.913,0.797,9.74551743275253e-06,"00h","RMI1"
7.02332379409306e-10,0.663431278204599,0.913,0.707,1.05188320464132e-05,"00h","ITGB8"
7.28356855274024e-10,0.609650007516385,0.391,0.132,1.09086006214391e-05,"00h","ADAM22"
7.46632404307946e-10,0.632660408082284,0.859,0.697,1.11823135193201e-05,"00h","MYO5A"
7.72453543481383e-10,0.665866563220086,0.804,0.578,1.15690367207207e-05,"00h","ATG4C"
8.03168750130697e-10,0.606066708420559,0.87,0.721,1.20290583707075e-05,"00h","GCAT"
8.20722267469127e-10,0.735701864419646,0.413,0.156,1.22919573998851e-05,"00h","SERPINF1"
8.75360022411717e-10,0.581576498791199,0.391,0.132,1.31102670556603e-05,"00h","RALGPS1"
8.78608030035107e-10,0.610039416558899,0.25,0.062,1.31589124658358e-05,"00h","ATP2A3"
8.87723050421978e-10,0.709059770811942,0.446,0.171,1.329542812617e-05,"00h","HSPA2"
9.61064456041161e-10,0.555306122123694,0.946,0.679,1.43938623581285e-05,"00h","KLHL12"
9.717890996273e-10,0.757062175657797,0.402,0.153,1.45544853451181e-05,"00h","NRXN1"
1.07049304747217e-09,0.82409566858077,0.435,0.168,1.60327743719908e-05,"00h","GRAMD3"
1.08419162766247e-09,0.530711821509703,0.891,0.662,1.62379380075009e-05,"00h","PCK2"
1.08760683129525e-09,0.71807334240709,0.62,0.344,1.62890875123089e-05,"00h","GLYATL1"
1.11263440137806e-09,0.571968150746926,0.913,0.613,1.66639254294392e-05,"00h","SDC2"
1.11683617334756e-09,0.692913753169035,0.63,0.308,1.67268553682264e-05,"00h","CDS1"
1.15060577943472e-09,0.550476175637475,0.75,0.39,1.72326227585938e-05,"00h","GLCE"
1.20601457282402e-09,0.720977424172481,0.772,0.485,1.80624802571854e-05,"00h","LGALSL"
1.25220131476775e-09,0.545033597616409,0.913,0.563,1.87542190912767e-05,"00h","RRP12"
1.26727077747438e-09,0.604771200951019,0.826,0.583,1.89799144342338e-05,"00h","CPVL"
1.26898444070718e-09,0.684380351660737,0.554,0.251,1.90055799684715e-05,"00h","ZNF57"
1.40320640112664e-09,0.542421309869106,0.804,0.554,2.10158222696736e-05,"00h","C9orf16"
1.40362795255598e-09,0.573819244901036,0.891,0.629,2.10221358454309e-05,"00h","TOM1L1"
1.41941957763865e-09,0.594199261211175,0.848,0.541,2.12586470142941e-05,"00h","PGAP2"
1.43732289041638e-09,0.543697972001405,0.924,0.677,2.15267849297661e-05,"00h","KDM4A"
1.45016703845306e-09,0.735864271746197,0.37,0.132,2.17191517349114e-05,"00h","LIPT2"
1.47574461030461e-09,0.874868041531941,0.402,0.159,2.21022270285321e-05,"00h","C1orf114"
1.54322841654307e-09,0.597646243241462,0.859,0.595,2.31129319945655e-05,"00h","DNMBP"
1.65360618944295e-09,0.621832352037107,0.761,0.435,2.47660598992871e-05,"00h","ARL4C"
1.67723433807663e-09,0.55059038444897,0.902,0.671,2.51199386813737e-05,"00h","NUDT11"
1.80391067476054e-09,0.638402556344948,0.478,0.213,2.70171701758887e-05,"00h","NBEAL2"
1.80943162273877e-09,0.540655110411269,0.652,0.369,2.70998574137585e-05,"00h","FLJ45513"
1.81314769957756e-09,0.514748405174839,0.913,0.818,2.71555130965731e-05,"00h","PIPOX"
1.89838738425624e-09,0.626374507697707,0.75,0.482,2.84321478540058e-05,"00h","SYMPK"
1.94070293996879e-09,0.544517439505292,0.935,0.695,2.90659079319126e-05,"00h","NDC80"
1.97064465085013e-09,0.572522640505061,0.783,0.577,2.95143449357824e-05,"00h","NTHL1"
2.04000554021366e-09,0.580270763646263,0.837,0.607,3.055316297578e-05,"00h","C1orf109"
2.18305190345873e-09,0.577330132593094,0.424,0.164,3.26955683581015e-05,"00h","MMP25"
2.18391687284756e-09,0.713816056681161,0.598,0.296,3.27085230046378e-05,"00h","LRRC1"
2.23579661318256e-09,0.617043452274633,0.783,0.551,3.34855258756352e-05,"00h","LRRC37A3"
2.25079211083581e-09,0.840626007827612,0.293,0.087,3.37101134439879e-05,"00h","NKX3-1"
2.2625668384749e-09,0.642762164906396,0.761,0.446,3.38864635398386e-05,"00h","MYLIP"
2.29565713709887e-09,0.609710470470214,0.815,0.512,3.43820569423297e-05,"00h","WDR54"
2.36660170405681e-09,0.865559836029709,0.576,0.302,3.54445937216589e-05,"00h","ZNF616"
2.3713403783e-09,0.644714395895614,0.663,0.362,3.55155648457991e-05,"00h","DEDD2"
2.47240964077051e-09,0.635085049302548,0.804,0.473,3.70292791898199e-05,"00h","TMEM106C"
2.61359057642506e-09,0.558766337326645,0.848,0.554,3.91437460631181e-05,"00h","SCAP"
2.69772459938512e-09,0.64291355759597,0.565,0.266,4.04038213249909e-05,"00h","AR"
2.7812787694485e-09,0.514575424168604,0.848,0.626,4.16552121300302e-05,"00h","SURF2"
2.84176584338324e-09,0.663690033420792,0.772,0.506,4.25611270363508e-05,"00h","FAM173B"
3.00072383459525e-09,0.552475300098672,0.902,0.619,4.49418408707331e-05,"00h","CHN1"
3.06193331904008e-09,0.665832435499303,0.587,0.276,4.58585753192632e-05,"00h","HS6ST2"
3.10430927773164e-09,0.684522713252923,0.326,0.108,4.64932400525868e-05,"00h","VSIG10L"
3.15414985580808e-09,0.598320617656218,0.793,0.503,4.72397023904377e-05,"00h","FAM216A"
3.20021470727319e-09,0.671094215129972,0.587,0.315,4.79296156708305e-05,"00h","WDR62"
3.4222988793351e-09,0.594971948862841,0.804,0.498,5.12557703158018e-05,"00h","ZNF8"
3.74032196623607e-09,0.632997056511438,0.75,0.444,5.60188020883176e-05,"00h","CHAC2"
3.80785394005691e-09,0.72725194689685,0.261,0.072,5.70302284602323e-05,"00h","HSD17B6"
3.89054414562515e-09,0.593231797805867,0.674,0.35,5.82686796690279e-05,"00h","ARHGEF10L"
4.16016678452512e-09,0.72780490203359,0.587,0.305,6.23068179318327e-05,"00h","DTX4"
4.2024317439418e-09,0.55336628649114,0.87,0.56,6.29398202290164e-05,"00h","TSPAN13"
4.26066618762779e-09,0.659410534093856,0.772,0.465,6.38119974921014e-05,"00h","C2orf44"
4.28312046176879e-09,0.619801229362401,0.75,0.554,6.41482951559111e-05,"00h","MED22"
4.399753922016e-09,0.753689068992152,0.674,0.464,6.58951144900336e-05,"00h","GDPD2"
4.40282468593673e-09,0.839316468886552,0.446,0.195,6.59411053212744e-05,"00h","PARS2"
4.4242569576297e-09,0.65621520635016,0.717,0.431,6.62620964544201e-05,"00h","TTC5"
4.59599785747994e-09,0.642960199366361,0.717,0.42,6.88342599114771e-05,"00h","DHX35"
4.79125902231900e-09,0.620935937759467,0.891,0.776,7.17586863772716e-05,"00h","PRKCA"
5.27795252314911e-09,0.614815944276319,0.435,0.176,7.90478949392042e-05,"00h","DLGAP1"
5.61999346452052e-09,0.573631643191763,0.859,0.485,8.41706421181239e-05,"00h","TMEM132B"
5.86204054294696e-09,0.642152618747772,0.565,0.282,8.77957812117166e-05,"00h","CC2D1A"
5.96040381942468e-09,0.627181945869987,0.576,0.273,8.92689680035235e-05,"00h","TBC1D8"
6.11776725633211e-09,0.704474239585164,0.478,0.212,9.1625800198086e-05,"00h","STC2"
6.22635651758075e-09,0.722219966807547,0.62,0.327,9.32521415638069e-05,"00h","TDRKH"
6.89861304725386e-09,0.672538746919832,0.522,0.239,0.000103320527608721,"00h","CHAC1"
7.29985281432564e-09,0.58183826163388,0.793,0.476,0.000109329895600155,"00h","LRRC8D"
7.37413249046364e-09,0.6905058884188,0.609,0.357,0.000110442382309674,"00h","ASPSCR1"
7.77208357291903e-09,0.764877364611842,0.641,0.395,0.000116402495671608,"00h","MIPEP"
8.06911399709243e-09,0.589100159000498,0.587,0.291,0.000120851120334453,"00h","COG8"
8.73103035002362e-09,0.55161835534934,0.826,0.608,0.000130764641552304,"00h","USP19"
8.7747221931622e-09,0.650413328391815,0.348,0.12,0.00013141901428699,"00h","RAB3C"
9.14710874826712e-09,0.793671888368015,0.38,0.167,0.000136996247722797,"00h","NMNAT2"
9.33227291564034e-09,0.831441023610249,0.315,0.105,0.000139769451457545,"00h","STEAP1"
9.4004220142365e-09,0.662696523107398,0.272,0.081,0.00014079012050722,"00h","ADAMTS20"
9.41780648553361e-09,0.664299174215119,0.728,0.458,0.000141050487733837,"00h","LDOC1L"
9.6800421549849e-09,0.761361957603375,0.598,0.333,0.000144977991355209,"00h","DOCK5"
9.68587045859727e-09,0.595889413685469,0.761,0.559,0.000145065281858411,"00h","MFSD10"
9.69960316309745e-09,0.565448417122008,0.761,0.533,0.000145270956573711,"00h","SCLY"
9.79076131300517e-09,0.601144620894009,0.826,0.568,0.000146636232184878,"00h","POLQ"
1.04504215059453e-08,0.645290718120706,0.663,0.387,0.000156515962894543,"00h","HLA-DPB1"
1.11849299614922e-08,0.74567615792233,0.522,0.257,0.000167516696033268,"00h","CREB3L4"
1.15033269143762e-08,0.518626560128541,0.815,0.586,0.000172285327196613,"00h","FKBP1B"
1.15786305097552e-08,0.514762770518838,0.859,0.634,0.000173413149144604,"00h","WDR18"
1.15835226596588e-08,0.633415238087659,0.696,0.431,0.000173486418873709,"00h","ECSIT"
1.21682897831763e-08,0.516394560040512,0.935,0.826,0.000182244476082632,"00h","ZNF519"
1.23146992081711e-08,0.722804885349948,0.435,0.179,0.000184437250040779,"00h","PCDHA12"
1.26422413970873e-08,0.555175726474457,0.87,0.586,0.000189342849404176,"00h","DCK"
1.29824140095744e-08,0.680787950951402,0.826,0.661,0.000194437614621396,"00h","CXorf23"
1.32290006867399e-08,0.594432438119768,0.25,0.071,0.000198130743285304,"00h","ADCY5"
1.37846502810649e-08,0.508836313235124,0.935,0.617,0.000206452707259509,"00h","UNC13B"
1.40708883895403e-08,0.653057257964682,0.283,0.087,0.000210739695410145,"00h","CACNA2D3"
1.42096350011684e-08,0.640439231414185,0.402,0.167,0.000212817703412499,"00h","B3GAT1"
1.44740777977421e-08,0.656029856937393,0.38,0.141,0.000216778263176783,"00h","KCTD8"
1.52608508337709e-08,0.667818958195637,0.62,0.351,0.000228561762937387,"00h","SYT2"
1.53159635412121e-08,0.718351283457421,0.5,0.228,0.000229387185956734,"00h","KCND2"
1.60833068643664e-08,0.763510598100965,0.457,0.206,0.000240879686907616,"00h","SLC2A12"
1.86140351077764e-08,0.565439415745312,0.598,0.311,0.000278782403809167,"00h","C21orf56"
1.90919393373443e-08,0.585414664587462,0.685,0.408,0.000285939975455405,"00h","IKZF4"
1.94943757528658e-08,0.680243155350041,0.467,0.206,0.000291967265650671,"00h","C1orf226"
1.98281062714262e-08,0.694750781703922,0.587,0.303,0.000296965547627151,"00h","SOGA2"
2.02313310180857e-08,0.513555911399948,0.783,0.571,0.00030300464465787,"00h","SYT13"
2.07819331674931e-08,0.569904773270933,0.739,0.524,0.000311251013049544,"00h","CHCHD6"
2.14504996354479e-08,0.621979224308203,0.739,0.428,0.000321264133040103,"00h","UPRT"
2.24529344639248e-08,0.594808423880701,0.261,0.078,0.000336277599466202,"00h","GLB1L2"
2.25948680448374e-08,0.635128854235978,0.522,0.252,0.00033840333870753,"00h","CHST10"
2.27412802587716e-08,0.741679362512012,0.478,0.225,0.000340596154435623,"00h","ZFAND4"
2.33416144960581e-08,0.605912968059044,0.739,0.447,0.000349587360307462,"00h","LIMK2"
2.36844050923949e-08,0.61353826162017,0.489,0.225,0.000354721335068798,"00h","DNAH11"
2.49338489636486e-08,0.569089595377918,0.457,0.197,0.000373434255928565,"00h","CARD11"
2.52316195155684e-08,0.662060695941207,0.63,0.39,0.000377893965484668,"00h","C16orf59"
2.58185552049872e-08,0.697826446568721,0.522,0.266,0.000386684501305093,"00h","PKN1"
2.62440273736856e-08,0.565097420758796,0.837,0.596,0.000393056797975689,"00h","PTPN4"
2.88493097702324e-08,0.70084315960418,0.424,0.18,0.000432076112428771,"00h","S100A16"
2.98310425921545e-08,0.523133400415929,0.402,0.159,0.000446779524902697,"00h","CAMSAP3"
3.01654272648838e-08,0.715438403987248,0.478,0.23,0.000451787604146165,"00h","CTSH"
3.12605518682202e-08,0.611921430122937,0.37,0.143,0.000468189285330334,"00h","CADPS"
3.20809521307795e-08,0.592327083330737,0.739,0.515,0.000480476420062684,"00h","MIIP"
3.4072338709988e-08,0.617423567106505,0.707,0.438,0.00051030141685949,"00h","C15orf42"
3.43240539158144e-08,0.603607904253649,0.609,0.317,0.000514071355497152,"00h","PLEKHO2"
3.4973168698168e-08,0.687430365247821,0.554,0.296,0.000523793147592462,"00h","SH2D4A"
3.52244605774432e-08,0.706548016805694,0.478,0.224,0.000527556746068367,"00h","PLA2G3"
3.54455678282251e-08,0.557867748165281,0.772,0.536,0.000530868269363327,"00h","PSMC3IP"
3.66084695096618e-08,0.571490120834298,0.804,0.568,0.000548285047846205,"00h","EXO1"
3.77909237748608e-08,0.53603624479293,0.37,0.147,0.000565994665376091,"00h","CDK18"
3.80059526820197e-08,0.59267307163215,0.772,0.497,0.000569215153318609,"00h","TCN2"
3.84321166143144e-08,0.652403423853957,0.467,0.219,0.000575597810532587,"00h","JPH3"
4.16062058413181e-08,0.590902671496705,0.467,0.2,0.000623136144885422,"00h","EPHX3"
4.18183657162625e-08,0.537114632076294,0.783,0.563,0.000626313663332464,"00h","INTS1"
4.1976385703316e-08,0.665123960478155,0.315,0.114,0.000628680328678564,"00h","CLYBL"
4.37967816366659e-08,0.581402396916666,0.609,0.306,0.000655944398572346,"00h","HSPBAP1"
4.40353668350177e-08,0.528970925906285,0.837,0.58,0.00065951768908806,"00h","CYBA"
4.54390602151952e-08,0.554768233305125,0.75,0.503,0.000680540804842978,"00h","GRAMD1A"
4.59154209694555e-08,0.621688872311537,0.761,0.491,0.000687675259859535,"00h","MTERF"
4.78813088722901e-08,0.51292255304495,0.804,0.653,0.000717118362980289,"00h","NGLY1"
4.80981151616463e-08,0.647547133647154,0.348,0.131,0.000720365470775977,"00h","INA"
5.16252325856043e-08,0.521017207000736,0.63,0.35,0.000773191108434596,"00h","SPHK2"
5.29113997172259e-08,0.634828510725636,0.707,0.468,0.000792454033564892,"00h","ZNF691"
5.41164197063636e-08,0.680441859614785,0.467,0.218,0.000810501617942207,"00h","TMEM178"
5.45726717059878e-08,0.508772273452727,0.891,0.599,0.000817334904140579,"00h","DCUN1D3"
5.52972171846886e-08,0.538401866028883,0.576,0.3,0.000828186421775081,"00h","FCGRT"
5.72949006384863e-08,0.509410194021617,0.87,0.67,0.000858105726862609,"00h","ZNF317"
6.39086576318635e-08,0.622847892424292,0.511,0.254,0.00095715996535242,"00h","APBA2"
6.77473263175112e-08,0.523238623475939,0.87,0.569,0.00101465170625737,"00h","CDC25C"
6.83911573058158e-08,0.608918358528322,0.261,0.081,0.0010242943629692,"00h","ZNF488"
7.17766836076903e-08,0.70270694733208,0.576,0.362,0.00107499939039238,"00h","STXBP2"
7.33468479698216e-08,0.607597802771452,0.696,0.39,0.00109851574204402,"00h","EDIL3"
7.56493833833477e-08,0.513590157623909,0.413,0.171,0.0011330008149324,"00h","ZNF496"
7.76297980821278e-08,0.59583815701107,0.685,0.437,0.00116266148587603,"00h","RMND5B"
8.35532583792777e-08,0.511708543172474,0.913,0.742,0.00125137715074644,"00h","MET"
8.51528007628461e-08,0.521868381016103,0.511,0.243,0.00127533349702515,"00h","RAPGEFL1"
8.64882634857175e-08,0.576570578303565,0.685,0.413,0.00129533472222559,"00h","FAM102A"
9.2931244607355e-08,0.735373165422799,0.576,0.336,0.00139183125048436,"00h","STK33"
9.43227829831869e-08,0.576161717406559,0.739,0.449,0.00141267232073919,"00h","ZNF586"
9.5487334792737e-08,0.641169204122946,0.707,0.473,0.00143011381319082,"00h","HACE1"
9.6828083590339e-08,0.548239393895578,0.761,0.548,0.00145019420793251,"00h","CHTF18"
1.00756021689057e-07,0.675841448177604,0.424,0.192,0.001509022936837,"00h","HAPLN4"
1.15273020190168e-07,0.804381151779905,0.359,0.15,0.00172644402338814,"00h","MTMR7"
1.15955173146714e-07,0.725982197497137,0.5,0.26,0.00173666062821834,"00h","MFSD2A"
1.19036024799633e-07,0.524555054015593,0.435,0.194,0.0017828025434241,"00h","SPEG"
1.26587362400259e-07,0.567346597840485,0.728,0.455,0.00189589892666868,"00h","KIAA1211"
1.35858633908598e-07,0.577005923370877,0.761,0.521,0.00203475476004907,"00h","EARS2"
1.39534183453761e-07,0.57733363074019,0.652,0.374,0.00208980346558697,"00h","RSAD1"
1.40638472605417e-07,0.661513618593841,0.533,0.273,0.00210634240421132,"00h","SYNJ2"
1.45260904152208e-07,0.554807552677372,0.75,0.48,0.00217557256148762,"00h","PASK"
1.52806034115215e-07,0.579083245708284,0.696,0.514,0.00228857597294358,"00h","TOP1MT"
1.55398418989828e-07,0.549346315837465,0.761,0.479,0.00232740212121065,"00h","RCL1"
1.68107289948923e-07,0.532702865346521,0.641,0.383,0.00251774288156501,"00h","SNAPC4"
1.71085165884887e-07,0.591167387743518,0.511,0.257,0.00256234252945795,"00h","TRIM25"
1.83966005121892e-07,0.616838000707463,0.565,0.309,0.00275525885871057,"00h","ARHGEF5"
1.92103913786808e-07,0.606815059501155,0.435,0.197,0.00287714031678502,"00h","PLEKHG3"
1.9663667319875e-07,0.606485538673031,0.467,0.23,0.00294502745449768,"00h","HEATR7A"
1.99309956680547e-07,0.634414356611419,0.315,0.119,0.00298506522120455,"00h","THBS4"
2.00078864383018e-07,0.517584935694295,0.804,0.589,0.00299658115186446,"00h","METTL1"
2.03659583825152e-07,0.618222720180021,0.424,0.195,0.00305020958694929,"00h","SLC37A1"
2.10463537944443e-07,0.511746943590083,0.859,0.611,0.00315211240779392,"00h","ANKRD28"
2.12984386390864e-07,0.722572314646866,0.359,0.146,0.00318986715497597,"00h","C5orf54"
2.3140908661813e-07,0.672363199420089,0.641,0.35,0.00346581389027973,"00h","MAGEE1"
2.33001221414495e-07,0.526344354589002,0.837,0.551,0.00348965929312489,"00h","RAVER2"
3.17316864737555e-07,0.501124194420826,0.859,0.593,0.00475245468317436,"00h","HEPH"
3.28385522413844e-07,0.545274047367965,0.652,0.399,0.00491822996919214,"00h","PKMYT1"
3.33410135641304e-07,0.637153150716254,0.75,0.572,0.00499348360149981,"00h","SLC18A2"
3.33721320368999e-07,0.73706442298266,0.413,0.194,0.00499814421516649,"00h","AKAP7"
3.40204130114621e-07,0.64544114136119,0.391,0.17,0.00509523725672667,"00h","ZNF643"
3.52107518088708e-07,0.519978673229307,0.576,0.291,0.00527351429841459,"00h","ERC2"
3.63260752281858e-07,0.547123617875885,0.772,0.509,0.00544055628692539,"00h","ARMCX5"
3.68318880026105e-07,0.63383416412635,0.326,0.129,0.00551631186615097,"00h","EPHX2"
3.7004155106166e-07,0.649742830746801,0.402,0.185,0.00554211231025048,"00h","ETNK2"
3.92698509744026e-07,0.673842508709995,0.38,0.164,0.00588144558043628,"00h","KLKB1"
4.18520567658859e-07,0.504951457872657,0.859,0.592,0.00626818254182672,"00h","KIF18A"
4.20641429948124e-07,0.537671890824918,0.576,0.302,0.00629994669633306,"00h","ZNF510"
4.29455910997941e-07,0.525205262542298,0.543,0.278,0.00643196117901616,"00h","CADPS2"
4.31335067882966e-07,0.707738238056362,0.315,0.125,0.00646010531168318,"00h","MATN2"
4.3514035733517e-07,0.521455085196104,0.75,0.459,0.00651709713180884,"00h","SLC43A3"
4.38459595218618e-07,0.608817981521899,0.446,0.21,0.00656680935758925,"00h","PRKCQ"
5.14776623991631e-07,0.572811952545301,0.62,0.384,0.00770980949752265,"00h","SNX8"
5.20621101777877e-07,0.540199050076286,0.75,0.599,0.00779734224132726,"00h","KIAA0146"
5.51394902935172e-07,0.594745351869266,0.63,0.378,0.00825824146126007,"00h","ZNF300"
5.83262022121866e-07,0.679834351398528,0.478,0.243,0.00873551530531919,"00h","ARHGAP18"
6.48926402349526e-07,0.630661532746414,0.63,0.408,0.00971897072798886,"00h","DUS4L"
6.57186135999254e-07,0.600131677827838,0.435,0.207,0.00984267675886082,"00h","LMO7"
7.07918443969235e-07,0.598737460749115,0.663,0.47,0.0106024945353272,"00h","CCDC115"
7.44892966022715e-07,0.5282851123657,0.696,0.464,0.0111562619521222,"00h","C19orf25"
7.86490621354445e-07,0.610146937200361,0.685,0.44,0.0117792700360255,"00h","ZNF559"
8.15993179959525e-07,0.593136159954999,0.707,0.515,0.0122211298562538,"00h","LRRC37A"
8.68692535750673e-07,0.669795863281284,0.446,0.234,0.0130104081079378,"00h","LPAR4"
8.89202203122977e-07,0.501308647434707,0.815,0.62,0.0133175813961728,"00h","PGM2"
8.98163961897845e-07,0.673320511215162,0.402,0.188,0.013451801657344,"00h","GAS2L3"
9.12110660526606e-07,0.543048012528285,0.62,0.342,0.013660681362707,"00h","OLFML3"
9.37143936062643e-07,0.504193703051883,0.587,0.329,0.0140356047304102,"00h","PDZD4"
9.92959178793194e-07,0.535730932881426,0.696,0.434,0.0148715496207857,"00h","NLE1"
1.10289390745913e-06,0.566775076923137,0.674,0.441,0.0165180420520154,"00h","AMT"
1.12095021979294e-06,0.548055188484026,0.565,0.315,0.0167884714418389,"00h","C19orf46"
1.21865898942412e-06,0.603688637744005,0.391,0.176,0.018251855684605,"00h","SOGA3"
1.39844611684931e-06,0.511543296137515,0.543,0.314,0.0209445274920522,"00h","YDJC"
1.40148018768087e-06,0.53185420021023,0.326,0.131,0.0209899687708963,"00h","RHOH"
1.45221679378759e-06,0.526028660812848,0.728,0.474,0.0217498509205567,"00h","E2F7"
1.60284298458191e-06,0.511459836702095,0.587,0.329,0.0240057793800833,"00h","APH1B"
1.60295821823922e-06,0.644276398234765,0.467,0.245,0.0240075052345688,"00h","MNS1"
1.60892898238799e-06,0.702364018119279,0.467,0.249,0.0240969293692249,"00h","NAP1L2"
1.66031249517767e-06,0.602693298841968,0.5,0.266,0.024866500240276,"00h","CDO1"
1.78338462018731e-06,0.630653118642141,0.293,0.116,0.0267097514565454,"00h","RHEBL1"
1.7899880363232e-06,0.641872718110531,0.478,0.257,0.0268086508200126,"00h","SLC25A12"
1.96645510422959e-06,0.556844675781696,0.609,0.429,0.0294515980960466,"00h","VAV2"
2.00344126608159e-06,0.610956817790605,0.413,0.212,0.030005539842104,"00h","PPIP5K1"
2.12984409100006e-06,0.504888645624761,0.761,0.56,0.0318986749509079,"00h","ALDOC"
2.24195344545456e-06,0.673940029950346,0.293,0.122,0.0335777367525729,"00h","SLC13A3"
2.25115681899463e-06,0.522961430878031,0.315,0.128,0.0337155756780826,"00h","KCNS3"
2.40902148051533e-06,0.632099400787033,0.304,0.125,0.036079914713678,"00h","GLT8D2"
2.51070825484574e-06,0.645513492164735,0.457,0.248,0.0376028775328246,"00h","KLHDC4"
2.61268428887592e-06,0.51135415326576,0.348,0.149,0.0391301725944947,"00h","FGF19"
2.64898422527634e-06,0.551745787291086,0.609,0.365,0.0396738367419638,"00h","MBNL1"
2.74391140601866e-06,0.514115041082671,0.598,0.353,0.0410955611279414,"00h","IGHMBP2"
2.82084683754573e-06,0.538533392354501,0.261,0.102,0.0422478230859225,"00h","RARRES1"
3.00871935880773e-06,0.542402389748725,0.359,0.165,0.0450615898368634,"00h","HMHA1"
3.05241221752445e-06,0.528633516193739,0.543,0.32,0.0457159777818636,"00h","MFSD3"
3.41920869042527e-06,0.604742569206089,0.652,0.461,0.0512094885564993,"00h","ALDH6A1"
3.43098183966944e-06,0.518351499862062,0.739,0.532,0.0513858150127292,"00h","COQ3"
3.46286426496696e-06,0.600260391158746,0.554,0.341,0.0518633180964101,"00h","C17orf70"
3.5669166955064e-06,0.506375433578103,0.641,0.398,0.0534217113485993,"00h","TMEM63A"
3.79526550959155e-06,0.519020391361048,0.522,0.308,0.0568416915371527,"00h","ZNF646"
4.16595132017556e-06,0.525015080214434,0.467,0.24,0.0623934529222694,"00h","THTPA"
4.22908876908155e-06,0.528983310616934,0.663,0.461,0.0633390624945343,"00h","SARS2"
5.00928683885534e-06,0.514840741946948,0.641,0.423,0.0750240889855365,"00h","C10orf35"
5.86998136493846e-06,0.626815452541149,0.293,0.129,0.0879147109026833,"00h","GCK"
5.92061924633818e-06,0.504346767390305,0.348,0.155,0.0886731144524069,"00h","EPHB1"
6.72648244838803e-06,0.609495064791823,0.5,0.281,0.100742527629508,"00h","KCTD12"
7.07270957918922e-06,0.507567196808562,0.663,0.485,0.105927971367517,"00h","FAHD2B"
7.96226106799202e-06,0.571120255318827,0.315,0.14,0.119250784015316,"00h","ABAT"
8.01765837505393e-06,0.537970826564448,0.467,0.258,0.120080469483183,"00h","ZNF878"
8.40480605366647e-06,0.642468124943761,0.261,0.104,0.125878780265763,"00h","TSPAN7"
8.65753627459808e-06,0.566329216213869,0.315,0.137,0.129663920784655,"00h","KCTD14"
9.1926736635705e-06,0.541073896437608,0.63,0.407,0.137678673459295,"00h","METTL21D"
9.26138307504105e-06,0.514609015357244,0.565,0.332,0.13870773431489,"00h","CCDC15"
1.10501669991509e-05,0.622629344345663,0.598,0.438,0.165498351146284,"00h","TUBE1"
1.10776832193451e-05,0.523404843990041,0.641,0.434,0.165910461576132,"00h","MKS1"
1.2047864717871e-05,0.763768558445148,0.478,0.294,0.180440869879554,"00h","CD83"
1.21675226159757e-05,0.552319717738252,0.598,0.39,0.182232986219469,"00h","ZNF836"
1.24751959047748e-05,0.500245600836853,0.696,0.536,0.186841009065813,"00h","SHKBP1"
1.3469377107502e-05,0.504833759841649,0.641,0.476,0.201730860939058,"00h","PDCD2L"
1.40927563285708e-05,0.526067088169813,0.652,0.458,0.211067211533005,"00h","SCCPDH"
1.53717785459537e-05,0.567061664979931,0.63,0.435,0.230223127282748,"00h","DCLRE1A"
1.62130693589654e-05,0.509195152465677,0.565,0.338,0.242823139789225,"00h","SCHIP1"
1.62808198347603e-05,0.549554159104285,0.315,0.15,0.243837838665205,"00h","SNCG"
1.91246193447329e-05,0.565832397750207,0.565,0.374,0.286429423926065,"00h","CEP250"
1.96538218025367e-05,0.585354480914284,0.533,0.33,0.294355289136592,"00h","ALKBH8"
2.02040863291268e-05,0.517042811156459,0.554,0.335,0.302596600951332,"00h","C11orf1"
2.11198198957246e-05,0.564490686007416,0.511,0.303,0.316311542578267,"00h","FAM21A"
2.21767061481691e-05,0.578050687658003,0.435,0.242,0.332140527981129,"00h","MOCS1"
2.29492675983746e-05,0.547485305774988,0.5,0.284,0.343711180820856,"00h","LXN"
2.3142329447926e-05,0.532746490798407,0.598,0.401,0.346602668141587,"00h","SPIN2B"
2.41468138415766e-05,0.533210513846731,0.533,0.342,0.361646830905292,"00h","TSEN54"
2.59229708192952e-05,0.502584617433126,0.391,0.189,0.388248333960585,"00h","VAT1L"
3.0177610216921e-05,0.561653790674175,0.609,0.432,0.451970068218826,"00h","GORAB"
3.41855424159602e-05,0.500006171786991,0.359,0.177,0.511996868763836,"00h","STXBP5L"
3.8196237509067e-05,0.67052471202084,0.446,0.281,0.572065049173297,"00h","SH3YL1"
3.96568094443795e-05,0.57403959758128,0.609,0.444,0.593940035048472,"00h","ZNF18"
4.31152035694622e-05,0.50287690434652,0.37,0.186,0.645736403859835,"00h","SOX9"
4.39131225068431e-05,0.503673039686356,0.326,0.159,0.657686835784989,"00h","LYSMD4"
4.74219106460082e-05,0.563563380351687,0.337,0.165,0.710237955745264,"00h","SLC27A2"
4.96364929554758e-05,0.534149850753959,0.348,0.18,0.743405754994161,"00h","TMEM37"
5.08099999032231e-05,0.548633332509809,0.598,0.419,0.760981368550572,"00h","MDM1"
5.15212275134449e-05,0.584549329045449,0.348,0.177,0.771633424468864,"00h","C1orf74"
5.27851445538347e-05,0.548671626253757,0.609,0.423,0.790563109982783,"00h","GK"
6.19733700960735e-05,0.501507372169873,0.359,0.189,0.928175163928892,"00h","CXCL5"
7.88982530547063e-05,0.532638164933855,0.38,0.209,1,"00h","C20orf94"
8.03421686353133e-05,0.568666711767752,0.261,0.117,1,"00h","ATL1"
9.48420661956186e-05,0.557661248393843,0.554,0.401,1,"00h","ZSCAN21"
9.55233662098961e-05,0.516901250322338,0.315,0.155,1,"00h","MN1"
9.83902177826939e-05,0.500353181695172,0.272,0.122,1,"00h","C12orf66"
0.000104971633685357,0.698424207401063,0.337,0.183,1,"00h","PRICKLE2"
0.000109436435437521,0.543440265163134,0.826,0.764,1,"00h","SYNPO2"
0.000122442298503736,0.510843768392159,0.63,0.446,1,"00h","PRMT10"
0.000126944541915145,0.555958160483981,0.478,0.311,1,"00h","TMCO7"
0.0001355642837427,0.506625964922899,0.609,0.456,1,"00h","CCDC91"
0.000170962291727789,0.52301880847461,0.293,0.147,1,"00h","CYTL1"
0.000217059950812801,0.563999366597981,0.457,0.291,1,"00h","SGK1"
0.000288784299194685,0.510611904797991,0.489,0.32,1,"00h","XYLT1"
0.000401771227028472,0.518958958434685,0.304,0.167,1,"00h","HLA-DMA"
0.00041088311271125,0.523843766179357,0.38,0.234,1,"00h","GALK1"
0.000452558675718275,0.522051944371737,0.293,0.158,1,"00h","OTUB2"
0.000521657855718733,0.500979845501498,0.457,0.293,1,"00h","RWDD2B"
0.000578413282532644,0.51766406048835,0.641,0.55,1,"00h","SUOX"
0.00068137418445338,0.550804050991078,0.37,0.221,1,"00h","ZNF10"
0.000868747127420075,0.552509903606138,0.37,0.233,1,"00h","KBTBD3"
0.001003468896227,0.51181327480676,0.315,0.176,1,"00h","BCHE"
0.00106178343709118,0.51434250134029,0.272,0.146,1,"00h","HSPA4L"
0.00115126886237954,0.525681289341008,0.359,0.224,1,"00h","TPD52L1"
0.00121589327495591,0.521220771741027,0.413,0.282,1,"00h","SLC29A3"
0.00181899863292893,0.516088289796236,0.424,0.294,1,"00h","KBTBD4"
4.09112776764604e-64,1.65275688252157,0.961,0.155,6.12728205760348e-60,"12h","GLIPR1L1"
3.21707706096217e-57,1.66038904347735,0.98,0.255,4.81821631420304e-53,"12h","CLDN7"
2.97630289333415e-55,1.28253412248758,0.931,0.238,4.45760884334656e-51,"12h","POU5F1B"
1.04741871307012e-52,1.70352357120327,0.931,0.23,1.56871900656511e-48,"12h","ANXA3"
7.45498450814073e-51,1.52229900905546,0.902,0.181,1.11653302978424e-46,"12h","TFAP2A"
7.41002927613317e-48,1.12421928430171,1,0.64,1.10980008468647e-43,"12h","SFRP2"
5.7357670727268e-47,1.47552816568228,0.99,0.386,8.59045834482293e-43,"12h","ID1"
7.92790978966578e-47,1.3282092882403,0.48,0.034,1.18736304919824e-42,"12h","PCDH8"
1.09341497154966e-46,0.629888469402811,1,0.992,1.63760760288993e-42,"12h","POU5F1"
1.42405610857202e-46,1.68917782643174,0.735,0.133,2.13280883380832e-42,"12h","VAT1L"
6.27821081444337e-44,1.49520089044128,0.882,0.261,9.40287633679183e-40,"12h","HAS3"
4.32137070650492e-43,1.45360055705886,0.951,0.259,6.47211690713242e-39,"12h","DCLK1"
8.31434611834056e-41,0.632984651538444,1,0.849,1.24523961814386e-36,"12h","ASNS"
9.7514976610287e-41,0.750979640669593,1,0.805,1.46048180469227e-36,"12h","ID2"
1.58115228346059e-40,1.40599912894121,0.99,0.357,2.36809177493892e-36,"12h","PROM1"
4.63041824470893e-40,0.564716832349906,1,0.956,6.93497740510057e-36,"12h","PODXL"
5.03177445467443e-40,0.604181475309693,1,0.918,7.53608860076589e-36,"12h","GPC4"
2.67755373675629e-39,1.261479121728,0.882,0.218,4.0101722315399e-35,"12h","SCNN1A"
8.63414530410732e-39,0.65114633903706,1,0.854,1.29313594219615e-34,"12h","MRS2"
2.26722215260807e-38,0.869417462322466,0.363,0.02,3.3956186179611e-34,"12h","HOXD1"
8.28845693607856e-38,1.15169654423239,1,0.54,1.24136219531649e-33,"12h","EPCAM"
1.63342328954757e-37,1.10104873980079,1,0.852,2.4463780607554e-33,"12h","NANOG"
3.10407718367488e-37,1.20342908742586,0.863,0.192,4.64897639798987e-33,"12h","SOX2"
3.17398574270709e-37,0.771588581956237,1,0.822,4.75367844685242e-33,"12h","KAT7"
1.08951458673076e-36,0.532009786715448,1,0.918,1.63176599654665e-32,"12h","SEPHS1"
3.57132357575384e-36,0.778973712719849,1,0.974,5.34877131940653e-32,"12h","CDH1"
5.60689582165336e-36,1.09981705725598,0.5,0.061,8.39744787209024e-32,"12h","KCNG3"
6.12627678855127e-36,1.36920455340816,0.647,0.128,9.17532474621324e-32,"12h","ZDHHC23"
1.6242231827325e-35,0.644705946809266,1,0.886,2.43259906077846e-31,"12h","SEMA6A"
2.98501763477372e-35,1.2006215463203,0.99,0.434,4.4706609116006e-31,"12h","CYP2S1"
3.04931809812052e-35,0.515472554440808,1,0.931,4.5669637155551e-31,"12h","RBPMS2"
5.89171641661463e-35,1.26154429467411,0.392,0.034,8.82402367716374e-31,"12h","GREM1"
6.15201423484021e-35,1.24772847989355,0.657,0.133,9.21387171952018e-31,"12h","THBS2"
1.46631845713109e-34,1.40826276530137,0.725,0.189,2.19610515324524e-30,"12h","CBLN1"
1.59402791196035e-34,1.21874444012549,1,0.55,2.38737560374302e-30,"12h","PTPRZ1"
5.31102436513236e-34,1.03292905780931,0.961,0.698,7.95432119165874e-30,"12h","NPM3"
1.43258229037439e-33,0.691455325473175,0.99,0.826,2.14557849629372e-29,"12h","MAGOH"
1.70127665582359e-33,1.28802197523023,0.824,0.23,2.548002047427e-29,"12h","SEL1L3"
2.5523081665599e-33,0.941057510317291,0.471,0.056,3.82259194105676e-29,"12h","FZD10"
4.13030649024653e-33,1.37132179093736,0.882,0.331,6.18596003044222e-29,"12h","VSNL1"
5.87699374730361e-33,0.600764136479155,1,0.963,8.80197353533662e-29,"12h","ALDH3A2"
8.31329715782021e-33,0.814982157593358,1,0.701,1.24508251532673e-28,"12h","CD9"
1.53651762067297e-32,1.13989959338488,0.922,0.503,2.30124244048191e-28,"12h","GDF3"
1.83539176307939e-32,1.24200062840374,0.931,0.37,2.748866243564e-28,"12h","GLDC"
4.94314509715207e-32,0.976196716712674,0.402,0.043,7.40334841200465e-28,"12h","RIMS4"
6.03842756546432e-32,1.22438900062499,0.882,0.287,9.04375296479592e-28,"12h","AP1M2"
1.21469582141687e-31,1.14277046512311,0.98,0.366,1.81924993173604e-27,"12h","ADD2"
4.30560146625496e-31,0.773492026648946,1,0.771,6.44849931601005e-27,"12h","SLC7A5"
4.71045753140547e-31,1.26220939081162,0.863,0.305,7.05485224478597e-27,"12h","ID4"
7.92751596795275e-31,1.31352049835256,0.814,0.265,1.18730406652028e-26,"12h","EPB41L4B"
1.64296938647526e-30,0.807479250173129,0.99,0.782,2.460675250124e-26,"12h","BMPR1A"
4.59703548308536e-30,0.556731167988477,1,0.887,6.88498004301694e-26,"12h","ZFP36L2"
6.44786544782546e-30,1.15538030443523,0.971,0.29,9.6569680812082e-26,"12h","ESRP1"
1.04934654987714e-29,1.08933428941291,0.833,0.239,1.57160632775099e-25,"12h","GRHL2"
4.52943997203814e-29,1.23855602334991,0.784,0.252,6.78374224612152e-25,"12h","PMEL"
1.22943319075907e-28,0.685416727227642,1,0.78,1.84132208979985e-24,"12h","PPIAL4G"
1.23367010391577e-28,0.976022420342396,0.961,0.642,1.84766771463465e-24,"12h","MFGE8"
3.06552686844193e-28,1.30421407003912,0.696,0.207,4.59123959086548e-24,"12h","DOK5"
4.95366456761303e-28,0.933656346970219,0.99,0.794,7.41910342291403e-24,"12h","FGF2"
6.38356623250412e-28,0.706828539099525,0.941,0.845,9.56066714642142e-24,"12h","SDHC"
1.25270515797272e-27,1.13086173515514,0.863,0.335,1.87617651509574e-23,"12h","SPINT1"
1.66094999159425e-27,0.974558979524985,0.461,0.075,2.48760480241071e-23,"12h","CDX2"
2.18659993486553e-27,0.988264946529839,0.608,0.131,3.2748707224481e-23,"12h","GALNT3"
9.46854435616843e-27,1.15922900994415,0.873,0.331,1.41810388822335e-22,"12h","LECT1"
9.94743372065781e-27,1.10015861262512,0.892,0.38,1.48982714834292e-22,"12h","TUBA4A"
2.42311235104422e-26,1.28397206326111,0.539,0.12,3.62909536815893e-22,"12h","SNTB1"
3.26373414878402e-26,0.860157689306788,1,0.634,4.88809463463383e-22,"12h","PMAIP1"
3.38626255431956e-26,1.15469945413231,0.892,0.407,5.0716054276044e-22,"12h","CALB1"
4.49657859842497e-26,0.972451014862787,0.902,0.325,6.73452576686107e-22,"12h","STOX2"
7.07457822042058e-26,0.920587292817512,0.598,0.14,1.05955958007239e-21,"12h","FILIP1L"
1.21382660297664e-25,0.905239908977472,0.333,0.037,1.81794810327811e-21,"12h","GRHL3"
1.50399991616981e-25,0.937047844087504,0.422,0.067,2.25254067444753e-21,"12h","GPR50"
2.67471259398061e-25,0.882168318122031,1,0.608,4.00591705200476e-21,"12h","NODAL"
2.76501357920984e-25,1.07525001988033,0.892,0.337,4.14116083758258e-21,"12h","ITGA6"
3.51987964227342e-25,0.942151050485824,0.353,0.043,5.2717237402329e-21,"12h","FAM19A4"
4.90430601573127e-25,0.965263986243101,0.451,0.081,7.34517911976073e-21,"12h","AFF2"
6.34716560852872e-25,0.912224214056677,0.902,0.569,9.50614993189347e-21,"12h","SUPT4H1"
8.07325726072591e-25,1.15871534096565,0.49,0.098,1.20913173993892e-20,"12h","ENPP5"
1.17890482682778e-24,1.02526517439408,0.696,0.206,1.76564575913996e-20,"12h","DBC1"
1.90423516984327e-24,0.952603172490533,0.951,0.509,2.85197301387427e-20,"12h","CLDN10"
3.4834905673021e-24,1.02566955736843,0.843,0.325,5.21722382264835e-20,"12h","DACT1"
3.90475935727996e-24,1.15974159136778,0.686,0.212,5.8481580893982e-20,"12h","C9orf135"
8.7337212029115e-23,0.585354611544862,1,0.889,1.30804942456006e-18,"12h","AK4"
3.20665744071378e-22,1.00322759520209,0.745,0.264,4.80261084895702e-18,"12h","RAB25"
3.77897892451719e-22,0.898002549542884,0.961,0.459,5.6597767352494e-18,"12h","CRABP1"
5.07203415094916e-22,0.897898305944939,0.853,0.595,7.59638554787656e-18,"12h","PLSCR3"
9.49493690410971e-22,0.827010915352715,1,0.634,1.42205670012851e-17,"12h","POLR3G"
1.24468176271309e-21,0.873575362428382,0.363,0.058,1.86415987601539e-17,"12h","EBF3"
1.42684525575696e-21,1.06215604972303,0.608,0.18,2.13698613954721e-17,"12h","C1orf226"
1.82634170755183e-21,0.58484938161465,0.98,0.8,2.73531197540038e-17,"12h","SRM"
1.94257315491475e-21,0.539987231882633,0.99,0.832,2.90939181411582e-17,"12h","UNG"
2.53105641941624e-21,1.02965332769216,0.745,0.274,3.7907631993597e-17,"12h","SOGA2"
2.58712714373329e-21,0.903532487866219,0.618,0.175,3.87474032316935e-17,"12h","FABP7"
2.73688031174295e-21,0.679188668279435,0.99,0.77,4.09902564289742e-17,"12h","CDC14B"
2.98536944691418e-21,0.768043698655025,0.294,0.035,4.47118782064337e-17,"12h","DNAJC12"
7.45568379860502e-21,0.96470152242167,0.902,0.718,1.11663776251707e-16,"12h","NPFFR2"
2.0374074004518e-20,0.842403998911107,0.971,0.616,3.05142506365665e-16,"12h","LRP4"
4.83130545540186e-20,0.954655912024032,0.578,0.172,7.23584618055536e-16,"12h","ITGB1BP3"
7.08616557761298e-20,0.996535075305333,0.598,0.198,1.0612950185591e-15,"12h","ISOC2"
1.1625158364878e-19,0.674524964062769,0.971,0.758,1.74109996830777e-15,"12h","SLC7A3"
1.64963747201042e-19,0.68889209934309,0.284,0.038,2.47066204183001e-15,"12h","FGF18"
2.42573718058851e-19,0.827060472222767,0.951,0.591,3.63302657536742e-15,"12h","SLC6A8"
2.98940091593308e-19,0.656522375297097,0.441,0.093,4.47722575179298e-15,"12h","SEMA3C"
3.51573985885756e-19,0.546938763706914,0.98,0.841,5.26552358661097e-15,"12h","PEA15"
3.67586351322887e-19,1.2121762071645,0.588,0.216,5.50534078376287e-15,"12h","HTR7"
6.07679370163406e-19,0.890447444354641,0.784,0.32,9.10121392693733e-15,"12h","CYR61"
8.99779687877364e-19,0.871588904086537,0.559,0.16,1.34760003853393e-14,"12h","RIT2"
9.49568715797504e-19,0.629237625287934,0.99,0.758,1.42216906564992e-14,"12h","SLC2A1"
1.27820976327886e-18,0.805171977829787,0.569,0.154,1.91437476246275e-14,"12h","LCK"
1.39572809304031e-18,0.871974629080977,0.902,0.43,2.09038196494647e-14,"12h","CTGF"
1.40172793654714e-18,0.88359116265913,0.931,0.561,2.09936793056665e-14,"12h","CDH3"
1.46957993161484e-18,0.79619235703154,0.902,0.396,2.20098986357955e-14,"12h","HOOK1"
1.64602132440469e-18,0.844335970125106,0.706,0.247,2.46524613756091e-14,"12h","ESRP2"
3.48960151359874e-18,0.868541253678718,0.706,0.264,5.22637618691683e-14,"12h","PCDH1"
6.21971003412712e-18,0.829692458343936,0.794,0.335,9.31525971811219e-14,"12h","FGFBP3"
6.34462657789282e-18,0.922185742937469,0.843,0.422,9.50234722571008e-14,"12h","NFE2L3"
7.42099541461846e-18,1.08007403963946,0.51,0.174,1.11144248324741e-13,"12h","ENHO"
8.45059063182414e-18,0.840144784479869,0.863,0.402,1.2656449589283e-13,"12h","CYFIP2"
8.51012257106088e-18,0.868250410341965,0.931,0.421,1.27456105746779e-13,"12h","USP44"
9.61112652201016e-18,0.930014037745076,0.775,0.378,1.43945841920146e-13,"12h","NKAIN1"
1.18181546664797e-17,0.566089256209759,0.99,0.758,1.77000502439867e-13,"12h","TAGLN"
2.46127849535568e-17,0.807376670186807,0.853,0.412,3.6862568024942e-13,"12h","ATXN7L1"
2.6843720345209e-17,0.975453385136648,0.578,0.207,4.02038399610196e-13,"12h","SCAMP5"
3.09702209176581e-17,0.806532145679068,0.902,0.422,4.63840998683766e-13,"12h","MAP7"
3.30670616874734e-17,0.568886643935227,0.941,0.727,4.95245382893289e-13,"12h","GTF2H2D"
3.88362849609114e-17,0.540549016271032,1,0.809,5.8165103985957e-13,"12h","ODC1"
4.87394610357604e-17,0.904566295058918,0.618,0.239,7.29970907932583e-13,"12h","VWA1"
5.88054190562284e-17,0.678729765680143,0.265,0.038,8.80728761205132e-13,"12h","PCDHA11"
1.74680675895764e-16,0.892191184740901,0.755,0.335,2.61619248289086e-12,"12h","BEND4"
2.58120188828533e-16,0.790860804308182,0.922,0.547,3.86586606808494e-12,"12h","VASH2"
3.31881265424501e-16,0.652026925240044,0.275,0.044,4.97058571226275e-12,"12h","TRIM9"
3.77305371625921e-16,0.759269001314244,0.637,0.22,5.65090255084142e-12,"12h","NAP1L2"
8.70307985213674e-16,0.764818914499567,0.686,0.273,1.30346026945452e-11,"12h","STMN3"
8.99661644256006e-16,0.813257160451199,0.549,0.174,1.34742324460222e-11,"12h","CKMT1A"
1.05251284722034e-15,0.769198050209558,0.922,0.59,1.57634849128191e-11,"12h","RBM47"
1.14994566789834e-15,0.500534258282024,0.98,0.864,1.72227362681134e-11,"12h","LRRN1"
1.74850899962655e-15,0.785207868846718,0.51,0.159,2.61874192874068e-11,"12h","WSCD1"
2.03702292043451e-15,0.506176436447638,0.951,0.771,3.05084922793477e-11,"12h","FAM162A"
2.75018392547124e-15,0.740791264631769,0.912,0.515,4.11895046517828e-11,"12h","CLU"
3.07206735051582e-15,0.742140316655379,0.892,0.555,4.60103527086755e-11,"12h","TYRO3"
3.26541407632104e-15,0.697970395183493,0.559,0.188,4.89061066210602e-11,"12h","SLC38A4"
3.51349152141829e-15,0.836765617082512,0.667,0.309,5.26215625162817e-11,"12h","MT1G"
4.19757946800476e-15,0.761803871294391,0.853,0.393,6.28671476923073e-11,"12h","TPD52"
6.92091779886488e-15,0.801395697743962,0.735,0.319,1.03654585873599e-10,"12h","MARC1"
7.60023546512554e-15,0.756773793751638,0.892,0.514,1.13828726561185e-10,"12h","C3orf14"
7.91387634057501e-15,0.723485845039167,0.559,0.183,1.18526125952792e-10,"12h","GPR19"
1.12443100198462e-14,0.548835916916191,0.284,0.05,1.68406031167236e-10,"12h","BTBD11"
1.33599477774887e-14,0.68825336064911,0.441,0.12,2.00091937863449e-10,"12h","C1orf172"
1.58229992729979e-14,0.798612290536188,0.843,0.43,2.36981060111690e-10,"12h","ZNF697"
1.71604392580397e-14,0.703179515914076,0.941,0.814,2.5701189876766e-10,"12h","SCG3"
1.73067777319515e-14,0.660193281669856,0.392,0.101,2.59203610091437e-10,"12h","NUP62CL"
1.81189866439936e-14,0.651845401978578,0.853,0.505,2.71368062967092e-10,"12h","RBM38"
2.1654868080807e-14,0.668642565337388,0.961,0.619,3.24324959246247e-10,"12h","SLC29A1"
2.2707869069472e-14,0.858688791510666,0.794,0.448,3.40095755053483e-10,"12h","SLC43A3"
2.37284049801143e-14,0.890475345776717,0.539,0.188,3.55380321387171e-10,"12h","GPR160"
2.49155943243628e-14,0.527054728601578,0.971,0.785,3.73160856195981e-10,"12h","CENPV"
2.69651604547934e-14,0.785164508026268,0.578,0.216,4.03857208131441e-10,"12h","PLCH1"
2.95378953785436e-14,0.646386608713729,0.265,0.049,4.42389059084448e-10,"12h","TMEM151B"
2.98015016451484e-14,0.647008806179067,0.745,0.3,4.46337090139388e-10,"12h","WNT5B"
9.32819809858365e-14,0.592318667448297,0.941,0.713,1.39708422922487e-09,"12h","ZIC5"
1.05088737746113e-13,0.658975066009507,0.961,0.665,1.57391402522354e-09,"12h","KLF10"
1.2133795462153e-13,0.735664591850859,0.853,0.627,1.81727854636666e-09,"12h","APH1A"
1.29769978992566e-13,0.680556219020253,0.48,0.152,1.94356497537166e-09,"12h","GYLTL1B"
1.30605222868501e-13,0.983805305547499,0.598,0.267,1.95607442290154e-09,"12h","SGK1"
1.36158687570628e-13,0.747074081780881,0.833,0.409,2.03924866374529e-09,"12h","PLP1"
1.37730251726953e-13,0.725964648566733,0.775,0.364,2.06278598011457e-09,"12h","PLA2G16"
1.38717032354464e-13,0.721676100484249,0.51,0.184,2.0775649935728e-09,"12h","LOC100507421"
1.63268722838587e-13,0.607477019686529,0.657,0.256,2.44527566195352e-09,"12h","CADPS2"
2.58819451106097e-13,0.676176108809003,0.882,0.558,3.87633891921601e-09,"12h","SYNGR2"
3.58829788780145e-13,0.827207478519725,0.412,0.136,5.37419374656023e-09,"12h","PPL"
3.82548065962264e-13,0.875239831158755,0.853,0.817,5.72942238391683e-09,"12h","CDH6"
4.22070256088595e-13,0.750093632534357,0.824,0.456,6.32134622543888e-09,"12h","DTNA"
5.61154448616787e-13,0.891914123888722,0.5,0.188,8.40441017693361e-09,"12h","CALCB"
6.21043043838154e-13,0.697641651784248,0.382,0.108,9.30136166756404e-09,"12h","DUSP2"
6.79762410893177e-13,0.684764336887534,0.784,0.386,1.01808016279471e-08,"12h","TEAD4"
9.76158174232652e-13,0.684469228561943,0.5,0.18,1.46199209754824e-08,"12h","SLC37A1"
1.23076422573794e-12,0.730979245653707,0.51,0.18,1.84331558088771e-08,"12h","ACSL1"
1.36090975177444e-12,0.605980185860875,0.941,0.79,2.03823453523258e-08,"12h","MAP4K3"
1.44867544878893e-12,0.581443273104537,1,0.668,2.16968121965118e-08,"12h","CLDN6"
1.65473155908228e-12,0.710200414867101,0.843,0.526,2.47829145603753e-08,"12h","TJP2"
1.73582407655175e-12,0.800127200187766,0.49,0.184,2.59974371945156e-08,"12h","TSPAN33"
2.8336440643707e-12,0.643280211755215,0.775,0.398,4.24394871520799e-08,"12h","SP5"
3.53984118442449e-12,0.765819765112149,0.775,0.538,5.30162014191256e-08,"12h","RIC8A"
3.66359323659663e-12,0.624528808324874,0.912,0.666,5.48696359045077e-08,"12h","ERVMER34-1"
4.62696897653309e-12,0.54011986465527,0.98,0.724,6.92981143615361e-08,"12h","SALL3"
4.64322447035832e-12,0.64543401587229,0.843,0.627,6.95415728925565e-08,"12h","NCDN"
4.7231341116202e-12,0.551453755515171,0.99,0.799,7.07383795897358e-08,"12h","ETV1"
4.73939475330625e-12,0.59454282121697,0.275,0.062,7.09819152202677e-08,"12h","IGFBPL1"
5.02630935939681e-12,0.622334058367389,0.922,0.479,7.5279035275686e-08,"12h","GPR98"
5.24270500563814e-12,0.605867761595999,0.294,0.073,7.85199928694424e-08,"12h","KCND1"
5.36864801442718e-12,0.547355554284068,0.99,0.747,8.04062413120759e-08,"12h","SKA3"
5.40173691881715e-12,0.744646011845247,0.343,0.096,8.09018138331245e-08,"12h","TIMP4"
6.17283239550615e-12,0.61501225457793,0.324,0.084,9.24505107874957e-08,"12h","SERTAD4"
8.24758070763449e-12,0.66381944554014,0.833,0.512,1.23524016258242e-07,"12h","ALPL"
8.99267810183556e-12,0.709684033820904,0.647,0.326,1.34683339931191e-07,"12h","MT1F"
1.0180724266097e-11,0.546696206671017,0.578,0.22,1.52476707333334e-07,"12h","TSGA10"
1.03508608348965e-11,0.550184843407146,0.294,0.072,1.55024842724245e-07,"12h","CUX2"
1.16181564556263e-11,0.685352661367454,0.647,0.282,1.74005129235914e-07,"12h","ADM"
1.84871406201262e-11,0.541320266901817,0.382,0.114,2.7688190506763e-07,"12h","PPP1R16B"
1.98740244592693e-11,0.624577725831294,0.373,0.116,2.97653264326477e-07,"12h","PGBD5"
1.99647695770543e-11,0.505333747194795,0.912,0.78,2.99012353955542e-07,"12h","CTDNEP1"
2.2035014953803e-11,0.721073164164919,0.696,0.348,3.30018418963108e-07,"12h","PLS1"
2.21607212620311e-11,0.813111483858516,0.598,0.296,3.3190112234144e-07,"12h","LRRN2"
2.59274897492726e-11,0.634530516483371,0.863,0.534,3.88316013974855e-07,"12h","PGAP2"
3.47121985061562e-11,0.695343836079715,0.48,0.177,5.19884597026702e-07,"12h","DDX25"
4.13598498499213e-11,0.73741880779899,0.549,0.238,6.19446471202271e-07,"12h","GAP43"
4.54431840636604e-11,0.529246843050075,0.922,0.698,6.80602567721442e-07,"12h","BOD1"
4.77779886574578e-11,0.675538058948855,0.833,0.585,7.15570936122746e-07,"12h","PAQR3"
4.82918380063573e-11,0.732233979099637,0.265,0.064,7.23266857821214e-07,"12h","TNMD"
5.16174085092367e-11,0.517720395014988,0.49,0.172,7.73073927242839e-07,"12h","SHANK2"
5.37498117088514e-11,0.670004720205861,0.451,0.162,8.05010929963468e-07,"12h","CYBRD1"
6.19861479077834e-11,0.622175874741049,0.833,0.523,9.28366537214872e-07,"12h","TMEM177"
6.21563563497194e-11,0.761949295581173,0.549,0.264,9.30915749049748e-07,"12h","SLC38A5"
7.01563912056103e-11,0.675580853878635,0.824,0.562,1.05073227108643e-06,"12h","PRSS8"
7.34426472584173e-11,0.515965757444867,0.5,0.188,1.09995052798932e-06,"12h","ITGA7"
7.61341968803885e-11,0.54651039421102,0.559,0.23,1.14026186667758e-06,"12h","CHRDL1"
9.16390723127983e-11,0.534583444797634,0.676,0.284,1.37247838602878e-06,"12h","T"
1.01716337793921e-10,0.737179142193059,0.676,0.345,1.52340559113956e-06,"12h","LGALS3BP"
1.06747760957247e-10,0.637747391301441,0.833,0.514,1.59876121585668e-06,"12h","PLBD1"
1.23793877362417e-10,0.738082844983778,0.735,0.422,1.85406090125692e-06,"12h","SPP1"
1.62720754633393e-10,0.554758812334811,0.725,0.351,2.43706874214432e-06,"12h","FGFR3"
1.83477186704711e-10,0.704437915913784,0.431,0.159,2.74793782527645e-06,"12h","CKMT1B"
1.92228104757305e-10,0.64043403785452,0.676,0.349,2.87900032495016e-06,"12h","PTPRU"
2.02379482495298e-10,0.55539004173247,0.755,0.386,3.03103750933208e-06,"12h","ZMIZ2"
2.22425608026692e-10,0.779169945395099,0.392,0.136,3.33126833141576e-06,"12h","CADPS"
2.28129665010655e-10,0.617323594624748,0.735,0.482,3.41669799286458e-06,"12h","HES6"
2.51475219136705e-10,0.88325962257185,0.304,0.095,3.76634435701043e-06,"12h","GNG3"
2.69078562877951e-10,0.791510563873155,0.627,0.337,4.02998963622307e-06,"12h","OLFML3"
2.70557746555504e-10,0.697793919019175,0.471,0.183,4.05214337016178e-06,"12h","SLAIN1"
2.99920477950405e-10,0.516470397091454,0.422,0.142,4.49190899826322e-06,"12h","CDX1"
3.23644632778604e-10,0.549426474517835,0.5,0.207,4.84722566512515e-06,"12h","IQSEC2"
3.94673020372803e-10,0.602270019413292,0.824,0.502,5.91101782612347e-06,"12h","ECE2"
4.04742538178411e-10,0.700519913123816,0.706,0.413,6.06182899429806e-06,"12h","BAK1"
4.51831530095105e-10,0.789424827004207,0.569,0.28,6.76708082623438e-06,"12h","UBE2L6"
6.55557436326236e-10,0.586105852529316,0.814,0.59,9.81828372385804e-06,"12h","CRIP2"
6.74411935679558e-10,0.562863392703506,0.892,0.588,1.01006675606727e-05,"12h","DPH2"
7.98661653110315e-10,0.643200782896547,0.51,0.215,1.19615555786332e-05,"12h","NEBL"
8.78372507251509e-10,0.616198059201343,0.755,0.416,1.31553850411059e-05,"12h","KLHL21"
9.79011834823763e-10,0.731110688349716,0.284,0.084,1.46626602501555e-05,"12h","METTL7B"
1.16138155067662e-09,0.558991831207068,0.882,0.57,1.73940114844838e-05,"12h","CPVL"
1.2522744830726e-09,0.559626506067106,0.725,0.366,1.87553149329783e-05,"12h","NUP210"
1.36113522866716e-09,0.611156268759676,0.814,0.491,2.0385722319748e-05,"12h","RAB15"
1.41990153428545e-09,0.726389059502804,0.461,0.197,2.12658652789932e-05,"12h","EPHX3"
1.64149576298384e-09,0.554250335306492,0.314,0.098,2.45846820422089e-05,"12h","MARC2"
1.6660510343412e-09,0.533381974285297,0.696,0.343,2.49524463413281e-05,"12h","ZSCAN10"
1.81137672207813e-09,0.563364687682932,0.873,0.526,2.71289891665642e-05,"12h","GCA"
1.83095363809362e-09,0.62425372271654,0.706,0.398,2.74221926377281e-05,"12h","CD74"
2.05768518058838e-09,0.602278131582698,0.853,0.617,3.08179509496722e-05,"12h","NIPA1"
2.23234820180281e-09,0.574227432069649,0.902,0.601,3.34338790184006e-05,"12h","ANKRD28"
2.38936675787442e-09,0.539572686015936,0.422,0.151,3.57855459326851e-05,"12h","DCAF12L1"
3.08710997806288e-09,0.660869485102956,0.451,0.188,4.62356461414478e-05,"12h","C1orf88"
3.39008998965593e-09,0.562894579071172,0.569,0.253,5.07733777750768e-05,"12h","PPAP2C"
4.71182685030526e-09,0.544995811821231,0.931,0.628,7.05690307370218e-05,"12h","SORL1"
4.71675327245628e-09,0.709797497471046,0.588,0.306,7.06428137615778e-05,"12h","EML1"
4.81252805173508e-09,0.583665762761589,0.304,0.095,7.20772326308363e-05,"12h","TSPAN7"
5.36000569909419e-09,0.567767969306916,0.578,0.267,8.02768053553337e-05,"12h","GRB14"
5.52026684469673e-09,0.57962151709914,0.667,0.355,8.26770365330229e-05,"12h","C15orf39"
5.70621692829417e-09,0.561657569238273,0.422,0.162,8.54620109350618e-05,"12h","COMT"
5.82585650956888e-09,0.681050033361456,0.794,0.553,8.72538529438131e-05,"12h","RAVER2"
6.04611418052565e-09,0.668772572567551,0.578,0.329,9.05526520817327e-05,"12h","ELK1"
6.51953360389002e-09,0.689452834944134,0.686,0.436,9.76430547854608e-05,"12h","LANCL2"
7.09517600489385e-09,0.510737345293756,0.971,0.726,0.000106264451025295,"12h","TMEM64"
9.57062474989997e-09,0.63217487826709,0.745,0.515,0.000143339246879252,"12h","SLC2A8"
1.01392390145372e-08,0.56669565409053,0.735,0.416,0.000151855382720723,"12h","MYCN"
1.05060767188709e-08,0.60527452473936,0.696,0.386,0.000157349511018529,"12h","TMEM63A"
1.20016732609661e-08,0.550172851951913,0.863,0.576,0.00017974906042949,"12h","FAM102B"
1.41240873627357e-08,0.638957995187617,0.696,0.395,0.000211536456431693,"12h","NDUFC2-KCTD14"
1.53238877323764e-08,0.77507693792796,0.569,0.329,0.000229505866567802,"12h","FAM108C1"
1.81181569409018e-08,0.673698514215386,0.588,0.326,0.000271355636503886,"12h","C11orf1"
1.93152054050425e-08,0.531425531264617,0.833,0.544,0.000289283831351321,"12h","COTL1"
1.96237734373207e-08,0.695721002826552,0.363,0.143,0.000293905254770753,"12h","FGF19"
2.04526314387219e-08,0.53862788265207,0.853,0.61,0.000306319061057738,"12h","CHTF8"
2.15382821561636e-08,0.649604858522163,0.569,0.303,0.000322578851852862,"12h","ATP9A"
2.62295034190424e-08,0.646090546682076,0.275,0.087,0.000392839272706998,"12h","TTC29"
2.93047321443847e-08,0.647946862540584,0.343,0.128,0.00043889697332645,"12h","INA"
2.96773181339587e-08,0.552589087820818,0.765,0.497,0.0004444771936923,"12h","RRS1"
3.29975743780404e-08,0.552162174480191,0.833,0.581,0.000494204671459911,"12h","MAPKAPK3"
3.40224120649583e-08,0.546161931612986,0.853,0.566,0.00050955366549688,"12h","SLC16A2"
3.48220593724188e-08,0.729823915384516,0.569,0.328,0.000521529983220716,"12h","RNF25"
3.75572512453804e-08,0.624641236221107,0.431,0.184,0.000562494951902062,"12h","CAMKV"
4.51680142589924e-08,0.56861898123798,0.559,0.291,0.000676481349556929,"12h","GAN"
6.39339672134743e-08,0.664952781676329,0.343,0.133,0.000957539026956204,"12h","LCP1"
6.92359899412746e-08,0.755052837066823,0.353,0.151,0.00103694742135047,"12h","FAM46B"
7.80222708686019e-08,0.536932295807874,0.657,0.358,0.00116853955079905,"12h","ZFHX2"
8.05905750254907e-08,0.589570032073933,0.529,0.267,0.00120700504215677,"12h","AR"
8.40266608337519e-08,0.504170892290474,0.873,0.588,0.0012584672993071,"12h","UNC119B"
8.59544973654404e-08,0.575604683301749,0.735,0.497,0.0012873405070422,"12h","FBXL12"
1.03222128771438e-07,0.507990304821148,0.598,0.3,0.00154595782260983,"12h","XYLT1"
1.2300711416256e-07,0.509570990545421,0.853,0.588,0.00184227754881266,"12h","MEPCE"
1.30288418357205e-07,0.553545301043184,0.598,0.314,0.00195132964173586,"12h","IGSF1"
1.33291796268575e-07,0.710605711613084,0.49,0.252,0.00199631123271445,"12h","CAV1"
1.45206313157908e-07,0.563392907698004,0.48,0.248,0.00217475495216598,"12h","DTX3"
1.60938790931739e-07,0.502982592002634,0.873,0.619,0.00241038027178466,"12h","ZBTB2"
1.63123296395833e-07,0.55573457104031,0.637,0.352,0.00244309761012039,"12h","TFAP2C"
1.78188598255509e-07,0.558672716604596,0.382,0.166,0.00266873063607276,"12h","MMP25"
1.84125616140485e-07,0.638191728207477,0.284,0.104,0.00275764935293604,"12h","C1orf233"
2.08576322715238e-07,0.62899966994907,0.333,0.133,0.00312384758530612,"12h","SEMA3D"
2.12680587787463e-07,0.515006206772965,0.755,0.473,0.00318531716329284,"12h","C6orf228"
2.13024852896369e-07,0.591347868071567,0.716,0.518,0.00319047322182892,"12h","ELOVL1"
2.35534962665682e-07,0.72097754259417,0.284,0.107,0.00352760713584392,"12h","CYP2U1"
2.49037999746079e-07,0.544494106091479,0.676,0.402,0.00372984212219703,"12h","SLC25A19"
2.56027281827753e-07,0.500282347806549,0.755,0.444,0.00383452059993426,"12h","STK36"
2.59836284104729e-07,0.510089465428709,0.392,0.166,0.00389156802703652,"12h","PRUNE2"
2.89048588004122e-07,0.505954627047972,0.794,0.558,0.00432908070253774,"12h","CCNE1"
3.00810778420993e-07,0.550698168510134,0.686,0.433,0.00450524302841121,"12h","RMND5B"
3.21867482267184e-07,0.539330345102821,0.755,0.494,0.00482060928191562,"12h","IPMK"
3.22988483560552e-07,0.688621257571896,0.441,0.21,0.00483739851828639,"12h","SCG5"
4.31433666232457e-07,0.649080885898935,0.314,0.125,0.0064615820191635,"12h","TAC3"
5.28724390548982e-07,0.512065555521003,0.775,0.561,0.0079187051972521,"12h","MSX2"
5.59115400374119e-07,0.605941916075516,0.412,0.191,0.00837387135140319,"12h","SMPDL3B"
6.75629262478195e-07,0.523075526986611,0.814,0.739,0.0101188994641359,"12h","FHL2"
7.53106040421473e-07,0.572207777019437,0.392,0.192,0.0112792691673924,"12h","CERS1"
7.64226537489434e-07,0.586258024953588,0.451,0.224,0.0114458208519793,"12h","PLA2G3"
8.25936668483606e-07,0.658111259701269,0.294,0.116,0.012370053483879,"12h","RNF182"
1.02465162031886e-06,0.534117391505351,0.569,0.312,0.0153462073175156,"12h","CDS1"
1.12353616181319e-06,0.56490515518295,0.667,0.434,0.0168272010954762,"12h","NLE1"
1.72057423562268e-06,0.682738488657972,0.333,0.148,0.0257690403269209,"12h","EAF2"
1.78746859823741e-06,0.579075589432098,0.539,0.322,0.0267709171958017,"12h","ADCK4"
1.88596897936752e-06,0.537932024166766,0.529,0.306,0.0282461574039874,"12h","ZNF598"
1.92383427280191e-06,0.511410836018951,0.657,0.418,0.0288132659037543,"12h","NR2C2AP"
1.94808510325233e-06,0.55779325856059,0.627,0.409,0.0291764705914102,"12h","ZNF672"
1.97695163555504e-06,0.611713992689253,0.657,0.462,0.0296088046457079,"12h","CCNE2"
1.98486735968132e-06,0.520467318645386,0.706,0.483,0.0297273584459471,"12h","RCL1"
3.88266715865688e-06,0.501772643394159,0.765,0.657,0.058150706035204,"12h","DPP3"
4.02161615760093e-06,0.599605379369288,0.373,0.183,0.0602317451923892,"12h","SYNGR3"
4.05057303225251e-06,0.508258958149431,0.676,0.482,0.0606654323040458,"12h","CLN6"
4.46173114567299e-06,0.571418092106251,0.392,0.194,0.0668233473687444,"12h","HAPLN4"
4.77071580078314e-06,0.527784837046509,0.618,0.41,0.0714510105483291,"12h","FAM203A"
8.02084493371646e-06,0.519784509207191,0.382,0.186,0.120128194572271,"12h","LRRC4"
9.78947276464231e-06,0.618203488086922,0.373,0.191,0.146616933596048,"12h","CCDC160"
1.19659333492499e-05,0.539115525067395,0.657,0.477,0.179213783771716,"12h","CD200"
1.22887768257769e-05,0.562231567969995,0.588,0.373,0.18404901051966,"12h","PRKAR2B"
1.27066572978417e-05,0.556535957924398,0.333,0.159,0.190307606349775,"12h","ZNF416"
1.32479787468005e-05,0.51393212218884,0.471,0.261,0.198414977690832,"12h","MFSD2A"
2.41759093142841e-05,0.587216065766549,0.52,0.352,0.362082593800033,"12h","MOGS"
2.46769315645759e-05,0.60450277542749,0.451,0.267,0.369586404042653,"12h","RSC1A1"
2.66459311931613e-05,0.519334544920688,0.353,0.183,0.399076111479976,"12h","HIST1H4J"
4.63781895317615e-05,0.535971439081526,0.461,0.276,0.694606144617192,"12h","CYBASC3"
6.25587848067843e-05,0.561653056485783,0.392,0.221,0.936942920051208,"12h","STC2"
6.77574352825157e-05,0.507265834497071,0.559,0.372,1,"12h","TMEM55B"
7.99504311664322e-05,0.539718045651849,0.451,0.287,1,"12h","FABP3"
9.09607308194356e-05,0.508654705358017,0.48,0.305,1,"12h","ZNF692"
0.00180143339767952,0.560878423075602,0.382,0.25,1,"12h","ZNF642"
8.84381055898823e-82,2.11728064873912,1,0.101,1.32453750741967e-77,"24h","CDX1"
1.314714221802e-54,2.13666969344241,1,0.273,1.96904748999286e-50,"24h","T"
4.13741391286279e-53,1.87967276464242,0.97,0.197,6.1966048172946e-49,"24h","GLIPR1L1"
4.94610746818643e-43,1.36876584908279,0.697,0.088,7.40778515510281e-39,"24h","LYPD1"
3.8447077115135e-41,1.64644255531138,1,0.35,5.75821873953377e-37,"24h","RGS16"
1.81012810184008e-39,1.50628125683168,0.985,0.397,2.71102885812588e-35,"24h","SP5"
2.24510996719721e-39,1.41829238985548,0.606,0.069,3.36250119787126e-35,"24h","SERTAD4"
5.98073459875277e-39,1.54785356208324,1,0.416,8.95734620855202e-35,"24h","ID1"
1.54338362363273e-36,0.960317816092178,0.258,0.003,2.31152565311474e-32,"24h","FGFBP1"
7.14108659633877e-35,1.16038689574945,0.439,0.036,1.06952053953366e-30,"24h","RUNX3"
8.30724615638996e-35,0.925557826246145,1,0.806,1.24417625684252e-30,"24h","GAL"
3.71774152643676e-33,1.16086880414565,0.409,0.03,5.56806148414433e-29,"24h","SYT4"
8.40338527217347e-33,1.51419501989666,0.924,0.306,1.25857501221342e-28,"24h","WNT5B"
3.47222002398064e-32,1.53514066231757,0.864,0.223,5.2003439299158e-28,"24h","TFAP2A"
1.95919259754636e-31,1.54715001444819,0.909,0.299,2.93428275334518e-27,"24h","DCLK1"
1.16499527701926e-30,0.785482783962901,1,0.86,1.74481342639175e-26,"24h","KHSRP"
1.36838958997232e-29,0.733631222946498,1,0.819,2.04943708890154e-25,"24h","ODC1"
7.00856952623065e-29,1.40932719812795,0.894,0.309,1.04967345794356e-24,"24h","NEFM"
9.53451086671109e-28,1.18675221401161,0.939,0.35,1.42798369250732e-23,"24h","FGFR3"
1.06650836502731e-27,0.502487225388316,1,0.929,1.59730957830141e-23,"24h","ID3"
1.61724808802003e-27,1.01340436759987,0.894,0.277,2.4221524614276e-23,"24h","POU5F1B"
5.22226063245637e-27,1.39873205859467,0.924,0.474,7.8213797492299e-23,"24h","GRM4"
1.23806787300735e-26,1.43725027178512,0.636,0.145,1.8542542534031e-22,"24h","KCNC4"
1.02693076579476e-25,0.56098287921227,1,0.949,1.53803420793081e-21,"24h","FSCN1"
3.78110423481055e-25,0.754829063284543,1,0.793,5.66295981247576e-21,"24h","ATP6V0C"
4.644043709394e-25,0.993532322229111,0.985,0.552,6.95538426355939e-21,"24h","NACC1"
7.78568580102703e-25,1.28580573060698,0.909,0.329,1.16606216241982e-20,"24h","ID4"
2.1693957568083e-24,0.906155176532968,1,0.747,3.24910402497178e-20,"24h","LPHN1"
3.90262156136707e-24,0.982598623189809,0.636,0.147,5.84495631245945e-20,"24h","NOTUM"
3.93593503581444e-24,1.27810688285527,0.788,0.243,5.89484990313929e-20,"24h","SEZ6L"
4.60838717841036e-24,0.987966486790102,1,0.607,6.9019814771052e-20,"24h","TOMM40"
6.17928095165296e-24,0.558241757150222,1,0.857,9.25470908129064e-20,"24h","ASNS"
6.61967246933244e-24,1.48763887226206,0.758,0.273,9.91428345731919e-20,"24h","SP6"
6.79203197233529e-24,0.693515935919242,0.985,0.793,1.01724262849666e-19,"24h","MSX1"
8.21094443497421e-24,0.990406412169498,0.97,0.585,1.22975314802609e-19,"24h","FOXH1"
1.1272912047361e-23,1.09888003334669,0.939,0.494,1.68834403733325e-19,"24h","RRS1"
1.55322697816679e-23,0.519658538889574,0.985,0.903,2.3262680452004e-19,"24h","C1QBP"
1.99370322384302e-23,0.655391430079374,0.258,0.016,2.98596931834969e-19,"24h","HMX1"
2.55355526295894e-23,1.02745800338335,0.985,0.551,3.82445971733361e-19,"24h","GAD1"
1.19234549235989e-22,0.716853123785763,1,0.827,1.78577584390741e-18,"24h","BAMBI"
1.81001945551761e-22,1.084389413432,0.924,0.34,2.71086613852872e-18,"24h","ZSCAN10"
3.57542497423876e-22,1.23476023123147,0.864,0.318,5.35491398391739e-18,"24h","KITLG"
3.94952112556012e-22,0.791180227641924,0.985,0.762,5.9151977897514e-18,"24h","KRT10"
4.70248946658954e-22,1.03838617764513,0.848,0.279,7.04291847411115e-18,"24h","STMN3"
5.51133077106631e-22,0.835711832786042,1,0.685,8.25432009582601e-18,"24h","CLDN6"
7.51467223352522e-22,1.12599838931838,0.894,0.445,1.12547246041507e-17,"24h","PYCARD"
1.49808409737893e-21,0.661087415021105,1,0.829,2.24368055264443e-17,"24h","MZT2A"
1.65198507513174e-21,0.924599086188678,0.5,0.091,2.47417804702481e-17,"24h","CDX2"
1.72175765134928e-21,1.00760099186285,1,0.564,2.57867643442582e-17,"24h","EPCAM"
1.88268178901526e-21,0.748865526021611,1,0.834,2.81969251540816e-17,"24h","UBE2S"
2.03811711775848e-21,1.15728626171673,0.818,0.259,3.05248800726688e-17,"24h","SCNN1A"
2.12495413972003e-21,0.682903448105124,0.97,0.816,3.18254381505868e-17,"24h","PPP1R14B"
2.20067484798388e-21,1.16971820154192,0.894,0.301,3.29595071982545e-17,"24h","CLDN7"
2.25376863592819e-21,0.59223952614229,0.985,0.897,3.37546928602965e-17,"24h","DAZAP1"
2.96450315341097e-21,0.562649557685414,0.985,0.893,4.43993637286361e-17,"24h","PRELID1"
3.08023411456276e-21,0.517644148500916,1,0.913,4.61326663338064e-17,"24h","CCND1"
6.5355176710409e-21,0.726024845662464,0.985,0.772,9.78824481591795e-17,"24h","IGDCC3"
1.58553930106257e-20,0.760480933747126,0.727,0.243,2.37466221120141e-16,"24h","PPDPF"
1.79210524101752e-20,1.14546853225498,0.803,0.295,2.68403601947193e-16,"24h","TSPAN18"
2.19940015074142e-20,0.785816364416588,0.985,0.786,3.29404160576542e-16,"24h","RHOB"
2.67655443538249e-20,0.866269801012572,0.955,0.63,4.00867557787236e-16,"24h","H2AFX"
2.72711959890798e-20,0.885502445483629,0.985,0.63,4.08440702328448e-16,"24h","NODAL"
2.95475527185612e-20,0.722638834194003,1,0.698,4.42533697065891e-16,"24h","MT1X"
3.11088918407438e-20,1.11454387058977,0.848,0.35,4.6591787309882e-16,"24h","PHF15"
3.75940019535934e-20,0.745580483499274,0.985,0.73,5.63045367258969e-16,"24h","MRPL12"
4.37718123476892e-20,0.631380432597218,1,0.847,6.55570433531342e-16,"24h","PEA15"
1.24164076889055e-19,1.0483715625117,0.394,0.061,1.85960537956738e-15,"24h","HS3ST4"
1.36537108056676e-19,1.13853808304541,0.864,0.35,2.04491626736484e-15,"24h","DACT1"
1.5381780404302e-19,1.01483640524268,0.848,0.376,2.30372925115231e-15,"24h","ADRA2C"
2.22568079774782e-19,0.521562818453097,1,0.906,3.33340213078692e-15,"24h","HLA-C"
2.48870584992446e-19,0.533822574671125,0.985,0.818,3.72733475143186e-15,"24h","C12orf45"
2.82904049210213e-19,0.51590745588924,0.985,0.903,4.23705394502136e-15,"24h","HES1"
3.28361920517602e-19,0.83795955601319,0.955,0.658,4.91787648359212e-15,"24h","UBE2M"
4.37115651563293e-19,0.863932969162662,0.258,0.023,6.54668111346345e-15,"24h","WNT8A"
4.93899143555198e-19,0.637851954520409,0.985,0.824,7.39712747302621e-15,"24h","JTB"
5.09474706708017e-19,1.01778943718666,0.924,0.445,7.63040268236597e-15,"24h","LEF1"
5.36355534445801e-19,0.798929379851715,1,0.736,8.03299683939476e-15,"24h","CYP1B1"
1.01089018734832e-18,0.566006189154997,0.985,0.838,1.51401023359158e-14,"24h","BEX2"
1.47863877056204e-18,1.27657804066377,0.394,0.071,2.21455728667077e-14,"24h","SGCG"
1.5066387870916e-18,1.08152572974593,0.712,0.218,2.25649291142708e-14,"24h","CBLN1"
1.92877226203642e-18,1.07853219120471,0.955,0.393,2.88872221685195e-14,"24h","PROM1"
2.24618328795745e-18,1.0184025067749,0.621,0.188,3.36410871037387e-14,"24h","C19orf29"
3.17674384914544e-18,0.949832647378484,0.879,0.393,4.75780926286513e-14,"24h","ZMIZ2"
6.99337277559129e-18,0.846731161022392,0.364,0.058,1.04739744060031e-13,"24h","GAS1"
7.79565338009973e-18,0.656627928643922,0.288,0.035,1.16755500673754e-13,"24h","FIBCD1"
9.67042699434257e-18,0.689603564545117,0.97,0.637,1.44833985094269e-13,"24h","UPP2"
1.25016520542999e-17,1.01007640797741,0.348,0.055,1.87237242817249e-13,"24h","KRT16"
1.89881381213027e-17,0.670810841063041,1,0.783,2.8438534464275e-13,"24h","SLC7A5"
2.49365097124161e-17,1.10677253566793,0.424,0.082,3.73474105962856e-13,"24h","TTC29"
2.52617028479833e-17,0.773503834113332,0.985,0.777,3.78344523554246e-13,"24h","TCF7"
2.86699408592263e-17,1.1272385039252,0.53,0.142,4.29389704248632e-13,"24h","CHST2"
4.31929607876814e-17,0.883789939897303,0.955,0.517,6.46900973717105e-13,"24h","ALPL"
5.07182474240086e-17,0.900242531477734,0.97,0.553,7.59607191669377e-13,"24h","MSX2"
5.5621977899359e-17,0.606302114665953,1,0.808,8.330503629987e-13,"24h","SRM"
9.37211862198244e-17,0.955481165062219,0.47,0.105,1.40366220601431e-12,"24h","SCGB3A2"
1.04624580498155e-16,0.721427826409661,1,0.717,1.56696234212086e-12,"24h","CD9"
1.47825869189287e-16,0.928932435618512,0.939,0.487,2.21398804284795e-12,"24h","CRABP1"
1.63359961481432e-16,0.699490412119772,0.985,0.663,2.44664214310741e-12,"24h","CARM1"
1.64706539401083e-16,0.84414518357164,0.833,0.366,2.46680984061002e-12,"24h","HIST1H4I"
1.7546291397186e-16,0.633438721975996,0.985,0.799,2.62790806255655e-12,"24h","GADD45GIP1"
1.99918504947705e-16,1.04293358858191,0.788,0.28,2.99417944860178e-12,"24h","ANXA3"
2.67571778058108e-16,0.714212010121193,0.258,0.029,4.00742251997629e-12,"24h","DLX6"
2.68263169198606e-16,0.978315937831171,0.545,0.158,4.01777748508752e-12,"24h","MESP1"
3.05104872922876e-16,0.593145446860595,0.985,0.795,4.56955568176592e-12,"24h","MRPS34"
3.21274444038994e-16,0.843453936373949,0.909,0.477,4.81172734837202e-12,"24h","SOLH"
3.37678318248304e-16,0.75624979874755,0.97,0.712,5.05740817240485e-12,"24h","HEBP2"
3.65560554292293e-16,0.909072012758828,0.939,0.621,5.47500042163568e-12,"24h","NIPA1"
4.33413868434687e-16,0.824798072278998,0.924,0.587,6.49123950754631e-12,"24h","BRI3"
5.29449794150825e-16,0.808247203910294,0.939,0.514,7.9295695669969e-12,"24h","RBM38"
5.49680231629531e-16,1.00582072690593,0.621,0.194,8.23256082911549e-12,"24h","CPZ"
5.71287918546062e-16,0.983990419737392,0.773,0.295,8.55617915606436e-12,"24h","LRRN2"
6.69756528962512e-16,0.803940319329024,0.924,0.675,1.00309435342715e-11,"24h","YRDC"
7.37385167378888e-16,0.707714083968291,0.939,0.744,1.10438176518336e-11,"24h","LAMP1"
7.98186944041093e-16,0.847414400562752,1,0.659,1.19544458609035e-11,"24h","SFRP2"
8.31466720282588e-16,0.995219940937643,0.909,0.331,1.24528770696723e-11,"24h","ESRP1"
8.79973877925535e-16,0.987251280332185,0.818,0.367,1.31793687696907e-11,"24h","SPINT1"
1.41190873942651e-15,0.793917475542862,0.879,0.6,2.11461571903909e-11,"24h","MID1IP1"
1.75871255887544e-15,0.653422678357056,0.258,0.03,2.63402379942774e-11,"24h","DLX5"
1.76275554225161e-15,0.677767493512214,0.985,0.749,2.64007897563024e-11,"24h","SRF"
1.8214847411806e-15,0.604072914548358,0.985,0.798,2.72803769686619e-11,"24h","DDR1"
1.84973679453896e-15,1.1013778895691,0.818,0.416,2.77035079718099e-11,"24h","FAM155A"
3.34152076441945e-15,0.666610663814713,0.985,0.773,5.00459564887101e-11,"24h","TIMM44"
3.88114276695255e-15,0.545484363250408,1,0.841,5.81278752206484e-11,"24h","RRAS2"
4.54252276310271e-15,0.853464551033933,0.818,0.416,6.80333634229892e-11,"24h","C17orf89"
4.71114655742644e-15,0.581458083600249,1,0.815,7.05588419905757e-11,"24h","ID2"
6.42572621009467e-15,1.0116078234689,0.864,0.48,9.62381014485879e-11,"24h","ADAMTS1"
6.52412373623427e-15,0.767336827238185,0.939,0.617,9.77118011975806e-11,"24h","MAPKAPK2"
8.01023663471566e-15,0.960078628513633,0.773,0.376,1.19969314078136e-10,"24h","PDF"
8.77121005685507e-15,0.579307403565308,0.97,0.802,1.31366413021518e-10,"24h","TXNL4A"
9.17401557727503e-15,0.992223894791291,0.667,0.266,1.37399231300848e-10,"24h","SAMD11"
1.00143892583748e-14,0.933556775198664,0.773,0.345,1.49985507922679e-10,"24h","ATAD3B"
1.01121988182404e-14,0.642190984867097,1,0.769,1.51450401700787e-10,"24h","SLC2A1"
1.14156778075989e-14,0.653355090078513,0.985,0.734,1.70972606524409e-10,"24h","MRPS26"
1.22570007125116e-14,0.909474672848331,0.864,0.434,1.83573099671287e-10,"24h","ATXN7L1"
1.76637114203863e-14,0.680343918839776,0.955,0.65,2.64549405943125e-10,"24h","PRPF19"
2.20478656023701e-14,0.815444224897158,0.864,0.465,3.30210883126697e-10,"24h","C16orf42"
2.39621274432696e-14,0.72992039371636,0.833,0.445,3.58880782717848e-10,"24h","MTA1"
2.82310577987164e-14,0.673798733898929,0.955,0.718,4.22816552651376e-10,"24h","NCLN"
2.8788318443308e-14,0.91281984906193,0.848,0.439,4.31162645325424e-10,"24h","ARL4C"
2.91099904953906e-14,0.889091904668394,0.742,0.374,4.35980327649465e-10,"24h","CHCHD10"
3.11966860125825e-14,0.507686844699373,1,0.892,4.67232766410449e-10,"24h","SEMA6A"
3.14406174130293e-14,0.979742370603582,0.864,0.458,4.7088612699494e-10,"24h","CTGF"
3.89359507317941e-14,0.855242501844622,0.848,0.577,5.8314373411008e-10,"24h","C17orf79"
3.93442649939263e-14,0.570434196950241,1,0.975,5.89259056814034e-10,"24h","CDH1"
4.26558621661013e-14,0.891146466771574,0.439,0.118,6.38856847661699e-10,"24h","EFNA3"
4.55841259258159e-14,0.824405790452487,0.727,0.289,6.82713453990945e-10,"24h","PRKAR1B"
4.60803565390026e-14,1.1637724361775,0.636,0.25,6.90145499884642e-10,"24h","CAV1"
4.97843018197378e-14,0.53831191326086,1,0.832,7.45619488354212e-10,"24h","PDCD2"
5.3157765610426e-14,0.577175631855801,0.985,0.741,7.96143855547351e-10,"24h","POP5"
5.47671110600371e-14,0.643027985158282,0.955,0.727,8.20247022346176e-10,"24h","IER2"
7.5249811594714e-14,0.660967947263912,0.288,0.046,1.12701642825403e-09,"24h","RNF43"
8.68917661015734e-14,0.770216615263577,0.955,0.688,1.30137798090327e-09,"24h","MBNL3"
9.00689667578861e-14,0.700824952591448,0.939,0.668,1.34896291513286e-09,"24h","GATA3"
9.63200976595012e-14,0.692426045207745,0.288,0.046,1.44258610264635e-09,"24h","FAM101A"
1.01857637837149e-13,0.811918748490251,0.985,0.464,1.52552184188698e-09,"24h","CYP2S1"
1.16327229378219e-13,0.541483806531437,0.97,0.795,1.74223291439759e-09,"24h","CENPV"
1.19102899954459e-13,0.80995384914408,0.879,0.467,1.78380413261794e-09,"24h","MIXL1"
1.22316441371764e-13,0.982274983475198,0.591,0.198,1.83193334242492e-09,"24h","EPHX3"
1.46816074538626e-13,0.718884409153499,0.939,0.782,2.19886434836501e-09,"24h","SBK1"
1.51052597723872e-13,0.718216943500053,0.939,0.575,2.26231475611043e-09,"24h","PES1"
1.53211372339215e-13,0.816399414522137,0.924,0.558,2.29464672352443e-09,"24h","CCNE1"
1.65929309618336e-13,0.977869256547734,0.667,0.236,2.48512327015381e-09,"24h","DOK5"
1.76896317874959e-13,1.10574498391207,0.273,0.045,2.64937615281326e-09,"24h","GABRA1"
1.78521565664948e-13,0.565747127608472,0.97,0.759,2.67371748896392e-09,"24h","FAM159B"
1.9080827951475e-13,0.680832269728178,0.924,0.634,2.85773560229241e-09,"24h","TRAF4"
2.20262329711378e-13,0.754405285181303,0.515,0.153,3.29886891208731e-09,"24h","FOXA3"
2.25982048892037e-13,0.741835311543306,0.803,0.376,3.38453314625604e-09,"24h","INO80E"
2.45717011527776e-13,0.624068091600839,0.97,0.834,3.6801036816515e-09,"24h","CDT1"
2.64125916648043e-13,0.893294909902966,0.727,0.335,3.95581385363774e-09,"24h","MT1F"
3.60549463867096e-13,0.760214470110509,0.939,0.566,5.3999493203375e-09,"24h","CDC34"
3.77662852533906e-13,0.634806603222414,0.97,0.717,5.6562565424003e-09,"24h","YKT6"
4.43154763272231e-13,0.974945973548948,0.576,0.194,6.6371288895282e-09,"24h","NEFL"
4.51428377444293e-13,0.849662941642562,0.894,0.546,6.76104280898318e-09,"24h","AXIN2"
4.90723928177995e-13,0.783754548325126,0.879,0.538,7.34957227232183e-09,"24h","BOP1"
5.01818318861901e-13,0.729937194084382,0.97,0.634,7.5157329615947e-09,"24h","LRP4"
5.09513280355302e-13,0.650688628575105,0.97,0.733,7.63098039988136e-09,"24h","CDC25A"
6.52885320030192e-13,0.556202070016,0.985,0.77,9.77826343809218e-09,"24h","TAGLN"
6.87684119009629e-13,0.729620019872466,0.97,0.675,1.02994450504072e-08,"24h","COCH"
7.23655703085522e-13,0.57908517931652,1,0.858,1.08381914651119e-08,"24h","NLGN4X"
8.25157201906241e-13,0.837006334772368,0.879,0.501,1.23583794129498e-08,"24h","RAB15"
9.2293327119642e-13,0.660677544956517,0.955,0.715,1.38227716027088e-08,"24h","GLRX5"
1.04021804341722e-12,0.535301692732626,0.985,0.805,1.55793456362597e-08,"24h","CHERP"
1.05988947819321e-12,0.773808472295607,0.712,0.301,1.58739647148997e-08,"24h","ZNF219"
1.15034664190758e-12,0.674824282445307,0.712,0.288,1.72287416558498e-08,"24h","NFKBIB"
1.17517078900205e-12,0.719708089436021,0.939,0.623,1.76005329068838e-08,"24h","MAP2K2"
1.44688609034024e-12,0.508417760777485,0.939,0.811,2.16700129750258e-08,"24h","LRRC59"
1.50286390623515e-12,0.903006942684555,0.439,0.121,2.25083927236839e-08,"24h","USP43"
1.62578190484317e-12,0.573531369068592,0.97,0.785,2.43493355888361e-08,"24h","ARID3A"
1.8557257002743e-12,0.635473962527615,0.955,0.707,2.77932038130081e-08,"24h","BOD1"
1.89009727293845e-12,0.70449897148299,0.955,0.61,2.83079868567992e-08,"24h","KIAA0664"
1.89717557965403e-12,0.91316929592722,0.636,0.246,2.84139986564784e-08,"24h","GAP43"
2.06758204172479e-12,0.843023540535521,0.5,0.159,3.09661762389121e-08,"24h","FJX1"
2.17553853364377e-12,0.832999138113408,0.53,0.165,3.25830406183828e-08,"24h","COMT"
2.52157398719271e-12,0.891126004886375,0.697,0.273,3.77656136061852e-08,"24h","SEL1L3"
3.50513471545279e-12,0.551426468002942,0.288,0.056,5.24964026333364e-08,"24h","EVX1"
3.84606690513091e-12,0.849817520565667,0.803,0.402,5.76025440381456e-08,"24h","RARG"
4.74253875239211e-12,0.811349082414385,0.515,0.171,7.10290028945766e-08,"24h","CNTFR"
4.97968466396533e-12,0.569705646535147,0.97,0.769,7.45807372122088e-08,"24h","COX4NB"
5.08194370101105e-12,0.737546852198607,0.545,0.198,7.61122708100425e-08,"24h","LRFN4"
5.19598598934679e-12,0.820972724980897,0.848,0.425,7.78202821624469e-08,"24h","KLHL21"
5.59214761340066e-12,0.660028220448086,0.667,0.293,8.37535948059016e-08,"24h","EPN1"
5.80934761926884e-12,0.900570853009018,0.758,0.386,8.70065992937894e-08,"24h","APCDD1"
8.09252701391663e-12,0.78240663456826,0.485,0.143,1.21201777087429e-07,"24h","FGF19"
8.33408275342051e-12,0.766285657649238,0.682,0.324,1.24819557397979e-07,"24h","JDP2"
9.09013330219023e-12,0.742618798721213,0.409,0.113,1.36142926466903e-07,"24h","CRLF1"
1.01361314957092e-11,0.659235549119749,0.955,0.686,1.51808841411237e-07,"24h","SMAD7"
1.37030890598491e-11,0.722803842891148,0.939,0.543,2.05231164849361e-07,"24h","FAM174B"
1.3738320792569e-11,0.765114123171734,0.576,0.217,2.05758830510306e-07,"24h","PPP1R16A"
1.43170729630412e-11,0.634725233888654,0.909,0.672,2.14426801767468e-07,"24h","PSMG4"
1.43774817473753e-11,0.629147338251236,0.773,0.379,2.1533154413044e-07,"24h","GSK3A"
1.58760482586307e-11,0.720312133816238,0.833,0.543,2.37775574769512e-07,"24h","WFDC2"
1.71135186713752e-11,0.505179586705357,0.955,0.788,2.56309169141186e-07,"24h","PHF5A"
1.73573786354585e-11,0.892782916738361,0.364,0.09,2.59961459823263e-07,"24h","ABCG2"
1.73852904312749e-11,0.850380505931268,0.712,0.302,2.60379494789204e-07,"24h","SOGA2"
1.98504292977013e-11,0.577274191981532,1,0.792,2.97299879591672e-07,"24h","BMPR1A"
2.20709074743088e-11,0.576858432695972,0.924,0.757,3.30555981242723e-07,"24h","TRIP6"
2.61130777634766e-11,0.739579102723966,0.879,0.517,3.91095565663589e-07,"24h","SDF2L1"
3.03163434901426e-11,0.85297813422232,0.712,0.351,4.54047876451866e-07,"24h","ANKRD1"
3.14370734583364e-11,0.551197523651872,0.955,0.718,4.70833049185504e-07,"24h","MND1"
3.15383038254043e-11,0.751727816068578,0.758,0.373,4.7234917639308e-07,"24h","COL9A3"
3.17909195972729e-11,0.689036863842632,0.879,0.579,4.76132602808356e-07,"24h","PSMB10"
3.24871387416192e-11,0.750447866831807,0.561,0.195,4.8655987693323e-07,"24h","ITGB1BP3"
3.84641317029542e-11,0.828617591673297,0.742,0.357,5.76077300515146e-07,"24h","IGSF8"
3.97191881748468e-11,0.843404067241362,0.606,0.234,5.94874281294681e-07,"24h","HTR7"
4.16215186635721e-11,0.734197045306501,0.879,0.559,6.23365485024319e-07,"24h","SAPCD2"
4.31294406169108e-11,0.854002629521501,0.591,0.224,6.45949632119474e-07,"24h","PLA2G2A"
4.64952519098437e-11,0.53485485817265,0.97,0.799,6.9635938785373e-07,"24h","CSNK1G2"
4.72421575504983e-11,0.652700194568172,0.955,0.701,7.07545793633813e-07,"24h","KIAA1522"
4.73219604981144e-11,0.638356877875516,0.53,0.186,7.08741002380259e-07,"24h","LRP3"
4.93290976136886e-11,0.70591778888379,0.864,0.61,7.38801894960214e-07,"24h","RRP36"
4.93509256840289e-11,0.600282586915214,0.939,0.723,7.391288139697e-07,"24h","PGP"
5.40618436644607e-11,0.527959308646674,0.939,0.795,8.09684232562627e-07,"24h","PELP1"
5.47820907959358e-11,0.852416477194642,0.576,0.227,8.2047137385073e-07,"24h","HPDL"
5.82259264990595e-11,0.556966264789719,0.97,0.747,8.72049701176415e-07,"24h","MRPL4"
5.86208198404881e-11,0.653574578610205,0.909,0.618,8.7796401875099e-07,"24h","TUSC2"
6.17219948511993e-11,0.581137044569903,0.955,0.754,9.24410316886412e-07,"24h","CHKA"
6.29161983734026e-11,0.813766544673386,0.333,0.082,9.4229590303845e-07,"24h","TNFRSF8"
6.50096125923686e-11,0.703651273100886,0.909,0.597,9.73648967795905e-07,"24h","MEPCE"
6.85215925093959e-11,0.768875537798745,0.833,0.484,1.02624789101322e-06,"24h","SOX13"
6.90222828388687e-11,0.773314771193435,0.621,0.259,1.03374673007774e-06,"24h","VWA1"
8.35997641362665e-11,0.725889692586213,0.621,0.275,1.25207366746886e-06,"24h","ZNF787"
8.6140757889226e-11,0.50196065171112,0.97,0.816,1.29013013090694e-06,"24h","CLPTM1L"
9.0851461181105e-11,0.663008066248242,0.985,0.678,1.36068233410941e-06,"24h","KLF10"
9.43267691836224e-11,0.714086720918163,0.833,0.458,1.41273202206311e-06,"24h","GTPBP6"
9.43769776523845e-11,0.751956499465634,0.788,0.396,1.41348399429976e-06,"24h","PKMYT1"
9.97667475113157e-11,0.672358261968911,0.758,0.277,1.49420657747698e-06,"24h","GRHL2"
1.05366314963376e-10,0.739092740179902,0.424,0.13,1.57807129920648e-06,"24h","GRIK5"
1.16361670594257e-10,0.780531578382834,0.833,0.412,1.74274874049019e-06,"24h","ADD2"
1.25381188958634e-10,0.711385015966892,0.939,0.744,1.87783406703346e-06,"24h","MANEAL"
1.27910737280824e-10,0.811363020369875,0.348,0.09,1.9157191122549e-06,"24h","FZD10"
1.48422056502219e-10,0.701994752722338,0.97,0.603,2.22291714023373e-06,"24h","RBM47"
1.54215630243836e-10,0.723207390256007,0.848,0.535,2.30968749416194e-06,"24h","JMJD8"
1.77553175292326e-10,0.717905203866488,0.879,0.578,2.65921390635317e-06,"24h","BYSL"
1.81897164919899e-10,0.71899181176518,0.424,0.137,2.72427383900533e-06,"24h","STARD8"
1.90805584872006e-10,1.11267963959782,0.485,0.188,2.85769524462803e-06,"24h","RIT2"
1.94489652251241e-10,0.684600363480775,0.864,0.611,2.91287152176684e-06,"24h","EBPL"
2.00750116926926e-10,0.652154486182169,0.924,0.581,3.00663450121457e-06,"24h","CDH3"
2.15316639701953e-10,0.578183759091657,0.909,0.685,3.22479731281615e-06,"24h","C19orf63"
2.30822257859753e-10,0.521506470540123,0.985,0.775,3.45702495596552e-06,"24h","CXXC5"
2.33023615817315e-10,0.884877316033917,0.621,0.309,3.48999469409592e-06,"24h","ZNF598"
2.79120025043833e-10,0.83681549777913,0.652,0.332,4.18038061508148e-06,"24h","SAMD1"
2.81271843494923e-10,0.72762131557165,0.803,0.48,4.21260840002346e-06,"24h","CLN6"
3.25724599588113e-10,0.593069863459039,0.924,0.777,4.87837732803116e-06,"24h","FAM83H"
3.31639812760652e-10,0.657904047051461,0.939,0.643,4.96696947571629e-06,"24h","NOL6"
3.53057716307916e-10,0.712609509794607,0.833,0.504,5.28774541714366e-06,"24h","TNKS1BP1"
3.92111697111973e-10,0.629180751356029,0.939,0.65,5.87265688764602e-06,"24h","ZDHHC16"
4.23170557129144e-10,0.788905338086491,0.712,0.342,6.33782543412318e-06,"24h","MARC1"
4.43454427310955e-10,0.724344159927175,0.53,0.191,6.64161695783617e-06,"24h","HAPLN4"
4.45807683445109e-10,0.731250478326205,0.455,0.162,6.6768616749574e-06,"24h","AP1S1"
4.5785428550065e-10,0.675284161570207,0.333,0.088,6.85728363394323e-06,"24h","C17orf96"
4.64372656316494e-10,0.69469076434542,0.758,0.367,6.95490927365213e-06,"24h","ZMYND19"
5.03106182819415e-10,0.679815364198149,0.939,0.565,7.53502130008638e-06,"24h","PRSS8"
5.50282704635672e-10,0.832634457805585,0.697,0.36,8.24158406732846e-06,"24h","BAHD1"
5.70928841502207e-10,0.662298167225807,0.879,0.618,8.55080125917856e-06,"24h","C7orf50"
5.72590930250074e-10,0.801198497861486,0.788,0.423,8.57569436235536e-06,"24h","TPD52"
6.22261397025686e-10,0.713400784326786,0.409,0.126,9.31960894325369e-06,"24h","ANXA2R"
6.87253988396057e-10,0.65976285346338,0.833,0.517,1.02930029842077e-05,"24h","RNF126"
7.07458307248655e-10,0.5931105955047,0.955,0.698,1.05956030676631e-05,"24h","LSR"
7.55931376743992e-10,0.64275044424009,0.939,0.623,1.13215842294948e-05,"24h","TBX3"
8.72183522955584e-10,0.544428901467356,0.924,0.741,1.30626926233058e-05,"24h","MKNK2"
8.95284342575386e-10,0.742347180228759,0.758,0.409,1.34086735987515e-05,"24h","TEAD4"
9.92456861181179e-10,0.720799265497778,0.561,0.236,1.48640264099105e-05,"24h","PPP2R2C"
9.96302726220168e-10,0.520938437112497,0.985,0.741,1.49216259305995e-05,"24h","C1orf144"
9.97469429789023e-10,0.646364777936844,0.5,0.169,1.49390996499502e-05,"24h","ZDHHC23"
1.00544914944151e-09,0.67579058703891,0.621,0.29,1.50586119111856e-05,"24h","REXO1"
1.09197186436933e-09,0.84776808631798,0.545,0.228,1.63544626126594e-05,"24h","C6orf47"
1.10601795363948e-09,0.622777739922537,0.833,0.5,1.65648308916585e-05,"24h","COBRA1"
1.11757125594669e-09,0.510466080001677,0.985,0.756,1.67378647003136e-05,"24h","AIF1L"
1.11948648512817e-09,0.801370174666141,0.545,0.223,1.67665490877646e-05,"24h","MED26"
1.20465129235578e-09,0.58273424029979,0.894,0.672,1.80420624056125e-05,"24h","TAF10"
1.2264630175212e-09,0.579819384892364,0.939,0.715,1.8368736613415e-05,"24h","NCOR2"
1.3961583244714e-09,0.630631228393497,0.879,0.592,2.09102632256082e-05,"24h","KCNG1"
1.42380375722601e-09,0.542537464199355,0.439,0.15,2.1324308871974e-05,"24h","WTIP"
1.49556000220416e-09,0.696360197419867,0.576,0.269,2.23990021530116e-05,"24h","CEBPB"
1.56271576535423e-09,0.714033566152366,0.652,0.312,2.34047940177104e-05,"24h","YDJC"
1.99649441957626e-09,0.758625831272275,0.47,0.175,2.99014969219937e-05,"24h","CHGA"
2.08417487434606e-09,0.755610476784932,0.727,0.36,3.12146870930809e-05,"24h","BEND4"
2.28451653360916e-09,0.603189139460935,0.364,0.11,3.42152041238644e-05,"24h","RLTPR"
2.33681367152932e-09,0.75551401338897,0.712,0.382,3.49984583584946e-05,"24h","EMID2"
2.45259152025213e-09,0.617707779883026,0.333,0.091,3.67324631988162e-05,"24h","SYT7"
2.65985291488424e-09,0.85091147969441,0.682,0.354,3.98366171062212e-05,"24h","CYR61"
2.69257630325241e-09,0.691769332052194,0.833,0.527,4.03267152938114e-05,"24h","KCTD5"
2.74365699806049e-09,0.676432439535892,0.833,0.555,4.1091750859952e-05,"24h","HSPBP1"
2.82500918836553e-09,0.781794812184434,0.409,0.139,4.23101626141506e-05,"24h","PRODH"
2.89521418548357e-09,0.621355079295581,0.955,0.62,4.33616228559875e-05,"24h","KIF1A"
2.97861627259893e-09,0.563642867521243,1,0.711,4.46107359147142e-05,"24h","MCM2"
2.98634165922705e-09,0.709821856607257,0.909,0.668,4.47264390302436e-05,"24h","CA12"
3.0250896685098e-09,0.592094112316474,0.939,0.633,4.53067679652713e-05,"24h","GET4"
3.10031099404006e-09,0.723244564088845,0.348,0.1,4.6433357757738e-05,"24h","NPTX2"
3.19173034289784e-09,0.620931845873087,0.879,0.579,4.7802545345581e-05,"24h","MBD3"
3.49115312316571e-09,0.625273253503403,0.879,0.636,5.22870003256528e-05,"24h","MAPKAPK5"
3.53713906009229e-09,0.714484393136268,0.818,0.532,5.29757317030022e-05,"24h","PLBD1"
3.67387063671623e-09,0.653766073762738,0.848,0.562,5.5023560526099e-05,"24h","DDRGK1"
3.80209760954995e-09,0.644596716069058,0.985,0.655,5.69440158982296e-05,"24h","GABRB2"
5.12774010146803e-09,0.839311947486616,0.652,0.318,7.67981634996867e-05,"24h","RASL11B"
5.67033362643831e-09,0.682569096779407,0.848,0.519,8.49245867231666e-05,"24h","CCDC88C"
5.77943295897159e-09,0.67252829103701,0.667,0.331,8.65585674265174e-05,"24h","TRIM41"
6.37075557771361e-09,0.529289154604217,0.924,0.747,9.54148062874167e-05,"24h","HIST1H1B"
7.08654495586158e-09,0.615675014454572,0.864,0.629,0.000106135183803939,"24h","NCK2"
7.49507996450155e-09,0.688534380286415,0.273,0.069,0.00011225381262834,"24h","LY6G6D"
7.55830266427717e-09,0.669097157912179,0.742,0.413,0.000113200699002879,"24h","RPUSD1"
7.67101140583013e-09,0.595961486419806,0.879,0.637,0.000114888737825118,"24h","LAGE3"
7.85915099551195e-09,0.504837633059322,0.909,0.705,0.000117706504459782,"24h","URM1"
7.87913640128054e-09,0.717459516450047,0.485,0.211,0.000118005825881979,"24h","KLF16"
8.8010118648175e-09,0.62686658053454,0.924,0.569,0.000131812754699372,"24h","TYRO3"
9.09036831820758e-09,0.678570058650359,0.818,0.533,0.000136146446301795,"24h","RMI2"
9.1676296003193e-09,0.745385003752075,0.348,0.108,0.000137303588523982,"24h","TBC1D2"
9.40129519076953e-09,0.526973133325997,0.955,0.723,0.000140803198072155,"24h","TNFRSF1A"
1.19612646192234e-08,0.645693384694651,0.909,0.582,0.000179143860202109,"24h","GPC3"
1.21638369540991e-08,0.702862910599189,0.682,0.358,0.000182177786061542,"24h","CBX6"
1.23526905766556e-08,0.582796701953292,0.394,0.134,0.000185006246766571,"24h","DNLZ"
1.37078216857854e-08,0.733959735351787,0.652,0.367,0.000205302045388008,"24h","DVL1"
1.37294454833814e-08,0.676114346251038,0.727,0.384,0.000205625905004604,"24h","SLC27A4"
1.67945246811843e-08,0.73244280731898,0.758,0.468,0.000251531596150097,"24h","HLA-B"
1.71996197160267e-08,0.763779227594211,0.53,0.24,0.000257598704486932,"24h","TRMT61A"
1.77453048737124e-08,0.794579872180174,0.682,0.376,0.00026577143109359,"24h","SRXN1"
1.80504638387809e-08,0.689886003221644,0.545,0.272,0.000270341796913421,"24h","AGRN"
2.0063204467576e-08,0.670313885256174,0.742,0.389,0.000300486613310886,"24h","PLA2G16"
2.07435626118085e-08,0.675496813609451,0.5,0.186,0.000310676337237055,"24h","VAT1L"
2.3820943652147e-08,0.612618972256434,0.818,0.519,0.000356766273078206,"24h","C19orf6"
2.48265741090134e-08,0.594251281790616,0.985,0.655,0.000371827600430694,"24h","PMAIP1"
2.51085368435644e-08,0.734047072762301,0.667,0.334,0.000376050556306064,"24h","SP8"
2.60782516580709e-08,0.661235294870056,0.758,0.439,0.000390573975082928,"24h","FAM58A"
2.88382980564187e-08,0.548952576355563,0.879,0.603,0.000431911189990983,"24h","RBM42"
2.93810327500931e-08,0.704192813200675,0.606,0.303,0.000440039727498144,"24h","CCDC94"
3.0859867769378e-08,0.573508895709612,0.545,0.23,0.000462188239581975,"24h","B4GALNT4"
3.14159034300255e-08,0.505296183807776,0.97,0.743,0.000470515985671491,"24h","MSANTD3"
3.21932105238738e-08,0.590265983216394,0.848,0.61,0.000482157714016057,"24h","C1orf122"
3.59749672899012e-08,0.544529524289734,0.515,0.217,0.00053879708510085,"24h","OLFM2"
4.21379497304963e-08,0.540807865324384,0.879,0.675,0.000631100073113643,"24h","ESRRA"
4.22825069782788e-08,0.762810127886508,0.364,0.124,0.000633265107013682,"24h","DUSP2"
4.24366564577851e-08,0.648958056197986,0.409,0.142,0.000635573803768247,"24h","LAD1"
4.29049513527563e-08,0.538337116769543,0.455,0.175,0.000642587456410231,"24h","MTSS1L"
4.3012587839488e-08,0.768319761880743,0.409,0.156,0.000644199528072012,"24h","CRYBB1"
4.30481368733423e-08,0.527752779158281,0.955,0.691,0.000644731945952048,"24h","C20orf27"
5.31186183085936e-08,0.52697125387226,0.955,0.702,0.000795557546407806,"24h","NLRP2"
5.35784441659285e-08,0.61766137495036,0.758,0.4,0.000802444358273112,"24h","NKAIN1"
5.45578855791078e-08,0.712772694032032,0.667,0.438,0.000817113452318297,"24h","DUSP23"
5.70172118700896e-08,0.658262413049267,0.667,0.376,0.000853946782178332,"24h","FAM129B"
6.05961352905354e-08,0.629184334146243,0.758,0.418,0.000907548318246348,"24h","PUS1"
6.08121549286687e-08,0.550540886076307,0.424,0.159,0.000910783644366671,"24h","IRF2BP1"
6.65893827674359e-08,0.57354344119551,0.864,0.597,0.000997309185707887,"24h","CRIP2"
6.66836913158405e-08,0.720408891734863,0.712,0.423,0.000998721644837344,"24h","TMEM201"
7.18503042106371e-08,0.53873125243257,0.909,0.694,0.00107610200616271,"24h","ZNRF1"
8.35555576442814e-08,0.663594589516675,0.621,0.299,0.0012514115868384,"24h","ARHGEF19"
1.09710977958147e-07,0.615843696944399,0.818,0.533,0.00164314131687916,"24h","PVRL1"
1.16739333775373e-07,0.518038921390378,0.803,0.52,0.00174840500195375,"24h","MARK2"
1.17500576273241e-07,0.798353098234961,0.515,0.23,0.00175980613084433,"24h","NEBL"
1.19870429612279e-07,0.593991170596673,0.788,0.499,0.0017952994243031,"24h","METTL12"
1.19908960185655e-07,0.677703152886513,0.409,0.156,0.00179587649670056,"24h","PTH1R"
1.20981527278437e-07,0.691710360081507,0.667,0.402,0.00181194033404916,"24h","SLC2A4RG"
1.25461722708563e-07,0.668656367920979,0.667,0.413,0.00187904022100614,"24h","CIB2"
1.45084388477756e-07,0.508425013884467,0.955,0.808,0.00217292888623136,"24h","FGF2"
1.45628503030084e-07,0.714702356105009,0.561,0.27,0.00218107808988156,"24h","BACE2"
1.46199527263821e-07,0.589337191336211,0.439,0.171,0.00218963031983024,"24h","SPSB4"
1.69248001206116e-07,0.779120194120002,0.591,0.314,0.00253482731406399,"24h","RYR2"
1.7128750489896e-07,0.500850979637865,0.894,0.604,0.00256537296087172,"24h","TRAPPC5"
1.78747910239916e-07,0.780230457279705,0.53,0.251,0.00267710745166322,"24h","C9orf135"
1.79456801580772e-07,0.616814907475765,0.697,0.345,0.00268772451727523,"24h","OLFML3"
1.85487232201815e-07,0.703463372431272,0.742,0.471,0.00277804227668658,"24h","SCN8A"
1.91108578956983e-07,0.563183785244744,0.318,0.101,0.00286223318703873,"24h","FAM83F"
2.02172728703192e-07,0.670085278150984,0.53,0.249,0.00302794095778771,"24h","DEXI"
2.10524342211557e-07,0.726404481746309,0.439,0.189,0.00315302307330248,"24h","SDHAF1"
2.12270797066238e-07,0.63219860145028,0.803,0.529,0.00317917972766104,"24h","BCAR1"
2.18565568534223e-07,0.580979051359959,0.667,0.347,0.00327345651993706,"24h","MOGS"
2.2019529830231e-07,0.620938032338347,0.682,0.389,0.00329786498267369,"24h","NELF"
2.20748658890839e-07,0.549323058444791,0.97,0.863,0.0033061526642081,"24h","NANOG"
2.23970728993091e-07,0.65337863989932,0.682,0.379,0.00335440960812952,"24h","C9orf69"
2.25634540429648e-07,0.585487319179779,0.818,0.568,0.00337932851201484,"24h","INTS1"
2.26145143703764e-07,0.664566446199822,0.727,0.435,0.00338697581725127,"24h","STEAP3"
2.39539117638986e-07,0.747453886684022,0.439,0.179,0.0035875773648791,"24h","IRX2"
2.50304969584174e-07,0.621041331902243,0.636,0.293,0.00374881752946217,"24h","PMEL"
2.53969497430609e-07,0.791477213491136,0.545,0.292,0.00380370116301823,"24h","ATAD3A"
2.54553740061386e-07,0.516049675431047,0.864,0.649,0.00381245136489938,"24h","CDIPT"
2.57591548726174e-07,0.575301641648878,0.758,0.412,0.00385794862527191,"24h","DUS3L"
2.75578106857112e-07,0.631084329014459,0.697,0.406,0.00412733330639896,"24h","HRAS"
2.84598596034934e-07,0.747476223865529,0.621,0.34,0.00426243317281521,"24h","FGFR4"
3.2258767593282e-07,0.520469198898939,0.924,0.603,0.00483139562244584,"24h","RPIA"
3.49430693990223e-07,0.587832328412844,0.848,0.569,0.00523342350389157,"24h","BAG2"
3.59173071738791e-07,0.610029600474404,0.53,0.247,0.00537933509543187,"24h","E2F1"
3.68442058354395e-07,0.598731139344689,0.697,0.368,0.00551815670797377,"24h","FGFBP3"
3.93809330703007e-07,0.546164781486526,0.773,0.527,0.00589808234593893,"24h","FKBP8"
3.99352623604005e-07,0.630548052384934,0.712,0.402,0.00598110424371719,"24h","PIEZO2"
4.23276495055998e-07,0.653456355900029,0.742,0.457,0.00633941206645368,"24h","SLC38A10"
4.80140581067784e-07,0.524648065988486,0.591,0.29,0.0071910654826522,"24h","RAB35"
5.10940941564093e-07,0.616848556983455,0.788,0.483,0.00765236248180543,"24h","SETD6"
5.44953950455752e-07,0.553506072427295,0.848,0.62,0.0081617753159758,"24h","SLC6A8"
5.54660004869614e-07,0.723013245211468,0.409,0.175,0.00830714289293222,"24h","B3GAT1"
5.86145481665328e-07,0.567523189367052,0.636,0.332,0.00877870087890161,"24h","GPC1"
6.08115807913561e-07,0.567206148005669,0.667,0.392,0.00910775045512141,"24h","MAP2K7"
6.64315243090517e-07,0.592046513426647,0.879,0.636,0.00994944939576668,"24h","DSCC1"
6.86868697112091e-07,0.582579316127167,0.712,0.455,0.0102872324766478,"24h","SGK223"
7.28926132103991e-07,0.515747925190412,0.864,0.649,0.0109171266805215,"24h","DNAJC1"
7.35746243977579e-07,0.522938816325485,0.818,0.496,0.0110192714960522,"24h","THOP1"
7.95110923795445e-07,0.511099149792083,0.455,0.179,0.0119083763056844,"24h","EFNA1"
9.05620578949292e-07,0.578465306093396,0.636,0.368,0.0135634794109236,"24h","ADRBK1"
1.00129562086949e-06,0.607354773655628,0.682,0.396,0.0149964045137623,"24h","GATA2"
1.04531921022251e-06,0.601056788499632,0.621,0.325,0.0156557458115025,"24h","TRMT2A"
1.04653387877412e-06,0.550339536042474,0.985,0.655,0.0156739379024001,"24h","POLR3G"
1.06707264152271e-06,0.577660847371086,0.758,0.449,0.0159815469520856,"24h","WIZ"
1.07332033535075e-06,0.717318296532165,0.667,0.442,0.0160751186625483,"24h","RHBDF1"
1.12569564686955e-06,0.610694894357872,0.773,0.507,0.0168595437031652,"24h","WFS1"
1.17709341555294e-06,0.65256735994824,0.621,0.331,0.0176293280847364,"24h","KTI12"
1.18433428839353e-06,0.53395197993398,0.833,0.607,0.0177377746372699,"24h","MAF1"
1.21383172962472e-06,0.519134270374908,0.909,0.62,0.0181795578145894,"24h","EPHA1"
1.25163555383685e-06,0.659638475560184,0.53,0.276,0.0187457456898144,"24h","PXMP2"
1.32509946822586e-06,0.684681326889431,0.636,0.422,0.0198460147356187,"24h","GIPC1"
1.38317233730994e-06,0.5263959987092,0.348,0.13,0.020715772095891,"24h","GLIS1"
1.42694607449473e-06,0.55479482293095,0.773,0.436,0.0213713713577075,"24h","NLE1"
1.43061570160777e-06,0.557695269847642,0.652,0.368,0.0214263313629796,"24h","CDC42EP1"
1.43601722275219e-06,0.504539729504001,0.818,0.578,0.0215072299451596,"24h","ATP5D"
1.45675635712002e-06,0.532458645041111,0.803,0.538,0.0218178399605865,"24h","PPP6R1"
1.46065843895072e-06,0.537845955427455,0.818,0.608,0.0218762814401649,"24h","UBE2J2"
1.48192845726117e-06,0.578301936987339,0.773,0.46,0.0221948425044005,"24h","MAP7"
1.51674850287302e-06,0.575348884298531,0.788,0.627,0.0227163423275292,"24h","ABCC1"
1.52581809250334e-06,0.552303860113298,0.258,0.078,0.0228521775714225,"24h","PLA2G4B"
1.57034244056266e-06,0.588571362413921,0.742,0.555,0.023519018732307,"24h","DVL2"
1.67085859732386e-06,0.545976320816648,0.894,0.825,0.0250244492121194,"24h","PLEKHG6"
1.7192193282967e-06,0.541080955583397,0.848,0.736,0.0257487478798996,"24h","CHMP4C"
1.74054771021217e-06,0.668648180773708,0.591,0.325,0.0260681830558477,"24h","SVIP"
1.83696529115199e-06,0.552407306884945,0.803,0.517,0.0275122291655834,"24h","TOR3A"
1.84015492001009e-06,0.642432640356121,0.667,0.418,0.0275600002369911,"24h","SRR"
2.00048388113385e-06,0.595193616044018,0.682,0.416,0.0299612470877416,"24h","CD74"
2.00979869436964e-06,0.586402879611513,0.697,0.413,0.0301007550455741,"24h","ZNF672"
2.04322656655347e-06,0.536289526989871,0.864,0.717,0.0306014042872713,"24h","TPBG"
2.08411828215905e-06,0.512175266610362,0.864,0.581,0.0312138395118962,"24h","RRP12"
2.10758690507522e-06,0.528084283556263,0.803,0.513,0.0315653290773115,"24h","THBS1"
2.1099902552655e-06,0.594977631445256,0.652,0.399,0.0316013240531114,"24h","ECI1"
2.11020871951167e-06,0.747107530250811,0.273,0.088,0.0316045959921263,"24h","HPGD"
2.1338886591278e-06,0.549026557872253,0.712,0.47,0.0319592504477571,"24h","MT2A"
2.14118811088105e-06,0.572705444872303,0.621,0.318,0.0320685743366654,"24h","SLC25A28"
2.17118842752667e-06,0.502507360940514,0.864,0.529,0.032517889079067,"24h","SCARB1"
2.28584710803059e-06,0.580637855703885,0.742,0.464,0.0342351321369741,"24h","POLD1"
2.30734713522123e-06,0.584725068150005,0.652,0.379,0.0345571380442084,"24h","SCRIB"
2.33222258772368e-06,0.548940535202731,0.909,0.6,0.0349296976963375,"24h","DKK1"
2.33334228816091e-06,0.502665938212069,0.848,0.613,0.034946467449786,"24h","RDH14"
2.3550765099135e-06,0.545427690606428,0.455,0.211,0.0352719808889744,"24h","FAM157B"
2.36839118557311e-06,0.519683681503154,0.803,0.504,0.0354713947863284,"24h","SHB"
2.61123976022489e-06,0.538642767827749,0.848,0.613,0.0391085378888881,"24h","PRMT6"
2.63452388359812e-06,0.506490787060678,0.864,0.627,0.039457264204649,"24h","ZDHHC7"
2.71249617408753e-06,0.511255710668781,0.833,0.662,0.040625055199309,"24h","C1orf35"
2.98390423136694e-06,0.516229214414614,0.273,0.09,0.0446899336731826,"24h","HIP1R"
3.13373089215325e-06,0.630693993193833,0.53,0.275,0.0469338875717792,"24h","FAM20C"
3.14176674257284e-06,0.693465862802099,0.394,0.163,0.0470542405035134,"24h","EFEMP1"
3.19110501586595e-06,0.511834220475885,0.864,0.613,0.0477931798226243,"24h","CECR5"
3.28869133954349e-06,0.505020145214097,0.515,0.251,0.0492547301923429,"24h","C16orf55"
3.36526918746207e-06,0.552637478447209,0.455,0.208,0.0504016366206194,"24h","ITGA7"
3.38726139416398e-06,0.570148791929416,0.333,0.129,0.0507310139003939,"24h","AMIGO3"
3.43530190556583e-06,0.621816925572015,0.288,0.098,0.0514505166396594,"24h","MOCOS"
3.44033303377367e-06,0.57672512546633,0.545,0.272,0.0515258678468283,"24h","SLIT2"
3.51241709398193e-06,0.521710959353685,0.818,0.561,0.0526054708165673,"24h","COTL1"
3.63819114720841e-06,0.670981557180019,0.47,0.22,0.0544891888117404,"24h","USP18"
3.74132500988113e-06,0.561272050899627,0.455,0.207,0.0560338246729897,"24h","CARD11"
4.03038373917469e-06,0.585619858309677,0.667,0.405,0.0603630572616193,"24h","TNIP2"
4.13402643363309e-06,0.518324749776408,0.848,0.578,0.0619153138965228,"24h","ESPL1"
4.21405725153267e-06,0.574664889014422,0.455,0.227,0.0631139354562048,"24h","CCDC85B"
4.42856756643474e-06,0.625165865850654,0.348,0.146,0.0663266564424931,"24h","NRARP"
4.49558454948142e-06,0.61785199676411,0.621,0.373,0.0673303697975832,"24h","NDOR1"
4.8828694912847e-06,0.559841929792355,0.561,0.311,0.073130736370971,"24h","FAM207A"
5.15882245484614e-06,0.557828249722691,0.409,0.171,0.0772636839062307,"24h","FAXC"
5.26741852076857e-06,0.611993042198662,0.591,0.35,0.0788901271855508,"24h","TRNP1"
5.53541970819904e-06,0.540803269942817,0.591,0.345,0.082903980969697,"24h","FBRSL1"
5.838898596194e-06,0.579134977324129,0.894,0.584,0.0874491842751976,"24h","PTPRZ1"
6.08530389993104e-06,0.690845449214377,0.273,0.094,0.0911395965092672,"24h","HOXA1"
6.31103676529595e-06,0.686144716809308,0.333,0.134,0.0945203976338374,"24h","TGFA"
6.41573470963756e-06,0.515115850015347,0.682,0.425,0.0960884587462417,"24h","LIMK1"
6.6519114220234e-06,0.528247853596164,0.742,0.494,0.0996256773676444,"24h","HES6"
6.73776553360826e-06,0.503771545088685,0.803,0.532,0.100911514396851,"24h","MLL4"
7.08984521289307e-06,0.569759580090675,0.439,0.22,0.1061846117535,"24h","RFX1"
7.60198130873147e-06,0.530401866850597,0.667,0.46,0.113854874060871,"24h","HIST1H3B"
7.68387898858099e-06,0.605887603790842,0.652,0.376,0.115081455611977,"24h","LCMT2"
7.85582088675786e-06,0.525422016686625,0.833,0.543,0.117656629420973,"24h","TJP2"
8.05599370794361e-06,0.538520452973798,0.606,0.335,0.120654617763871,"24h","CTDP1"
8.65968504743731e-06,0.503343500163979,0.621,0.386,0.129696102955469,"24h","LEMD2"
9.04991608499393e-06,0.658579880425989,0.424,0.212,0.135540593204954,"24h","SBNO2"
9.33482480169011e-06,0.515324663084343,0.788,0.565,0.139807671054913,"24h","POLRMT"
9.50656662954629e-06,0.654529495225254,0.485,0.241,0.142379848410715,"24h","CNIH3"
9.56605165551751e-06,0.57812384259041,0.621,0.371,0.143270755644686,"24h","GADD45B"
9.74221859282758e-06,0.599914665430163,0.652,0.415,0.145909207864779,"24h","KRTCAP3"
9.88362822592602e-06,0.517358077333709,0.894,0.623,0.148027099939694,"24h","PPM1H"
1.00595142960556e-05,0.576525611947998,0.697,0.452,0.150661345612025,"24h","TMEM203"
1.01213773028789e-05,0.536620760060085,0.303,0.114,0.151587867865218,"24h","GTF2H4"
1.02477202668035e-05,0.586563585673282,0.621,0.37,0.153480106435916,"24h","KCNQ2"
1.08435053120809e-05,0.543209546099042,0.439,0.205,0.162403179059035,"24h","TSPAN33"
1.12791027360501e-05,0.627806996140048,0.288,0.108,0.168927121677822,"24h","GRIK3"
1.14966331340863e-05,0.653668449128542,0.576,0.36,0.172185074449211,"24h","PCSK9"
1.28394267396321e-05,0.534697412218053,0.652,0.373,0.19229609427947,"24h","PAQR4"
1.28984137308979e-05,0.512691112927359,0.773,0.507,0.193179542447658,"24h","CMTM7"
1.32602850160525e-05,0.501058696349258,0.742,0.421,0.198599288685419,"24h","TUBA4A"
1.37470603386843e-05,0.512921907383237,0.742,0.516,0.205889722692475,"24h","DHX34"
1.38567629091362e-05,0.619951768187243,0.515,0.282,0.207532738090133,"24h","SLC38A5"
1.44945686782151e-05,0.648104161400294,0.591,0.376,0.217085155093628,"24h","ZNF282"
1.48381865525399e-05,0.565451725599184,0.682,0.473,0.22223151999739,"24h","CNPPD1"
1.51260717176374e-05,0.649722121597107,0.576,0.344,0.226543176115056,"24h","PHKA1"
1.55412691811007e-05,0.691086190408927,0.288,0.118,0.232761588525345,"24h","C3orf45"
1.58330796945849e-05,0.550907453717789,0.439,0.202,0.237132034585799,"24h","C1orf88"
1.58459117614472e-05,0.540954735227154,0.621,0.371,0.237324220451195,"24h","PTPRU"
1.61729667449995e-05,0.617134475829554,0.394,0.188,0.242222522939857,"24h","HIST1H4J"
1.64301763528706e-05,0.58021131674494,0.53,0.302,0.246074751236943,"24h","BAHCC1"
1.66669264828689e-05,0.569236982932512,0.303,0.116,0.249620557933928,"24h","ST14"
1.80687205601704e-05,0.591086952540701,0.545,0.309,0.270615227829672,"24h","C12orf34"
1.83863540783593e-05,0.564418441772836,0.667,0.436,0.275372425031588,"24h","CCDC97"
1.87436435409142e-05,0.528215210629134,0.288,0.113,0.280723549312271,"24h","ACHE"
2.10639234213872e-05,0.591342299227664,0.652,0.522,0.315474381082115,"24h","HSF1"
2.16921788351788e-05,0.634798872502445,0.515,0.289,0.324883762414473,"24h","KIF7"
2.33536526467325e-05,0.501376800171557,0.379,0.171,0.349767655690112,"24h","HMHA1"
2.46329478895612e-05,0.564354639950091,0.606,0.396,0.368927660541958,"24h","SNAPC4"
2.50515048713366e-05,0.721353049622988,0.53,0.355,0.375196388458008,"24h","MAP4K1"
2.54108338447316e-05,0.548371558838046,0.803,0.634,0.380578058492545,"24h","CNO"
2.62736929318561e-05,0.534513002539672,0.758,0.533,0.393501099040409,"24h","ADO"
2.63157184457034e-05,0.507867414640204,0.621,0.415,0.394130515161299,"24h","AKT1S1"
2.70044334995381e-05,0.535150895398567,0.606,0.338,0.404445400522582,"24h","C11orf1"
3.03182007801367e-05,0.707237402139359,0.5,0.286,0.454075693084108,"24h","NFIL3"
3.03668399401852e-05,0.527840186203777,0.621,0.412,0.454804161784154,"24h","SIN3B"
3.05549638021086e-05,0.509090848550512,0.697,0.5,0.45762169286418,"24h","C9orf142"
3.18411383014763e-05,0.500827866991423,0.394,0.178,0.476884728341211,"24h","GYLTL1B"
3.20771825973955e-05,0.551264967734377,0.667,0.468,0.480419963761193,"24h","MAPK7"
3.20794293357786e-05,0.53535001002511,0.667,0.416,0.480453613161956,"24h","FAM203A"
3.23751725108804e-05,0.509655192629759,0.848,0.63,0.484882958695456,"24h","ACTR5"
3.25390812031177e-05,0.504219886478391,0.455,0.218,0.487337819179093,"24h","EFHD1"
3.27327781619424e-05,0.538050943410475,0.712,0.571,0.490238818531412,"24h","PCGF2"
3.30319866332811e-05,0.516238152834281,0.288,0.111,0.494720063806652,"24h","HSPA12A"
3.38689240510814e-05,0.547589552138508,0.333,0.14,0.507254875513046,"24h","INA"
3.52404943298388e-05,0.531811118841427,0.53,0.273,0.527796883577995,"24h","PPAP2C"
3.71695188487129e-05,0.573268665145247,0.5,0.282,0.556687883797173,"24h","CLCN7"
3.76009349896969e-05,0.550291504144106,0.742,0.525,0.56314920334069,"24h","ANKRD18B"
3.85166495484401e-05,0.510431752204286,0.727,0.497,0.576863860286988,"24h","SLC25A33"
4.15403808129178e-05,0.587757198164005,0.636,0.447,0.62215028343507,"24h","C8orf58"
4.24026187276601e-05,0.642775315535831,0.515,0.312,0.635064020684165,"24h","FAM117A"
4.77736689369154e-05,0.669439476241181,0.485,0.29,0.715506239668182,"24h","RBM14-RBM4"
5.12642590674205e-05,0.516382049841405,0.773,0.568,0.767784808052757,"24h","FAF1"
5.13964640715247e-05,0.536336163714768,0.409,0.201,0.769764842399226,"24h","C19orf47"
5.52336623147876e-05,0.59149642404668,0.5,0.282,0.827234560488574,"24h","CABLES1"
5.81644622435917e-05,0.508873319653157,0.409,0.211,0.871129151022272,"24h","TSPAN4"
6.09703288026172e-05,0.534292648504797,0.348,0.165,0.913152614476799,"24h","HIST2H2BE"
6.26094540501049e-05,0.537396132805697,0.333,0.149,0.937701793308421,"24h","WNK2"
6.81372613325829e-05,0.527385049128755,0.288,0.12,1,"24h","RBFOX3"
7.04273833653063e-05,0.515291093015127,0.439,0.221,1,"24h","TBKBP1"
7.179406720129e-05,0.531175389095162,0.545,0.308,1,"24h","RAB25"
8.81410251045429e-05,0.533971864801567,0.515,0.283,1,"24h","SMAGP"
9.30571588720313e-05,0.535149405717817,0.485,0.276,1,"24h","CASKIN2"
9.60643584141876e-05,0.532794159188889,0.47,0.269,1,"24h","ARRB2"
9.83492886158345e-05,0.528502675058941,0.636,0.438,1,"24h","TBC1D10B"
0.000109309920230448,0.51949491977319,0.682,0.451,1,"24h","C15orf42"
0.000109455825478052,0.512861796434431,0.288,0.118,1,"24h","SLITRK5"
0.000119009633874423,0.532983379658516,0.545,0.34,1,"24h","MT1G"
0.000121374634939015,0.539555962876128,0.561,0.342,1,"24h","GRK6"
0.000123838547373221,0.558548466877685,0.53,0.328,1,"24h","CHPF2"
0.00013847463321586,0.525338180444847,0.273,0.113,1,"24h","LGI2"
0.000146594225379302,0.517465534042807,0.652,0.477,1,"24h","C19orf25"
0.000153171131332805,0.536285433707781,0.53,0.312,1,"24h","FAM59A"
0.000154227863876613,0.505653213603488,0.682,0.478,1,"24h","NOA1"
0.000167799053901561,0.526569990079337,0.303,0.136,1,"24h","PGBD5"
0.000177734197565756,0.648005760698593,0.439,0.244,1,"24h","TIGD2"
0.000187471463554313,0.577708124073238,0.333,0.16,1,"24h","RAB20"
0.000196405249460443,0.51643428204271,0.591,0.455,1,"24h","OR7E24"
0.000197415118885875,0.595437183277855,0.303,0.14,1,"24h","SIRPA"
0.000225065534496243,0.510919214297928,0.288,0.124,1,"24h","ATP12A"
0.000268976404089593,0.524624049183558,0.273,0.12,1,"24h","SP110"
0.000269871972617607,0.505385457946465,0.621,0.429,1,"24h","FAM102A"
0.000394409434666043,0.536228603834125,0.561,0.386,1,"24h","MAP3K11"
0.000395218092084667,0.537863423726001,0.318,0.159,1,"24h","GFOD1"
0.000404993165700637,0.51503934169243,0.379,0.199,1,"24h","ARHGEF16"
0.000432861294613164,0.505705592133505,0.288,0.134,1,"24h","BAI2"
0.000507732662420464,0.508316484232705,0.303,0.146,1,"24h","AIF1"
0.000513014979643554,0.552086695902922,0.636,0.471,1,"24h","PCDHA10"
0.000554227994285934,0.507270371484863,0.636,0.475,1,"24h","GALNT13"
0.000558575734468892,0.546378704690971,0.485,0.293,1,"24h","CADPS2"
0.000579070168755423,0.554111112778725,0.394,0.22,1,"24h","LMO7"
0.000585856666117654,0.613297080119614,0.5,0.357,1,"24h","SERINC2"
0.000643407220848139,0.515211256756377,0.47,0.302,1,"24h","SLC25A25"
0.00078251987439782,0.53197681807439,0.621,0.449,1,"24h","HOOK1"
0.000887885306933825,0.559602185133018,0.439,0.26,1,"24h","NAP1L2"
0.00109639192901135,0.552379325061108,0.485,0.332,1,"24h","C19orf46"
0.00133014188918854,0.596373104702582,0.47,0.329,1,"24h","PDSS1"
0.001387732253477,0.509862911514037,0.515,0.347,1,"24h","CHPT1"
0.00150682433034922,0.532708981973062,0.318,0.176,1,"24h","RTN4R"
0.00155724134381796,0.546754090620762,0.409,0.249,1,"24h","GPR89C"
0.00162202752500734,0.590643172166986,0.303,0.168,1,"24h","CCDC74B"
0.00185477984028643,0.52979348333775,0.379,0.237,1,"24h","APBA3"
0.00213363052107952,0.525178288861592,0.47,0.351,1,"24h","TGIF2-C20ORF24"
0.00217908495422027,0.56403479764202,0.333,0.188,1,"24h","CYBRD1"
0.00245344772760929,0.546104699623444,0.5,0.35,1,"24h","PRKG1"
0.00431929939814135,0.50767000726133,0.364,0.238,1,"24h","ZNF319"
0.00583333559839809,0.531675249017456,0.303,0.176,1,"24h","SIK1"
1.04159140795607e-89,1.80759545436482,1,0.323,1.55999145169581e-85,"36h","HAND1"
3.91481142760449e-88,1.62897159664326,0.983,0.29,5.86321307512325e-84,"36h","HOXB6"
5.36624727339834e-79,1.75271053887835,0.988,0.294,8.0370285413687e-75,"36h","CNKSR3"
2.71387458964799e-75,1.77931555644759,0.599,0.022,4.0645699729158e-71,"36h","RGS13"
7.07657119186592e-75,1.48823371766917,1,0.353,1.05985806740576e-70,"36h","FOXF1"
8.03537211296203e-75,1.22888331395985,1,0.621,1.20345768135832e-70,"36h","EGLN3"
2.98795763966559e-74,1.57952785394535,0.988,0.379,4.47506415692715e-70,"36h","PLEKHA6"
1.58736913276917e-73,1.62228068745674,0.959,0.266,2.37740275014838e-69,"36h","HS3ST1"
2.61112148573147e-70,1.00985408523585,1,0.635,3.91067664918003e-66,"36h","APLNR"
4.24354817230061e-70,1.39989055603218,0.622,0.043,6.35556209765462e-66,"36h","SNPH"
3.2441700649718e-68,1.56521364170132,0.983,0.352,4.85879350630827e-64,"36h","PDGFRA"
2.53152232436967e-67,0.539518995263206,1,0.932,3.79146098520846e-63,"36h","HAS2"
2.14895574242096e-66,1.00007647435591,1,0.724,3.21849101542387e-62,"36h","WNT5A"
4.30461204886002e-65,1.05589223973863,1,0.619,6.44701746557765e-61,"36h","BMP4"
3.15214806475183e-62,1.18650128151792,1,0.548,4.72097215657882e-58,"36h","TBX3"
1.00212807330929e-60,1.35933790407678,1,0.459,1.50088721539532e-56,"36h","BMPER"
2.41065214179144e-60,1.44088702005521,0.994,0.488,3.61043371276105e-56,"36h","SEMA6D"
3.61123701580922e-60,1.3814455972176,0.983,0.671,5.40854967857746e-56,"36h","LIX1"
3.96006235550745e-60,1.4843941421046,0.826,0.171,5.9309853898435e-56,"36h","SNAI2"
3.66254644915351e-59,0.876428648484884,1,0.689,5.48539581689722e-55,"36h","BMP2"
9.24107279108286e-59,1.44717969715811,0.901,0.263,1.38403547192048e-54,"36h","ANKRD55"
3.36711982739615e-56,1.45541715339568,0.849,0.21,5.04293536549121e-52,"36h","SLPI"
1.06235569947595e-53,1.20409031975988,0.535,0.051,1.59109013110513e-49,"36h","NRG2"
2.03920854815751e-53,1.07438039844773,0.988,0.555,3.05412264257551e-49,"36h","MFAP4"
2.12798732304786e-52,1.03740117760362,1,0.667,3.18708661372879e-48,"36h","CDH11"
3.49488738055975e-52,0.825120172018885,1,0.72,5.23429282986434e-48,"36h","LIFR"
1.39730417945073e-50,1.25162617731125,0.785,0.201,2.09274246956336e-46,"36h","HOXB2"
4.93012527745966e-50,1.40436646851666,0.86,0.256,7.38384862805133e-46,"36h","HECW2"
8.83522511651734e-50,1.30336282898351,0.89,0.266,1.3232516657008e-45,"36h","GRP"
7.90268832010442e-49,0.638463075821932,1,0.881,1.18358562970204e-44,"36h","RAB31"
2.26923844454826e-48,1.26470229864475,0.86,0.273,3.39863841839993e-44,"36h","HVCN1"
2.31673452563462e-48,1.27517699391904,0.645,0.114,3.46977329904298e-44,"36h","SRGAP3"
5.00614652017806e-48,1.08996741551359,0.791,0.203,7.49770564327067e-44,"36h","DLL3"
1.12694999184437e-46,0.696910885828777,1,0.891,1.68783300278531e-42,"36h","LZTS1"
1.75330985969164e-46,0.984624404868461,0.994,0.577,2.62593217686016e-42,"36h","PLXNA2"
5.99422795490121e-45,1.12280681956513,0.767,0.2,8.97755520805555e-41,"36h","ABTB2"
7.58599522340073e-45,0.794051370547077,1,0.855,1.13615450460873e-40,"36h","PSTPIP2"
1.37086305046464e-44,0.994025981886127,1,0.623,2.05314159068089e-40,"36h","NOG"
1.78732465114073e-44,1.14340862861788,0.977,0.495,2.67687613001347e-40,"36h","COBLL1"
1.80605911665925e-44,1.25983658292243,0.669,0.148,2.70493473902055e-40,"36h","TMEM74B"
4.79420724025814e-44,0.787423219022285,1,0.834,7.18028418373462e-40,"36h","SEMA5A"
5.4579367073417e-44,0.888270221912284,1,0.848,8.17435180658567e-40,"36h","PAG1"
5.95022770056184e-43,1.13168415395665,0.977,0.404,8.91165602713147e-39,"36h","UNC5C"
1.2157852460031e-42,1.12402861363797,0.971,0.41,1.82088156293884e-38,"36h","MAMLD1"
2.204885789642e-42,1.10656124869318,0.93,0.41,3.30225744714682e-38,"36h","KAZN"
6.93695829096815e-42,0.721715840877995,0.988,0.768,1.0389482432383e-37,"36h","BAG3"
2.58785192430558e-41,1.0074255351673,0.994,0.763,3.87582582703247e-37,"36h","GPR83"
2.62184487355133e-41,0.883451997591292,0.552,0.085,3.92673706711782e-37,"36h","MESP1"
1.44732204224581e-40,0.547447285922607,1,0.891,2.16765422267154e-36,"36h","PRTG"
5.15010813456981e-40,1.12871669743399,0.703,0.196,7.71331695314521e-36,"36h","RNF175"
9.71671992379041e-40,1.08170427126441,0.459,0.053,1.45527314298609e-35,"36h","FAM24B"
9.83527550771238e-40,0.928509402856169,0.983,0.423,1.47302921279008e-35,"36h","IRX3"
1.16645697387137e-39,0.718425198218378,0.988,0.715,1.74700260976714e-35,"36h","FAM159B"
1.86966873936436e-39,1.07742457449179,0.75,0.218,2.800202870946e-35,"36h","HRH2"
2.46838092927983e-39,1.09887291971694,0.948,0.457,3.69689411778241e-35,"36h","ADAMTS3"
6.13155390836048e-39,1.0191375400549,0.709,0.179,9.18322828855149e-35,"36h","ANPEP"
7.04965494352581e-39,1.05593442814544,0.977,0.452,1.05582682089186e-34,"36h","LGR5"
1.6755445456492e-38,1.03143042979969,0.965,0.5,2.50946306601881e-34,"36h","CEP85L"
5.04893212515321e-38,0.582223687182608,1,0.821,7.56178564384196e-34,"36h","SDC4"
8.13904143314746e-38,1.05227865834663,0.64,0.152,1.21898423544249e-33,"36h","HOXB5"
2.5829321674842e-37,0.958610716158997,0.983,0.51,3.86845750724108e-33,"36h","FAM89A"
1.11526741702371e-36,1.12624350119357,0.849,0.34,1.67033601047641e-32,"36h","FNIP2"
1.96776744543832e-36,1.13261606141306,0.523,0.094,2.94712530303298e-32,"36h","FSHR"
6.23973349141337e-36,1.04337107032334,0.849,0.305,9.3452488500898e-32,"36h","ADAMTS9"
6.27799248835051e-36,0.715394632274189,0.983,0.754,9.40254934980256e-32,"36h","SAFB2"
6.96971143494174e-36,1.10404242844932,0.576,0.142,1.04385368161122e-31,"36h","RPH3A"
5.71910241777478e-35,0.686922576936109,1,0.783,8.56549969110129e-31,"36h","DUSP5"
4.3690196413268e-34,0.89100563919432,0.43,0.06,6.54348071681515e-30,"36h","FOXN4"
5.69846607605442e-34,1.09788070303698,0.442,0.068,8.5345926421067e-30,"36h","IKZF1"
6.70963854002793e-34,0.717805286359353,1,0.855,1.00490256413998e-29,"36h","FAIM"
9.21329793226508e-34,0.909721137480229,0.43,0.058,1.37987563131534e-29,"36h","FOXF2"
2.5374997217401e-33,0.999606219544214,0.843,0.394,3.80041333325015e-29,"36h","EPHB3"
8.82378176906637e-33,0.703675510812067,0.988,0.836,1.32153779555307e-28,"36h","KDR"
1.36051350577808e-32,0.729033491184629,1,0.775,2.03764107760383e-28,"36h","LGR4"
2.46878655835359e-32,0.54353254474629,0.994,0.862,3.69750162844617e-28,"36h","LYZ"
2.96383496738445e-32,0.950223938454024,0.901,0.336,4.43893563065168e-28,"36h","SHISA6"
4.03061810213235e-32,1.02801046499875,0.901,0.481,6.03665673156362e-28,"36h","CKAP2L"
4.03691611578923e-32,1.11163996113507,0.727,0.212,6.04608926661752e-28,"36h","OAS1"
4.06713106699717e-32,0.969693174522682,0.523,0.106,6.09134219904166e-28,"36h","LGALS12"
5.5494960767511e-32,0.911791234005021,0.919,0.464,8.31148027415013e-28,"36h","SRC"
7.09004213306867e-32,0.915763029560268,0.878,0.428,1.0618756102697e-27,"36h","CMTM7"
7.92102925588363e-32,0.962135379499695,0.884,0.406,1.18633255165369e-27,"36h","PPAPDC1A"
1.38010909575974e-31,0.620752478347903,0.977,0.872,2.06698939271937e-27,"36h","SLC36A2"
1.58815721548907e-31,1.10508190318752,0.651,0.208,2.37858306163798e-27,"36h","NTM"
3.02139799733758e-31,0.957738356155424,0.576,0.133,4.5251477806125e-27,"36h","COL6A5"
4.91893063914067e-31,0.920894068442928,0.983,0.565,7.36708241824098e-27,"36h","RND3"
5.32778936140938e-31,0.760957740605549,0.983,0.669,7.97943012658283e-27,"36h","CMTM3"
6.02199089122071e-31,0.866522585408075,0.971,0.631,9.01913575778126e-27,"36h","KIAA1462"
6.6213133091826e-31,0.782719361338456,0.988,0.753,9.91674094316279e-27,"36h","PIK3R1"
1.24979381773808e-30,0.786984253434819,0.983,0.778,1.87181620082633e-26,"36h","ROR1"
1.62991563971254e-30,0.566379808893451,1,0.84,2.44112465359747e-26,"36h","INSIG1"
2.04845495823229e-30,0.825907017337848,0.988,0.536,3.0679709909445e-26,"36h","HS3ST3A1"
2.65811463217269e-30,0.970881407102213,0.663,0.196,3.98105828460504e-26,"36h","ITGA1"
2.95553623403832e-30,1.14547616130094,0.616,0.177,4.42650661771919e-26,"36h","OGN"
3.33199956791098e-30,0.941329334106162,0.808,0.346,4.99033575286028e-26,"36h","PPAN"
4.92298100213854e-30,0.641990451074246,0.983,0.751,7.37314864690289e-26,"36h","SLC25A37"
9.41482171173478e-30,1.01104028352586,0.395,0.058,1.41005784776652e-25,"36h","PYGO1"
9.68292049825846e-30,1.05747528531993,0.535,0.125,1.45021100302417e-25,"36h","ISL1"
1.41332782392814e-29,1.07433348082687,0.581,0.155,2.11674108189717e-25,"36h","HRASLS5"
1.54685590839368e-29,0.998421278555592,0.843,0.363,2.31672609400122e-25,"36h","MAF"
1.65309317200911e-29,0.681953010826281,0.988,0.773,2.47583764371804e-25,"36h","MID1"
1.78316619301282e-29,0.565753689598271,0.988,0.828,2.6706480072753e-25,"36h","IGFBP4"
1.89258027620889e-29,0.990817260133654,0.785,0.307,2.83451747967806e-25,"36h","SLC1A3"
2.31060726585125e-29,0.848854990147349,0.895,0.469,3.46059650206542e-25,"36h","SNAI1"
2.39346105032036e-29,0.631186368234783,0.297,0.024,3.58468661506481e-25,"36h","PTCHD2"
2.41330506517575e-29,0.739257353334771,0.802,0.304,3.61440699611372e-25,"36h","ADRA2C"
2.42787018915297e-29,0.729791718387396,0.971,0.683,3.63622118229441e-25,"36h","IGSF3"
3.00113495805299e-29,0.728751784049582,0.994,0.797,4.49479982667596e-25,"36h","LIPG"
3.60376743581531e-29,0.552502246724917,0.977,0.814,5.39736248862059e-25,"36h","H2AFY2"
5.22211664359016e-29,0.95123347821007,0.866,0.43,7.82116409710499e-25,"36h","SETBP1"
5.72924076133733e-29,0.912167415734002,0.279,0.019,8.58068388825493e-25,"36h","SH2D4B"
6.02011993301053e-29,1.03774005656458,0.762,0.338,9.01633362366988e-25,"36h","C14orf37"
1.35229560560107e-28,1.16241871028832,0.616,0.188,2.02533312850872e-24,"36h","OMD"
1.48384139496408e-28,0.7190000495653,0.971,0.689,2.2223492572377e-24,"36h","LBH"
2.00967791341029e-28,0.770289535614084,0.407,0.067,3.00989461091459e-24,"36h","WNT11"
2.09738936863993e-28,0.754304523971675,1,0.626,3.14126005741203e-24,"36h","LHX1"
2.12775906356176e-28,0.843519239125366,0.977,0.618,3.18674474949645e-24,"36h","PELI2"
2.41543682802238e-28,0.54247926142854,0.977,0.846,3.61759973732912e-24,"36h","RHBG"
2.72395027810109e-28,1.00571610799521,0.721,0.271,4.079660331512e-24,"36h","LYPD6"
3.37011923375939e-28,0.860963919511531,0.971,0.534,5.04742757640143e-24,"36h","ZEB2"
3.44100467326029e-28,1.03177621557453,0.517,0.135,5.15359269914193e-24,"36h","STAB2"
5.45078338333598e-28,0.520744217013553,1,0.94,8.16363827322229e-24,"36h","ROCK2"
7.87079540335925e-28,0.526797482112648,0.994,0.875,1.17880902756112e-23,"36h","C9orf3"
8.91469687028246e-28,0.634959696481177,0.948,0.718,1.3351541502622e-23,"36h","AKR1D1"
9.46094215463139e-28,0.894829050347836,0.919,0.621,1.41696530649914e-23,"36h","CA12"
1.05391836433991e-27,0.744981656344063,0.971,0.688,1.57845353427188e-23,"36h","DOCK4"
2.13883272510202e-27,0.970077769769825,0.814,0.384,3.20332977238529e-23,"36h","PTPRM"
4.20312828147111e-27,0.851294441782373,0.901,0.456,6.29502522715928e-23,"36h","DOK4"
5.89761332432655e-27,0.606812108608286,0.971,0.775,8.83285547584387e-23,"36h","VENTX"
6.44716634146073e-27,0.763117041378176,0.512,0.126,9.65592102960574e-23,"36h","NKX2-5"
6.49184639172676e-27,0.650470451996444,0.988,0.79,9.72283834088917e-23,"36h","GRWD1"
7.19697180472728e-27,0.722032140258136,0.372,0.058,1.077890467194e-22,"36h","ATOH8"
8.09614959762585e-27,0.827000146606089,0.89,0.498,1.21256032523642e-22,"36h","PTCH1"
1.05983018266169e-26,0.544538303228031,0.965,0.785,1.58730766457241e-22,"36h","AATF"
1.34315766890438e-26,0.754875144823349,0.326,0.041,2.01164724071808e-22,"36h","MESP2"
1.38830661525696e-26,0.830775282413053,0.994,0.572,2.07926681767034e-22,"36h","NRP1"
1.57554455233828e-26,0.581662668019134,0.994,0.817,2.35969307603704e-22,"36h","ELL2"
2.08417772435087e-26,0.885035675596929,0.564,0.152,3.1214729777603e-22,"36h","PSKH2"
2.25981675848764e-26,0.548201399935029,1,0.858,3.38452755918694e-22,"36h","GTSE1"
2.359364917257e-26,0.817375137455542,0.779,0.316,3.53362083657581e-22,"36h","GATA2"
2.38646272674127e-26,0.855127518870963,0.657,0.22,3.5742052258404e-22,"36h","EMILIN2"
2.8382617890225e-26,0.654159763269215,0.965,0.756,4.250864681419e-22,"36h","TMEM131"
2.95407773164059e-26,1.03719744707273,0.68,0.251,4.42432221867811e-22,"36h","ANKRD44"
3.53617718768032e-26,0.669390788793055,0.948,0.693,5.29613257398881e-22,"36h","SOX7"
3.76047037466145e-26,0.517566111106257,0.994,0.845,5.63205648013045e-22,"36h","CDH23"
4.05113831580345e-26,0.876014590425047,0.686,0.249,6.06738985557883e-22,"36h","STRA6"
4.58783870023666e-26,0.950595268108463,0.802,0.509,6.87120602134444e-22,"36h","MYO3B"
5.66949021448335e-26,0.847813477300729,0.5,0.121,8.49119549423171e-22,"36h","PRIMA1"
8.74745273807524e-26,0.610472902972711,0.994,0.87,1.31010599658153e-21,"36h","CLDN11"
8.82502065628709e-26,0.562020493472716,1,0.908,1.32172334369212e-21,"36h","NEK2"
1.22028349769261e-25,0.862188819444587,0.837,0.567,1.82761859449422e-21,"36h","MLPH"
1.35836806860301e-25,0.711040998197063,0.971,0.609,2.03442785634673e-21,"36h","GATA3"
1.36957069083966e-25,0.621341946858621,0.983,0.739,2.05120602367056e-21,"36h","HERPUD1"
1.77603080684859e-25,0.846444360433454,0.494,0.123,2.65996133941713e-21,"36h","ECM2"
2.33666642087998e-25,0.739396806269703,0.965,0.706,3.49962529855194e-21,"36h","EGF"
4.73052278475599e-25,0.648720635056687,0.953,0.734,7.08490397472905e-21,"36h","GAL3ST4"
5.12428263440103e-25,0.625094840050386,1,0.708,7.67463810154242e-21,"36h","PITX2"
6.35800082976155e-25,0.943347253607388,0.634,0.23,9.52237784273388e-21,"36h","SPON1"
8.3145332222061e-25,0.787596229333465,0.924,0.539,1.24526764068981e-20,"36h","DNAJC11"
9.4314162607137e-25,0.708683198239336,1,0.625,1.41254321336709e-20,"36h","GATA6"
9.67550273522217e-25,0.898923970257726,0.826,0.341,1.44910004465422e-20,"36h","SLC46A3"
9.80374786886002e-25,0.799552639364377,0.837,0.365,1.46830731831916e-20,"36h","ADCY10"
9.86502267936203e-25,0.641433096885362,0.971,0.72,1.47748444668805e-20,"36h","HIC2"
1.30868484636268e-24,0.771374087696482,0.419,0.089,1.96001729439739e-20,"36h","NRN1L"
1.3149664152841e-24,0.621853172094192,0.988,0.759,1.96942520017099e-20,"36h","ZMIZ1"
1.88913360709882e-24,0.779688409179275,0.895,0.505,2.8293554033519e-20,"36h","TCHP"
2.31250016684368e-24,0.919853759930342,0.785,0.37,3.46343149988177e-20,"36h","MFSD1"
2.86135579758994e-24,0.655253697642171,0.977,0.783,4.28545257805046e-20,"36h","CASC5"
3.01471853695167e-24,0.777721023060094,0.733,0.3,4.51514395279252e-20,"36h","EFNB1"
3.26901284091987e-24,0.688089484636492,1,0.666,4.8960005318457e-20,"36h","DLC1"
3.96282165456317e-24,0.897074262115159,0.622,0.235,5.93511799203926e-20,"36h","ASPN"
4.0483176546642e-24,0.950211623632064,0.738,0.343,6.06316535139057e-20,"36h","SYNJ1"
4.05821032116921e-24,0.526963541075896,0.971,0.819,6.07798159801512e-20,"36h","KIAA1919"
4.36930149297876e-24,0.808853407999239,0.866,0.375,6.54390284603429e-20,"36h","LEF1"
6.35755483032686e-24,0.905373129217394,0.57,0.189,9.52170986938053e-20,"36h","PGF"
6.62472898325262e-24,0.581743868511053,0.494,0.125,9.92185659821745e-20,"36h","SCARF2"
7.69123005055226e-24,0.567829502538759,0.988,0.753,1.15191552467121e-19,"36h","CDC20"
8.76575930834982e-24,0.501672040814821,0.959,0.816,1.31284777161155e-19,"36h","OR51E2"
9.06462755134581e-24,0.547540922539048,0.948,0.756,1.35760926836506e-19,"36h","APOBEC3A"
1.4335026255652e-23,0.768967551998773,0.599,0.193,2.146956882309e-19,"36h","CNTNAP3"
1.50199123590892e-23,0.692913504046913,0.872,0.462,2.2495322740208e-19,"36h","SMAD6"
1.58468030863806e-23,0.747809498703916,0.843,0.432,2.37337569824722e-19,"36h","TRABD"
1.84989920113586e-23,0.916826199529293,0.762,0.372,2.77059403354117e-19,"36h","TC2N"
2.11445417209033e-23,0.538111368771005,0.971,0.73,3.16681801353968e-19,"36h","ACSL6"
2.33816204420137e-23,0.774713010916243,0.884,0.536,3.50186529360039e-19,"36h","TAF3"
2.52435924879135e-23,0.78146541769533,0.814,0.399,3.78073284691481e-19,"36h","PPP1R15A"
2.64099111832367e-23,0.843994272833957,0.872,0.413,3.95541239791337e-19,"36h","PRICKLE1"
2.95395123258758e-23,0.831702538684228,0.517,0.147,4.42413276104641e-19,"36h","GRAP2"
3.18755040891926e-23,0.500186429810449,0.965,0.828,4.77399424743838e-19,"36h","SAFB"
4.7202371113673e-23,0.882463597702845,0.448,0.108,7.06949912169481e-19,"36h","FMOD"
4.86502682541691e-23,0.655267668103071,0.89,0.618,7.2863506764269e-19,"36h","SUSD5"
5.409480064285e-23,0.839324911657338,0.663,0.265,8.10177829227964e-19,"36h","CTU2"
5.41627523215594e-23,0.884233816259111,0.733,0.299,8.11195541519995e-19,"36h","RASGRP3"
7.07969726406058e-23,0.844327359362078,0.5,0.143,1.06032625923835e-18,"36h","TMEM54"
7.54357137085334e-23,0.661201401525683,0.942,0.713,1.1298006842127e-18,"36h","ICK"
9.03036525624162e-23,0.666109306004262,0.913,0.674,1.35247780442731e-18,"36h","NOP14"
1.23978906258992e-22,0.925646761689818,0.477,0.138,1.85683207904093e-18,"36h","SLC35G1"
1.38050063515653e-22,0.597958409978503,1,0.855,2.06757580127394e-18,"36h","MCC"
1.40559749004484e-22,0.63866812635136,0.965,0.679,2.10516336084015e-18,"36h","FLNC"
1.73740304415173e-22,0.60642144853234,0.983,0.695,2.60210853922605e-18,"36h","ZNF649"
1.9219474408355e-22,0.623976447031841,0.977,0.712,2.87850068213933e-18,"36h","PLK1"
2.0333075756233e-22,0.792364133999508,0.866,0.495,3.04528475601101e-18,"36h","EPHB2"
2.16049680531758e-22,0.835427051373558,0.855,0.49,3.23577606532414e-18,"36h","CTSK"
2.19276574727329e-22,0.542615343846784,0.994,0.765,3.2841052596912e-18,"36h","LAIR1"
2.21927879505231e-22,0.792237801892297,0.744,0.311,3.32381385134985e-18,"36h","PDE10A"
2.62362366776652e-22,0.757083673892275,0.93,0.555,3.92940116721392e-18,"36h","CEP152"
3.03226874325845e-22,0.707897728813853,0.297,0.043,4.54142889677819e-18,"36h","PID1"
3.7601419556651e-22,0.623656846935265,0.983,0.734,5.63156460699961e-18,"36h","SALL1"
4.43048286043591e-22,0.594354532394971,0.988,0.763,6.63553418007487e-18,"36h","BCAR3"
4.65197055126445e-22,0.688390948868726,0.605,0.218,6.96725629462877e-18,"36h","C1orf159"
5.62636387301638e-22,0.924001728024175,0.587,0.253,8.42660517261664e-18,"36h","P2RY6"
5.75681579519704e-22,0.781653379643772,0.872,0.534,8.6219830164666e-18,"36h","MGAT5"
5.77905251183638e-22,0.799943510926267,0.831,0.382,8.65528694697735e-18,"36h","CXCR7"
5.87979760811771e-22,0.718141249704232,0.837,0.476,8.80617287767789e-18,"36h","SCARB1"
6.12357249174247e-22,0.767896815149723,0.715,0.29,9.17127452088269e-18,"36h","HLX"
6.17443334328619e-22,0.788554812785336,0.831,0.418,9.24744881823972e-18,"36h","C17orf53"
6.54623680553332e-22,0.632183006006731,0.919,0.674,9.80429886364726e-18,"36h","RNASEH2B"
7.33021037778566e-22,0.855966908355895,0.808,0.392,1.09784560828096e-17,"36h","PBK"
7.43757426473464e-22,0.610928803834267,0.93,0.708,1.11392549762931e-17,"36h","C6orf132"
7.52862018478395e-22,0.756667755992944,0.884,0.411,1.12756144507509e-17,"36h","ZAP70"
7.76324115611931e-22,0.592983521219245,0.953,0.758,1.16270062795199e-17,"36h","GNAI1"
1.50110194989258e-21,0.551192752076201,0.983,0.886,2.24820039035412e-17,"36h","CEP135"
1.56066249171664e-21,0.505350370606569,0.977,0.802,2.33740421384401e-17,"36h","SLC16A4"
1.94037713327068e-21,0.903132649544917,0.703,0.302,2.90610283249949e-17,"36h","TMEM154"
2.31522370780868e-21,0.759771233038345,0.878,0.575,3.46751054718506e-17,"36h","CEP55"
2.82735790638352e-21,0.536941211295317,0.959,0.701,4.23453393639059e-17,"36h","PIWIL2"
3.92481320790292e-21,0.616518768141816,0.448,0.118,5.8781927414762e-17,"36h","ADORA1"
4.37888106907124e-21,0.758489762482652,0.913,0.555,6.558250177148e-17,"36h","EPHA4"
4.7288740355743e-21,0.539936675514263,1,0.889,7.08243464307963e-17,"36h","PER2"
5.04732186679551e-21,0.828444465977799,0.767,0.382,7.55937395989963e-17,"36h","TSHZ3"
6.07441189390679e-21,0.523089146283444,0.942,0.741,9.0976466935042e-17,"36h","STAC2"
6.1655899756003e-21,0.883103026176791,0.506,0.159,9.23420410645656e-17,"36h","LRRC32"
6.18184524064023e-21,0.614410375133972,0.977,0.727,9.25854961690687e-17,"36h","PDPK1"
6.70651673045226e-21,0.914132218641806,0.657,0.317,1.00443501071983e-16,"36h","SLC5A12"
8.28526160730744e-21,0.523350583258149,0.977,0.787,1.24088363092643e-16,"36h","HS6ST1"
1.32014395481434e-20,0.672786399577499,0.407,0.099,1.97717960112544e-16,"36h","CFC1"
1.51685852442694e-20,0.848452366605346,0.634,0.254,2.27179901203422e-16,"36h","HEY2"
1.56226308866215e-20,0.666166857652476,0.785,0.362,2.33980142788931e-16,"36h","RAI1"
1.65148825147e-20,0.623589279685759,0.977,0.695,2.47343395422662e-16,"36h","NETO2"
1.72059443606747e-20,0.764994336798267,0.436,0.119,2.57693428689825e-16,"36h","CHRNA3"
2.01860918088709e-20,0.574064428107378,0.994,0.804,3.0232709702146e-16,"36h","FUT8"
2.35674599467945e-20,0.795428207747281,0.791,0.401,3.52969847623141e-16,"36h","CCDC150"
2.76489991186626e-20,0.500594943577723,0.983,0.804,4.1409905980021e-16,"36h","PCNT"
3.42810658277738e-20,0.602879063724759,0.919,0.654,5.13427522902568e-16,"36h","C20orf27"
4.281564397332e-20,0.613809938467276,0.89,0.538,6.41249899788413e-16,"36h","KCNG1"
4.76475483044459e-20,0.582323755897376,1,0.782,7.13617330955686e-16,"36h","ID2"
5.11612726155743e-20,0.571729913114491,0.994,0.771,7.66242379963457e-16,"36h","BCL11A"
5.14159163527927e-20,0.729674784892087,0.971,0.498,7.70056179215776e-16,"36h","MYOCD"
5.48443610758226e-20,0.863050155051634,0.541,0.193,8.21403995832596e-16,"36h","PCDH19"
5.68955224001915e-20,0.508284163013258,1,0.852,8.52124238987668e-16,"36h","CGNL1"
6.32383717303595e-20,0.608297932696582,0.942,0.662,9.47121093405594e-16,"36h","VARS"
6.39257036616705e-20,0.815502137220085,0.75,0.372,9.57415263740838e-16,"36h","NETO1"
6.5365895217377e-20,0.543752843549782,0.936,0.672,9.78985012670656e-16,"36h","TAT"
6.72728204874096e-20,0.58874278062403,0.901,0.655,1.00754503243993e-15,"36h","BRMS1"
6.8611426975054e-20,0.537493909837898,0.977,0.78,1.02759334180538e-15,"36h","PPP4R2"
8.06724021112592e-20,0.517965560356689,0.971,0.776,1.20823056642033e-15,"36h","UBTF"
9.59525152481787e-20,0.765907371438561,0.773,0.384,1.43708082087197e-15,"36h","CSGALNACT2"
1.04422000225293e-19,0.597279619138544,0.983,0.759,1.56392829737422e-15,"36h","ETV6"
1.19370689133106e-19,0.516286415036056,0.913,0.662,1.78781481114654e-15,"36h","GPR1"
1.30325453893609e-19,0.716251439157781,0.837,0.488,1.95188432296458e-15,"36h","AFAP1"
1.47739969804884e-19,0.504468034209843,0.523,0.169,2.21270152776775e-15,"36h","DPPA3"
1.51556412431212e-19,0.750815822458825,0.686,0.29,2.26986038898226e-15,"36h","SUV39H1"
1.72349100405708e-19,0.676823163183076,0.907,0.631,2.58127247677629e-15,"36h","FAM171A1"
1.72997746380183e-19,0.75784932203381,0.971,0.486,2.590987247536e-15,"36h","ALPK2"
1.87390093983045e-19,0.768253587671682,0.762,0.367,2.80654143758406e-15,"36h","NTN4"
1.98687666021026e-19,0.516153830085188,0.983,0.805,2.97574517399691e-15,"36h","RIOK1"
1.99853146725919e-19,0.859577870112624,0.674,0.314,2.99320057851409e-15,"36h","ZNF407"
2.1835666687708e-19,0.556752685171668,1,0.768,3.27032779981803e-15,"36h","ENC1"
2.26253823922305e-19,0.548928165335028,0.919,0.652,3.38860352088436e-15,"36h","C4orf26"
2.28854493656577e-19,0.681591330426127,0.977,0.594,3.42755375149456e-15,"36h","GATA4"
2.6834926805016e-19,0.542885958932182,0.901,0.63,4.01906698758725e-15,"36h","KCNH6"
3.33654457117724e-19,0.658137148684451,0.855,0.474,4.99714280425215e-15,"36h","IER5"
3.71692955813738e-19,0.662990981541728,0.86,0.609,5.56684539922236e-15,"36h","QRFPR"
3.87544373743367e-19,0.520362616180404,0.959,0.85,5.80425208555441e-15,"36h","SORBS1"
4.35227410496743e-19,0.782797118965882,0.587,0.235,6.51840092700971e-15,"36h","CENPA"
4.46959976801675e-19,0.704982979033799,0.663,0.3,6.69411957255869e-15,"36h","ATAD3B"
4.48002921656011e-19,0.542960540411007,0.93,0.691,6.70973975764207e-15,"36h","CHIC2"
4.62983426584092e-19,0.555171500661041,0.977,0.77,6.93410277994994e-15,"36h","KIAA1524"
4.6551380582576e-19,0.888595016565548,0.436,0.133,6.97200026985241e-15,"36h","SOGA3"
5.41020515961934e-19,0.725842048194935,0.86,0.481,8.10286426756189e-15,"36h","MYO5B"
5.66136014434069e-19,0.869571314371673,0.593,0.232,8.47901908817905e-15,"36h","CD44"
6.46960080759541e-19,0.685373569880287,0.279,0.048,9.68952112953565e-15,"36h","FAM9B"
7.12929387656544e-19,0.529009719559131,0.988,0.751,1.06775434389321e-14,"36h","NAV2"
7.28468627369981e-19,0.629823645665207,0.349,0.077,1.09102746321202e-14,"36h","LYPD6B"
7.87512353314652e-19,0.54681403322626,0.953,0.744,1.17945725155935e-14,"36h","TIMM44"
7.88583683193237e-19,0.715467964060219,0.89,0.551,1.18106178231851e-14,"36h","AKAP2"
8.80436599118679e-19,0.744596105090071,0.837,0.491,1.31862989450005e-14,"36h","ABCC4"
8.97893713299872e-19,0.51554808778373,0.936,0.648,1.34477541440922e-14,"36h","IRAK2"
9.70149101579981e-19,0.751506718103659,0.744,0.346,1.45299230943634e-14,"36h","PCDH17"
1.03574699893559e-18,0.571864584040073,0.983,0.747,1.55123828030584e-14,"36h","ABLIM1"
1.08463033777246e-18,0.676581556699084,0.587,0.227,1.62445085688181e-14,"36h","MEX3B"
1.09623850487651e-18,0.523414815873789,0.936,0.727,1.64183640875355e-14,"36h","ITPA"
1.20504571881209e-18,0.552222762958615,0.936,0.701,1.80479697306487e-14,"36h","LTB4R"
1.20719330031511e-18,0.591173131771303,0.953,0.696,1.80801340588194e-14,"36h","LPCAT1"
1.26720470698848e-18,0.608781745874235,0.971,0.744,1.89789248965664e-14,"36h","ODZ4"
1.32670062474636e-18,0.728909964118716,0.57,0.206,1.98699952568262e-14,"36h","KIAA1024"
1.34491771994984e-18,0.525549587038071,0.994,0.778,2.01428326916888e-14,"36h","MYC"
1.37138303900922e-18,0.828979967832604,0.64,0.282,2.05392037752411e-14,"36h","PRKG1"
1.4694823827425e-18,0.672750774474085,0.436,0.125,2.20084376463344e-14,"36h","TBX20"
1.58454279052265e-18,0.56868982099613,0.93,0.727,2.37316973736578e-14,"36h","ZSCAN22"
1.66731803267718e-18,0.525725909292587,0.948,0.729,2.49714221754062e-14,"36h","C5orf55"
1.68780787052784e-18,0.666377183413036,0.988,0.592,2.52782984768954e-14,"36h","NCAM1"
1.72557261662448e-18,0.607479813853363,0.93,0.638,2.58439010791848e-14,"36h","DHX38"
1.76416742116942e-18,0.509639899870026,0.907,0.638,2.64219354668544e-14,"36h","FAM153B"
2.11209147534342e-18,0.589752863274384,0.483,0.143,3.16327940262185e-14,"36h","GREB1L"
2.29535960566871e-18,0.510150668499737,0.907,0.635,3.43776008141003e-14,"36h","NMUR1"
2.34156316595754e-18,0.689690187332183,0.814,0.461,3.50695915365461e-14,"36h","MVD"
2.6246366358852e-18,0.758879549868132,0.797,0.398,3.93091828956526e-14,"36h","HOXB3"
2.64790161933488e-18,0.726127400077812,0.43,0.121,3.96576225527784e-14,"36h","RCSD1"
2.72827299998795e-18,0.506625571038211,1,0.915,4.08613447208195e-14,"36h","DCLRE1C"
2.92039488589941e-18,0.708359532097044,0.826,0.447,4.37387542061154e-14,"36h","TAOK3"
3.04809801558998e-18,0.69034868441249,0.855,0.488,4.56513639794911e-14,"36h","NBPF15"
3.14803782463949e-18,0.558725219893296,0.82,0.553,4.71481624996256e-14,"36h","FGB"
3.16550628180647e-18,0.767666073253055,0.837,0.408,4.74097875826155e-14,"36h","PENK"
4.18283733397904e-18,0.544778956089402,0.988,0.715,6.26463547510041e-14,"36h","SNX18"
4.31817540525413e-18,0.747258938214104,0.948,0.527,6.46733130444911e-14,"36h","IFI16"
5.20031088662628e-18,0.766645895677648,0.471,0.152,7.78850561490018e-14,"36h","ST8SIA2"
5.34096739986056e-18,0.700326144494538,0.779,0.358,7.99916687477115e-14,"36h","CCNG2"
5.83628991683202e-18,0.689421972563174,0.82,0.517,8.74101140843932e-14,"36h","KATNB1"
5.95004438244247e-18,0.706171169991301,0.727,0.355,8.91138147158409e-14,"36h","RG9MTD2"
6.01660987007568e-18,0.71218662320655,0.849,0.497,9.01107660241235e-14,"36h","PURA"
6.58217778995341e-18,0.667547643606508,0.855,0.462,9.85812767601321e-14,"36h","SLC36A1"
7.10818034743625e-18,0.701155256351642,0.721,0.36,1.06459217063553e-13,"36h","DUS3L"
7.90968006587563e-18,0.730781312961432,0.657,0.273,1.18463278346619e-13,"36h","CEP128"
8.84541710747175e-18,0.653366317768041,0.959,0.59,1.32477812018604e-13,"36h","ROR2"
9.04669100180618e-18,0.62866553525984,0.692,0.302,1.35492291134051e-13,"36h","COL9A2"
1.09735430749777e-17,0.515954656439738,0.942,0.735,1.64350754633941e-13,"36h","ABHD15"
1.37965160031243e-17,0.774119575137026,0.488,0.176,2.06630420178792e-13,"36h","BACH2"
1.47874268137225e-17,0.649060375923001,0.878,0.553,2.21471291389121e-13,"36h","GOLIM4"
1.57757310200381e-17,0.611575458086796,0.802,0.488,2.3627312348711e-13,"36h","PCSK6"
1.81664616867616e-17,0.606604520719798,0.959,0.7,2.72079096682628e-13,"36h","CYP1B1"
1.95845381515881e-17,0.695391518055998,0.663,0.314,2.93317627896335e-13,"36h","RNF19B"
2.07666470748874e-17,0.504162109488135,0.355,0.089,3.11022073240589e-13,"36h","GLIS1"
2.11374609812041e-17,0.512617511354813,0.988,0.855,3.16575753115494e-13,"36h","ZNF124"
2.21962265423853e-17,0.824784802769497,0.57,0.239,3.32432884925305e-13,"36h","SYNDIG1"
2.2772945924257e-17,0.597443248059595,0.953,0.659,3.41070411107597e-13,"36h","KIF4A"
2.68548405942755e-17,0.574977675001473,0.948,0.771,4.02204947580463e-13,"36h","OBFC2A"
2.77216075207706e-17,0.502027759067334,0.977,0.742,4.15186515838582e-13,"36h","SFMBT2"
2.91970535710385e-17,0.517337714414312,0.953,0.754,4.37284271333444e-13,"36h","HEATR3"
3.10546642262855e-17,0.635989724791311,0.895,0.512,4.65105706117079e-13,"36h","SNX25"
5.19720864367429e-17,0.53330102014621,0.86,0.602,7.78385938563098e-13,"36h","PLA2G4E"
5.32281592624484e-17,0.7376345152571,0.657,0.311,7.9719814127369e-13,"36h","TSPYL2"
5.40496316294337e-17,0.7087889230642,0.657,0.311,8.09501332914028e-13,"36h","ARHGEF10L"
5.77095628920497e-17,0.650390745648793,0.401,0.118,8.64316123434228e-13,"36h","NTRK1"
6.97732937098426e-17,0.645043174929908,0.878,0.52,1.04499461989231e-12,"36h","ESPL1"
7.65788867237217e-17,0.592669620247845,0.256,0.046,1.14692198646118e-12,"36h","AQP3"
8.23491349528274e-17,0.600966092121036,0.709,0.386,1.2333429941885e-12,"36h","TNS4"
8.48587700632311e-17,0.750492800678916,0.529,0.203,1.27092979923701e-12,"36h","PDZRN3"
1.05472163375023e-16,0.525141438098965,0.89,0.619,1.57965659086772e-12,"36h","MRAS"
1.08732515831927e-16,0.63683188127507,0.349,0.089,1.62848688961477e-12,"36h","TNFAIP3"
1.1705240982366e-16,0.631328194796919,0.43,0.137,1.75309394192895e-12,"36h","CLCN2"
1.23208456387603e-16,0.762056203957916,0.494,0.177,1.84529305131713e-12,"36h","SMPDL3A"
1.35347721409254e-16,0.650294941461503,0.779,0.468,2.02710282354639e-12,"36h","BIN1"
1.37074683386554e-16,0.686533223628393,0.82,0.495,2.05296753308042e-12,"36h","E2F8"
1.43067684796904e-16,0.52247874194041,0.959,0.735,2.14272471520324e-12,"36h","CDCA8"
1.44503984507062e-16,0.636483551651753,0.709,0.34,2.16423617596227e-12,"36h","PRKCD"
1.72145013359439e-16,0.552913030111948,0.913,0.659,2.57821586508432e-12,"36h","RRP9"
1.7368225752344e-16,0.59425282377693,0.948,0.676,2.60123917092855e-12,"36h","NRIP1"
1.80426980929402e-16,0.657425145687384,0.762,0.369,2.70225489337965e-12,"36h","MEIS2"
1.8341336063062e-16,0.549936200814067,0.93,0.672,2.7469819021648e-12,"36h","IMP4"
1.92756860281949e-16,0.702005670217801,0.343,0.09,2.88691949644275e-12,"36h","SLC9B2"
2.29624597439147e-16,0.535859441368517,0.913,0.698,3.4390875958461e-12,"36h","EIF5AL1"
2.40782608619523e-16,0.557683570358511,0.919,0.667,3.6062011292946e-12,"36h","NBPF1"
2.43396702679102e-16,0.622456503406932,0.93,0.601,3.64535241602491e-12,"36h","DDX20"
2.46206430561634e-16,0.567891200938633,0.977,0.698,3.68743371052159e-12,"36h","STAG1"
2.84029982285391e-16,0.658123574350255,0.878,0.524,4.25391704468831e-12,"36h","PUS3"
2.8696557119896e-16,0.628104342573544,0.89,0.616,4.29788335984682e-12,"36h","CCDC76"
2.9151766582341e-16,0.729973752774294,0.57,0.242,4.36606008103721e-12,"36h","ABHD6"
2.95190446741859e-16,0.655077349181642,0.814,0.459,4.42106732085282e-12,"36h","IKZF5"
2.9975438959151e-16,0.696931845212085,0.465,0.16,4.48942149291204e-12,"36h","RIMBP2"
3.07854298816285e-16,0.582323343689279,0.866,0.59,4.6107338333715e-12,"36h","SURF2"
3.12023767979382e-16,0.579682324213047,1,0.667,4.6731799730272e-12,"36h","COL5A1"
3.24707743283634e-16,0.614515496794172,0.924,0.606,4.86314787115899e-12,"36h","PLK4"
3.43423951279593e-16,0.62392246482499,0.884,0.572,5.14346051831447e-12,"36h","JHDM1D"
3.58742160732266e-16,0.670064727166452,0.797,0.451,5.37288134128715e-12,"36h","GLRX2"
4.4098261988589e-16,0.664068577732391,0.855,0.534,6.60459669803097e-12,"36h","SSFA2"
4.42979187415109e-16,0.65337369691512,0.802,0.488,6.63449928991609e-12,"36h","IMPDH1"
4.55311870475373e-16,0.565031534013004,0.907,0.679,6.81920588410966e-12,"36h","TRIM52"
5.44272102994651e-16,0.546607721585773,0.872,0.63,8.15156328655089e-12,"36h","EXOSC4"
5.72668309000264e-16,0.581438921768767,0.849,0.59,8.57685326389695e-12,"36h","IRAK3"
5.92362826818815e-16,0.62460059100712,0.785,0.418,8.8718180572654e-12,"36h","RRP8"
6.27334657943006e-16,0.67566083075052,0.738,0.392,9.3955911720124e-12,"36h","WNT3"
7.33265999830613e-16,0.53275181807773,0.919,0.672,1.09821248794631e-11,"36h","COQ7"
7.407791171653e-16,0.515640258158328,0.953,0.676,1.10946488377847e-11,"36h","NCLN"
8.18255134670354e-16,0.631802457537232,0.767,0.439,1.22550071519579e-11,"36h","REEP4"
8.43885380777928e-16,0.601684242259406,0.814,0.546,1.2638871347911e-11,"36h","PES1"
8.68273322765971e-16,0.599473056343893,0.837,0.488,1.30041295550659e-11,"36h","BOP1"
9.43853736474228e-16,0.707034001309582,0.308,0.075,1.41360974111745e-11,"36h","C11orf87"
9.62902351120376e-16,0.637520298338401,0.744,0.358,1.44213885127299e-11,"36h","MORC4"
9.72870457224035e-16,0.54400209046909,0.936,0.681,1.45706808378444e-11,"36h","GCAT"
1.08918568690147e-15,0.521980876192565,0.959,0.722,1.63127340327233e-11,"36h","RNF24"
1.09419482599465e-15,0.567433586885392,0.843,0.558,1.63877559089218e-11,"36h","MURC"
1.09530194318903e-15,0.615070899459449,0.953,0.618,1.64043372031422e-11,"36h","ASS1"
1.16582815078269e-15,0.624115808115296,0.942,0.57,1.74606082142723e-11,"36h","PLAU"
1.21896555743121e-15,0.506580122283375,0.971,0.766,1.82564471536472e-11,"36h","ANTXR2"
1.2471294691988e-15,0.693602472594791,0.86,0.457,1.86782580601904e-11,"36h","ZEB1"
1.48834876018292e-15,0.656761031191836,0.86,0.519,2.22909993812596e-11,"36h","EXO1"
1.70455826193625e-15,0.606710786425783,0.82,0.519,2.55291690890192e-11,"36h","TAF5L"
1.71711173642152e-15,0.627321118503239,0.831,0.497,2.57171824763852e-11,"36h","POP1"
2.13245628595934e-15,0.598564329173458,0.913,0.662,3.1937797794813e-11,"36h","CCDC41"
2.16770583354807e-15,0.687945698362072,0.64,0.333,3.24657302690495e-11,"36h","PCYT2"
2.26806748102069e-15,0.72405284736979,0.483,0.189,3.39688466632469e-11,"36h","DPH1"
2.57060801855442e-15,0.532076616061962,0.843,0.645,3.84999962938896e-11,"36h","WFDC8"
2.66729463845963e-15,0.65060114423793,0.808,0.471,3.99480718002099e-11,"36h","C9orf102"
3.09346524616851e-15,0.775562159536187,0.378,0.121,4.63308289918657e-11,"36h","EDNRA"
3.21839998907846e-15,0.519730180105223,0.924,0.676,4.82019766364281e-11,"36h","ITGB8"
3.31268688666901e-15,0.614185870817388,0.866,0.652,4.96141115016417e-11,"36h","COCH"
3.51298769420539e-15,0.588677105312407,0.837,0.549,5.26140166961141e-11,"36h","FANCC"
3.58798446306595e-15,0.509736637720658,0.82,0.52,5.37372433033387e-11,"36h","DNAJC30"
3.65338937885307e-15,0.593730234550547,0.721,0.404,5.47168127270824e-11,"36h","C1orf182"
3.83709637380386e-15,0.513434842870391,0.988,0.804,5.74681923904604e-11,"36h","DEPDC1"
3.85966941587047e-15,0.611704145484125,0.762,0.422,5.7806268841492e-11,"36h","NOC4L"
4.06301105306759e-15,0.500974532381022,0.965,0.785,6.08517165417934e-11,"36h","METTL10"
4.14832845293693e-15,0.539728186922219,0.884,0.677,6.21295152396364e-11,"36h","WDR4"
4.39989936331937e-15,0.630262842831855,0.297,0.07,6.58972927644341e-11,"36h","RALYL"
4.42320011687132e-15,0.658729505218824,0.762,0.392,6.62462681503818e-11,"36h","TMPRSS11E"
5.04419291221883e-15,0.572020327365017,0.971,0.647,7.55468772463014e-11,"36h","TMOD1"
5.21193326657896e-15,0.68135180238786,0.297,0.072,7.80591245335531e-11,"36h","GPR183"
5.31739757149351e-15,0.579637348600764,0.93,0.66,7.96386634282584e-11,"36h","ZBTB10"
6.46009067910784e-15,0.52438996252243,0.924,0.693,9.67527781009981e-11,"36h","TMEM57"
6.8893164248857e-15,0.640945878102661,0.401,0.131,1.03181292095513e-10,"36h","METAP1D"
7.27741641285546e-15,0.641728021422841,0.692,0.355,1.08993865615336e-10,"36h","RNF217"
7.60285550291256e-15,0.66682985587047,0.721,0.387,1.13867966867121e-10,"36h","ECSIT"
8.32256938523214e-15,0.537467352971252,0.953,0.712,1.24647121682622e-10,"36h","HMMR"
8.53888855039576e-15,0.541546873025415,0.901,0.674,1.27886933819277e-10,"36h","RHOT2"
9.13516943954272e-15,0.52048236831326,0.901,0.666,1.36817432696031e-10,"36h","DUS1L"
9.3677216391596e-15,0.509294930928162,0.953,0.794,1.40300366989693e-10,"36h","TAF1"
9.92092258272667e-15,0.511353555232215,0.93,0.746,1.48585657521497e-10,"36h","WDR74"
1.01817243168073e-14,0.594461421795933,0.826,0.529,1.52491685092823e-10,"36h","REXO4"
1.03740260013723e-14,0.566527139750327,0.895,0.599,1.55371787422553e-10,"36h","MTMR4"
1.04292219723259e-14,0.766412282592366,0.436,0.159,1.56198457479525e-10,"36h","ARHGAP11B"
1.04783604418949e-14,0.575486803032279,0.884,0.599,1.5693440433826e-10,"36h","INO80"
1.10624183766474e-14,0.574689685817803,0.924,0.64,1.65681840027047e-10,"36h","FANCB"
1.15423537371488e-14,0.502723830616227,0.715,0.416,1.72869831921278e-10,"36h","ABCA13"
1.1711076141083e-14,0.575364347595992,0.872,0.56,1.75396787364999e-10,"36h","EPC1"
1.21267454101637e-14,0.534452660453432,0.988,0.727,1.81622266008022e-10,"36h","AMIGO2"
1.31304181858522e-14,0.631854257189984,0.872,0.575,1.96654273169509e-10,"36h","RCBTB2"
1.60201823272051e-14,0.565456642254472,0.773,0.394,2.39934270714551e-10,"36h","SATB2"
1.66476801197274e-14,0.525867213282543,0.837,0.604,2.49332305153157e-10,"36h","MCCC2"
1.71252354245054e-14,0.585781965689073,0.988,0.616,2.56484650952818e-10,"36h","PCDH7"
1.92085644600843e-14,0.668892370443874,0.645,0.331,2.87686669918682e-10,"36h","RRP1"
1.97326788707609e-14,0.650416902785262,0.721,0.394,2.95536331447386e-10,"36h","C10orf12"
2.07469329676021e-14,0.637733588569332,0.814,0.517,3.10726815055777e-10,"36h","POLR3B"
2.09424689062617e-14,0.5599651924318,0.977,0.672,3.13655356809082e-10,"36h","DEPDC1B"
2.15969823034349e-14,0.620470441361526,0.436,0.159,3.23458003958545e-10,"36h","CMTM8"
2.50340439287599e-14,0.59373370239651,0.651,0.299,3.74934875921038e-10,"36h","RASSF10"
2.5438924807447e-14,0.667398778596222,0.715,0.384,3.80998776841133e-10,"36h","COMMD3-BMI1"
2.77240351001224e-14,0.688715700583041,0.581,0.285,4.15222873694533e-10,"36h","TSSC4"
2.9152408378709e-14,0.5309943651835,0.948,0.698,4.36615620287924e-10,"36h","AADAT"
3.18379764062966e-14,0.589047426363339,0.89,0.498,4.76837372637105e-10,"36h","MYOF"
3.53904347270509e-14,0.671934978740201,0.36,0.113,5.30042540907041e-10,"36h","GPR18"
3.55500467281198e-14,0.672770719389591,0.477,0.188,5.3243304984705e-10,"36h","KLF4"
3.62888270325123e-14,0.532139929976244,0.959,0.766,5.43497762465936e-10,"36h","CD1D"
3.86210890958777e-14,0.518584205230938,0.855,0.613,5.78428051388961e-10,"36h","ZC3H18"
4.22402644710005e-14,0.654290083871543,0.599,0.276,6.32632440982175e-10,"36h","PPARGC1B"
4.31390279002307e-14,0.656885717307684,0.709,0.374,6.46093220861755e-10,"36h","TAF5"
5.50486669935857e-14,0.592122767098963,0.965,0.618,8.24463885562934e-10,"36h","NFIB"
5.97505175149243e-14,0.576161817408411,0.849,0.602,8.94883500821021e-10,"36h","SLC35D1"
6.65917812835672e-14,0.591646097107701,0.727,0.422,9.97345108283987e-10,"36h","GTPBP6"
6.72011502459468e-14,0.575105075421308,0.407,0.142,1.00647162723354e-09,"36h","KLHL29"
7.22938246797338e-14,0.569949232943243,0.587,0.268,1.08274461222837e-09,"36h","MAPK12"
7.3539149183557e-14,0.564854999094399,0.959,0.618,1.10139583732213e-09,"36h","KIF15"
7.66633301388776e-14,0.627208212332816,0.628,0.309,1.14818669548997e-09,"36h","JMJD4"
8.09319312061183e-14,0.584482450196989,0.384,0.128,1.21211753367403e-09,"36h","ANXA1"
8.24187302342261e-14,0.567653438560254,0.401,0.135,1.234385322718e-09,"36h","RUNX1"
8.40782817511091e-14,0.603009437872191,0.756,0.408,1.25924042578636e-09,"36h","WIPF1"
1.19639563960921e-13,0.533003699522838,0.913,0.689,1.79184174944272e-09,"36h","FAM13A"
1.24109156521818e-13,0.636142523228573,0.628,0.312,1.85878283722727e-09,"36h","LDLRAD3"
1.28673725546452e-13,0.575364917641698,0.936,0.56,1.92714638750921e-09,"36h","TRPS1"
1.41087745862316e-13,0.620559345754365,0.401,0.148,2.11307116977991e-09,"36h","NUP210L"
1.48473502338295e-13,0.593161833210843,0.797,0.497,2.22368764452064e-09,"36h","PGBD2"
1.65874920080846e-13,0.501750499314894,0.791,0.447,2.48430867805084e-09,"36h","KIFC1"
1.66033798043221e-13,0.540984170174587,0.89,0.676,2.48668819329332e-09,"36h","SPPL2A"
1.68419437949021e-13,0.50610313846769,0.948,0.715,2.52241792216249e-09,"36h","PRDM2"
1.72751583102461e-13,0.54681433343565,0.843,0.565,2.58730046012556e-09,"36h","RPRD1B"
1.73701906533691e-13,0.538375958904541,0.895,0.601,2.60153345415509e-09,"36h","TMEM199"
1.75887175893436e-13,0.659906279904627,0.68,0.367,2.634262233356e-09,"36h","ZNF660"
1.76896351980567e-13,0.528197084588333,0.488,0.222,2.64937666361296e-09,"36h","BCO2"
1.88333552360621e-13,0.553512161850544,0.866,0.575,2.82067161370502e-09,"36h","RAD54L2"
1.92037284864372e-13,0.538274920175377,0.808,0.464,2.8761424154137e-09,"36h","TOR3A"
2.02225541988921e-13,0.608586681499838,0.994,0.621,3.02873194236808e-09,"36h","GLIPR2"
2.07679755282103e-13,0.512884893184666,0.64,0.372,3.11041969486006e-09,"36h","C19orf35"
2.10212369017907e-13,0.602851796921503,0.826,0.596,3.1483506507812e-09,"36h","PDZD8"
2.10281021132997e-13,0.570753595696056,0.262,0.063,3.14937885350889e-09,"36h","HTR1E"
2.28900933494474e-13,0.606929662723623,0.709,0.379,3.42824928094674e-09,"36h","ITFG2"
2.54522751653048e-13,0.517564189333973,0.872,0.527,3.81198725150769e-09,"36h","MBD3"
2.62745623438108e-13,0.541146525285064,0.924,0.611,3.93514120223254e-09,"36h","ATAD2B"
2.65089027948285e-13,0.503225992202654,0.907,0.633,3.97023837158146e-09,"36h","WDR5"
2.73830832006192e-13,0.538022518302985,0.843,0.608,4.10116437095673e-09,"36h","WDR18"
2.84488455333882e-13,0.538473807273192,0.86,0.592,4.26078359553555e-09,"36h","TMC6"
2.99922913749883e-13,0.64192111053364,0.68,0.365,4.491945479232e-09,"36h","PRR3"
3.01342367205293e-13,0.629782924160208,0.762,0.459,4.51320463363367e-09,"36h","SMYD2"
3.09615014473251e-13,0.62223908586994,0.797,0.486,4.63710407176587e-09,"36h","SCLT1"
3.19720033272594e-13,0.592718049211261,0.895,0.497,4.78844693832364e-09,"36h","MAN1A1"
3.57819943813609e-13,0.647980671084782,0.605,0.295,5.35906929849643e-09,"36h","SCFD2"
3.58409060648205e-13,0.596393522322298,0.703,0.387,5.36789250132817e-09,"36h","TRAF3"
3.92046068178923e-13,0.502411226885506,0.93,0.662,5.87167396311573e-09,"36h","TMEM185A"
4.00743727732995e-13,0.582511269163007,0.372,0.126,6.00193881025707e-09,"36h","C12orf71"
4.13467653628845e-13,0.558089096100342,0.744,0.466,6.19250504839921e-09,"36h","PCBP4"
4.27760568857457e-13,0.68275985420015,0.75,0.464,6.40657003977814e-09,"36h","FIGNL1"
4.55215424017897e-13,0.511331808877518,0.924,0.724,6.81776140551605e-09,"36h","REV3L"
4.56501637345134e-13,0.525978984670942,0.849,0.616,6.83702502251807e-09,"36h","SKI"
4.68134924414151e-13,0.568780708260454,0.948,0.592,7.01125676295074e-09,"36h","TTC39B"
4.73806618650382e-13,0.71144940429186,0.494,0.225,7.09620172752677e-09,"36h","KLF5"
4.74629133468429e-13,0.584142134611369,0.715,0.423,7.10852053195666e-09,"36h","CEP164"
4.79322387372116e-13,0.734156436139681,0.401,0.148,7.17881139567218e-09,"36h","FAM70A"
4.93732031960527e-13,0.500987735905529,0.924,0.744,7.39462464267281e-09,"36h","CLCN5"
5.31521317696081e-13,0.541485502710051,0.866,0.601,7.9605947751342e-09,"36h","CDCA3"
5.47798906853374e-13,0.505693674535148,0.919,0.698,8.20438422794299e-09,"36h","SLC25A44"
5.94685047314938e-13,0.526622574552879,0.878,0.59,8.90659795363583e-09,"36h","FANCA"
6.28843168994702e-13,0.570646882202404,0.895,0.498,9.41818414203365e-09,"36h","GAD1"
6.66272447661848e-13,0.606029435366705,0.733,0.432,9.9787624486315e-09,"36h","NCAPH2"
7.73119962530277e-13,0.582203431417312,0.802,0.5,1.1579017678816e-08,"36h","BCL11B"
7.83682679222031e-13,0.544207723742384,0.901,0.58,1.17372154867084e-08,"36h","ARHGAP42"
7.92676186637873e-13,0.56881866539346,0.738,0.41,1.18719112472754e-08,"36h","TEX261"
8.64270378816832e-13,0.582116381728564,0.988,0.589,1.29441774635397e-08,"36h","COLEC12"
8.88301370263761e-13,0.504459813383764,0.971,0.739,1.33040896224403e-08,"36h","NUF2"
9.58243733198566e-13,0.562590777124002,0.826,0.459,1.43516163921149e-08,"36h","PLAGL1"
1.00233570251447e-12,0.52908244147841,0.302,0.089,1.50119818165593e-08,"36h","CT45A5"
1.05487531218045e-12,0.579912558720854,0.814,0.52,1.57988675505267e-08,"36h","USP51"
1.10374753942695e-12,0.548225203245988,0.86,0.568,1.65308268979974e-08,"36h","C1orf109"
1.10605958637426e-12,0.606921308245445,0.384,0.138,1.65654544251274e-08,"36h","CISH"
1.1114419600304e-12,0.525919229482683,0.337,0.108,1.66460662353753e-08,"36h","BOC"
1.18212878426152e-12,0.546000936656981,0.884,0.611,1.77047428018848e-08,"36h","CHUK"
1.39794668570415e-12,0.605431143920959,0.372,0.131,2.0937047511791e-08,"36h","TRPV2"
1.44879322623093e-12,0.556217903795979,0.738,0.461,2.16985761492606e-08,"36h","THOP1"
1.60177080201331e-12,0.512200648182519,0.93,0.713,2.39897213017533e-08,"36h","RPS6KB1"
1.64903414362931e-12,0.591550165706031,0.767,0.517,2.46975843691362e-08,"36h","POLA2"
1.65186052447217e-12,0.51807919131498,0.901,0.642,2.47399150750197e-08,"36h","KCTD15"
1.84707663377943e-12,0.555698552846042,0.762,0.473,2.76636667441146e-08,"36h","MVK"
1.91357798307847e-12,0.606342988940474,0.576,0.276,2.86596574525663e-08,"36h","TIAM2"
1.98853764897474e-12,0.505704946335894,0.703,0.381,2.97823283686948e-08,"36h","TMEM51"
2.02712826617702e-12,0.520959104508308,0.953,0.657,3.03603000425333e-08,"36h","MT1X"
2.04211594622173e-12,0.55448447432736,0.808,0.471,3.05847705265629e-08,"36h","TASP1"
2.06886667268598e-12,0.613880384078924,0.57,0.299,3.09854161568179e-08,"36h","DCAF4L1"
2.07587528389157e-12,0.535477705858636,0.849,0.507,3.10903841268441e-08,"36h","POLR3H"
2.13734573379785e-12,0.632373126599438,0.715,0.423,3.20110270550903e-08,"36h","ALG14"
2.18902678703709e-12,0.596331336440725,0.593,0.282,3.27850541894546e-08,"36h","FSD1L"
2.21117796687564e-12,0.554238203154958,0.738,0.435,3.31168124098965e-08,"36h","AKAP8L"
2.36847555185244e-12,0.544459399428756,0.895,0.621,3.5472658340094e-08,"36h","RSBN1"
2.37995449725829e-12,0.540191480115588,0.907,0.671,3.56445785054374e-08,"36h","NDC80"
2.7429514681721e-12,0.552747198800682,0.907,0.657,4.10811841388135e-08,"36h","MPHOSPH9"
2.84366111843971e-12,0.583958615702249,0.756,0.442,4.25895125708715e-08,"36h","ADAMTS1"
2.86254374527947e-12,0.590005700819026,0.523,0.229,4.28723176730506e-08,"36h","KEL"
3.26493338009055e-12,0.551894409127871,0.843,0.512,4.88989072336162e-08,"36h","PRPF18"
3.3817279066386e-12,0.525870530457363,0.89,0.584,5.06481388577262e-08,"36h","ZBTB2"
3.99825712236558e-12,0.666429540217723,0.663,0.365,5.98818969216693e-08,"36h","RGS2"
4.27092340473157e-12,0.58518841435869,0.715,0.399,6.39656198326648e-08,"36h","CLCN4"
4.63842541299733e-12,0.563134030530012,0.797,0.507,6.9469697410461e-08,"36h","ACVR1"
4.64323165180436e-12,0.588940307145539,0.669,0.382,6.95416804490739e-08,"36h","CHMP6"
4.98499363186569e-12,0.520132191723667,0.355,0.128,7.46602496244524e-08,"36h","KSR1"
6.03522838513622e-12,0.525888645615635,0.5,0.218,9.03896155241852e-08,"36h","PLEKHA7"
6.23135141052434e-12,0.525774911132563,0.872,0.572,9.3326950075423e-08,"36h","RBM4B"
6.34182624008404e-12,0.58342090696278,0.686,0.401,9.49815315977387e-08,"36h","FASTK"
6.55249579818398e-12,0.589462701626156,0.733,0.457,9.81367295694014e-08,"36h","DDX49"
6.70066279462509e-12,0.533635301748214,0.366,0.13,1.003558266751e-07,"36h","ST6GALNAC5"
6.80262497158484e-12,0.506458629388125,0.733,0.41,1.01882914199426e-07,"36h","TMEM5"
7.06032945121848e-12,0.543410268203767,0.756,0.466,1.05742554190899e-07,"36h","PACRGL"
7.98189216507355e-12,0.567013081388978,0.698,0.341,1.19544798956307e-07,"36h","RBM24"
8.55914069177064e-12,0.502082241203138,0.744,0.437,1.28190250140649e-07,"36h","L1CAM"
8.84760464352254e-12,0.536094997985707,0.657,0.353,1.32510574746037e-07,"36h","GPN2"
9.06926087765718e-12,0.569230419260804,0.547,0.265,1.35830320164672e-07,"36h","CYTH3"
1.01806783910234e-11,0.511616253510519,0.797,0.543,1.52476020262357e-07,"36h","CRAMP1L"
1.01950865120875e-11,0.523859464676383,0.733,0.444,1.52691810691535e-07,"36h","GALNT10"
1.02581270206563e-11,0.502065748231627,0.837,0.536,1.53635968388369e-07,"36h","ZNF236"
1.07110978766842e-11,0.519030423808603,0.82,0.522,1.60420112899099e-07,"36h","CXXC1"
1.12170511815372e-11,0.500256728607049,0.488,0.208,1.67997775545883e-07,"36h","PLXNC1"
1.12407560473496e-11,0.551387267323673,0.651,0.381,1.68352803321154e-07,"36h","PGBD4"
1.15721461956197e-11,0.575455640563562,0.791,0.548,1.73316033571797e-07,"36h","ABCB10"
1.21759765715497e-11,0.599753310909096,0.645,0.392,1.823596011121e-07,"36h","PHF2"
1.24544447013883e-11,0.501307557219516,0.837,0.538,1.86530218292693e-07,"36h","RRP12"
1.24764694840705e-11,0.570639637410262,0.599,0.295,1.86860083462924e-07,"36h","KAT5"
1.30528466585475e-11,0.523919213501143,0.779,0.49,1.95492484405066e-07,"36h","GPR111"
1.32038368636685e-11,0.546468572063911,0.674,0.372,1.97753864707162e-07,"36h","BTBD6"
1.37853248817076e-11,0.563797643414776,0.552,0.258,2.06462810753334e-07,"36h","CDADC1"
1.472412398407e-11,0.607536991507939,0.552,0.28,2.20523204909416e-07,"36h","ABHD3"
1.78824579592961e-11,0.541377345036703,0.744,0.401,2.67825572856377e-07,"36h","KIAA1217"
1.80130245040324e-11,0.698994657382455,0.372,0.145,2.69781067996893e-07,"36h","DDR2"
1.84646541797937e-11,0.57012807421323,0.436,0.181,2.76545125650771e-07,"36h","CASP7"
1.94073533473808e-11,0.529453315207238,0.86,0.568,2.90663931083722e-07,"36h","DCUN1D3"
2.09232191692821e-11,0.591192356015151,0.64,0.374,3.13367053498338e-07,"36h","CDC42EP4"
2.15694797869246e-11,0.502393516640088,0.837,0.608,3.2304609876877e-07,"36h","BRD9"
2.19624224790143e-11,0.60800765416786,0.337,0.118,3.28931201468197e-07,"36h","KCNJ13"
2.23956265190176e-11,0.581783812411081,0.483,0.229,3.35419298375327e-07,"36h","ZGPAT"
2.40111868439446e-11,0.500550031351787,0.878,0.575,3.59615545361759e-07,"36h","SLC19A2"
2.40455894231375e-11,0.544061536528542,0.779,0.548,3.6013079279033e-07,"36h","TRMT1"
2.40902417148475e-11,0.645158573447292,0.517,0.253,3.60799550163272e-07,"36h","FAM167A"
2.59520784784157e-11,0.594189224721116,0.337,0.125,3.88684279371232e-07,"36h","EVI2A"
2.67769676804059e-11,0.522431609194716,0.733,0.425,4.01038644949439e-07,"36h","ZNF746"
2.90860361953438e-11,0.519886167716779,0.843,0.578,4.35621564097664e-07,"36h","RACGAP1"
2.94535854805663e-11,0.518570928089994,0.75,0.445,4.41126349742442e-07,"36h","TBL3"
2.94662431828298e-11,0.534196824152279,0.738,0.377,4.41315924149241e-07,"36h","MYCN"
3.04465898430143e-11,0.506036178280746,0.552,0.265,4.55998576078824e-07,"36h","CCDC94"
3.16138706434719e-11,0.528054505498023,0.814,0.543,4.73480940627278e-07,"36h","TRAK2"
3.19917406720966e-11,0.519549100087106,0.843,0.551,4.79140300045991e-07,"36h","LHFPL2"
3.39860032440325e-11,0.567986967975523,0.75,0.517,5.09008370585875e-07,"36h","DPY19L2"
3.47035001488605e-11,0.551916525971381,0.453,0.2,5.19754321729483e-07,"36h","HPDL"
3.72043434496294e-11,0.50066390739803,0.826,0.531,5.572094518451e-07,"36h","ZNF614"
3.95447418911173e-11,0.523819501174309,0.593,0.294,5.92261599303264e-07,"36h","CHPT1"
3.98089942444242e-11,0.548853841691625,0.651,0.377,5.96219306798741e-07,"36h","THAP7"
3.98111703790585e-11,0.534398891620561,0.808,0.546,5.9625189876716e-07,"36h","ZNF830"
4.04129936969383e-11,0.570518911808258,0.698,0.422,6.05265406599045e-07,"36h","CYB561D2"
4.056694460411e-11,0.513374136515964,0.86,0.56,6.07571129335755e-07,"36h","POLE2"
4.07110669407548e-11,0.592689544729489,0.703,0.44,6.09729649571685e-07,"36h","FAM122A"
4.08774788189398e-11,0.540562636419787,0.453,0.2,6.12222000271261e-07,"36h","RYR3"
4.3427656918118e-11,0.529539723939465,0.82,0.52,6.50416017662654e-07,"36h","JAKMIP2"
4.47544513027348e-11,0.542730385452334,0.797,0.558,6.70287417161058e-07,"36h","STXBP4"
4.55364369891443e-11,0.534838699339582,0.378,0.145,6.81999216786414e-07,"36h","DEC1"
4.93594621953536e-11,0.503461770529928,0.872,0.59,7.39256665299812e-07,"36h","SMAD1"
4.99504636433846e-11,0.567316933750835,0.599,0.297,7.48108093986971e-07,"36h","DOCK5"
5.14162271111386e-11,0.600343091882578,0.378,0.15,7.70060833443523e-07,"36h","MARCH1"
5.2178619037007e-11,0.508004815984824,0.837,0.611,7.81479177317253e-07,"36h","TET3"
5.8048626209526e-11,0.549799768534262,0.552,0.28,8.69394274740071e-07,"36h","PDSS1"
5.98486829681177e-11,0.552092803886189,0.767,0.526,8.963537248135e-07,"36h","PWP2"
6.08578785137657e-11,0.578376624363633,0.61,0.316,9.11468446500669e-07,"36h","ZNF792"
6.11379216311476e-11,0.58094675088928,0.651,0.353,9.15662652269698e-07,"36h","PYROXD1"
6.16179549801962e-11,0.543266493805416,0.773,0.509,9.22852111738398e-07,"36h","NEK7"
6.23755062279983e-11,0.544084922153125,0.692,0.377,9.3419795677673e-07,"36h","PCGF1"
6.87786594995862e-11,0.583362475986967,0.297,0.097,1.0300979833253e-06,"36h","REP15"
8.14135519267408e-11,0.583583231520927,0.407,0.169,1.2193307672068e-06,"36h","FAM196A"
8.50067182460854e-11,0.518493231515712,0.727,0.471,1.27314561917162e-06,"36h","SPNS1"
1.00676675531182e-10,0.528376739244338,0.773,0.483,1.50783456943051e-06,"36h","CCND3"
1.07293057399624e-10,0.514590282348975,0.698,0.422,1.60692812067417e-06,"36h","CDH4"
1.12701839776316e-10,0.516734880086181,0.733,0.386,1.68793545432988e-06,"36h","MYL7"
1.23881720677262e-10,0.509678981715232,0.756,0.471,1.85537653058336e-06,"36h","TOP1MT"
1.33524468499179e-10,0.518095819764984,0.709,0.447,1.9997959647122e-06,"36h","CLEC16A"
1.38213733807848e-10,0.655871360951814,0.535,0.268,2.07002709124015e-06,"36h","FAM21A"
1.39349797585252e-10,0.503222836374845,0.785,0.522,2.08704191843433e-06,"36h","CENPT"
1.44173986564298e-10,0.532483995919438,0.767,0.558,2.1592937967735e-06,"36h","PAF1"
1.55217941214513e-10,0.601358898783598,0.401,0.172,2.32469910556977e-06,"36h","EDARADD"
1.65820529688893e-10,0.581550402028561,0.506,0.253,2.48349407315054e-06,"36h","JAK2"
1.88695230267095e-10,0.512843394218033,0.64,0.374,2.82608846371028e-06,"36h","ABCA5"
1.88751558676426e-10,0.563352548566163,0.762,0.433,2.82693209429684e-06,"36h","ERCC-00025"
2.17235531138317e-10,0.510617018949949,0.808,0.538,3.25353654985858e-06,"36h","POLQ"
2.20115647084521e-10,0.709836392583427,0.483,0.241,3.29667204638487e-06,"36h","TEX15"
2.23333130607659e-10,0.508020266491308,0.808,0.546,3.34486029711091e-06,"36h","ZNF238"
2.25874064293266e-10,0.523372084648291,0.82,0.555,3.38291586092025e-06,"36h","NEDD4"
2.36610300739858e-10,0.517349059114965,0.587,0.294,3.54371247418085e-06,"36h","HIRIP3"
2.57360241709072e-10,0.535772269653065,0.75,0.526,3.85448434007678e-06,"36h","R3HCC1"
2.70840167334572e-10,0.545569320477981,0.547,0.275,4.05637318616989e-06,"36h","ARHGEF3"
2.96200732534445e-10,0.512913616047786,0.698,0.396,4.43619837116838e-06,"36h","AKAP10"
3.11500626714713e-10,0.523764976836791,0.837,0.601,4.66534488630625e-06,"36h","CDCA2"
3.2204894829661e-10,0.565499362690425,0.285,0.097,4.82332709863833e-06,"36h","XYLB"
4.01554188146692e-10,0.548658341670348,0.564,0.309,6.01407707587301e-06,"36h","DENND2C"
4.33953213852084e-10,0.51420404970112,0.587,0.324,6.49931728386266e-06,"36h","GNA11"
4.35108979620738e-10,0.589603466566564,0.686,0.413,6.5166271877798e-06,"36h","UBXN8"
4.69097432953059e-10,0.520192175485163,0.61,0.338,7.02567225333796e-06,"36h","C8orf38"
4.82827713561462e-10,0.721771715596488,0.279,0.097,7.23131066601002e-06,"36h","DIRAS3"
4.85101780638251e-10,0.614629813779823,0.535,0.268,7.26536936861908e-06,"36h","LINS"
5.04706153825406e-10,0.595452345733716,0.523,0.282,7.55898406584311e-06,"36h","CLPB"
5.28709277492524e-10,0.556154787497589,0.547,0.275,7.91847884900553e-06,"36h","ZFP1"
5.41337278355932e-10,0.547244768653731,0.523,0.265,8.10760841793679e-06,"36h","CDC42EP2"
5.65594797087247e-10,0.506158556624257,0.773,0.549,8.4709132759757e-06,"36h","DMAP1"
7.21889824127962e-10,0.519416599493612,0.791,0.549,1.08117438959645e-05,"36h","YOD1"
7.28330555910849e-10,0.555492768365459,0.756,0.468,1.09082067358768e-05,"36h","TNFAIP8"
7.62496484392203e-10,0.556425094228516,0.994,0.614,1.1419909846742e-05,"36h","ERCC-00095"
8.03953298454724e-10,0.587137568684275,0.64,0.382,1.20408085509564e-05,"36h","MTBP"
8.42714122996002e-10,0.527910169906005,0.448,0.203,1.26213294201111e-05,"36h","SPARCL1"
9.00487612238491e-10,0.656370667066331,0.372,0.16,1.34866029684959e-05,"36h","CNTNAP3B"
9.2232144857456e-10,0.620406456005805,0.576,0.333,1.38136083353012e-05,"36h","GZF1"
9.40056377437434e-10,0.502792548705645,0.709,0.422,1.40792243648804e-05,"36h","EPC2"
9.7483241418661e-10,0.513166456875355,0.68,0.427,1.46000650672729e-05,"36h","XPA"
9.847834844121e-10,0.542059765378187,0.738,0.491,1.474910224604e-05,"36h","FAM172A"
1.10301179395454e-09,0.528790874709358,0.547,0.299,1.65198076380572e-05,"36h","CDK10"
1.13289433017821e-09,0.515860073680144,0.494,0.247,1.6967358383079e-05,"36h","NARFL"
1.31678753657655e-09,0.529740291479446,0.727,0.491,1.9721526935307e-05,"36h","KIFAP3"
1.62844714823335e-09,0.501993167069446,0.686,0.391,2.43892529390909e-05,"36h","TUBE1"
1.88249930856211e-09,0.503428052791785,0.773,0.541,2.81941921443347e-05,"36h","BAG2"
1.97791574438747e-09,0.545190315488538,0.488,0.268,2.96232441036911e-05,"36h","EBLN2"
2.15777433609902e-09,0.504726616624999,0.698,0.43,3.2316986231755e-05,"36h","C1orf124"
2.15921285501846e-09,0.502529474011136,0.721,0.42,3.23385309296114e-05,"36h","CCNE2"
2.30978381777755e-09,0.572006245614669,0.43,0.196,3.45936322388543e-05,"36h","ERCC-00099"
3.80672531376861e-09,0.567863620679186,0.616,0.367,5.70133250243124e-05,"36h","IFI30"
3.82468771828054e-09,0.573738543908599,0.453,0.232,5.72823479566876e-05,"36h","KHDC1"
4.09227014849902e-09,0.512461158804636,0.878,0.5,6.12899300140698e-05,"36h","ERCC-00162"
4.47513155214151e-09,0.532646377309234,0.622,0.396,6.70240452564234e-05,"36h","E4F1"
5.00822256207481e-09,0.530826627776533,0.523,0.287,7.50081493121944e-05,"36h","FIGN"
5.35248315484433e-09,0.526013674351582,0.948,0.505,8.01641402101035e-05,"36h","SHOX2"
6.23000494794483e-09,0.540735918654907,0.599,0.336,9.33067841053698e-05,"36h","TNFRSF11B"
6.32988635027543e-09,0.55208603248812,0.988,0.589,9.48027078680752e-05,"36h","ERCC-00076"
6.56408571089347e-09,0.558827579619331,0.395,0.193,9.83103116920515e-05,"36h","PC"
7.76193825787321e-09,0.544234942219593,0.547,0.326,0.000116250549288167,"36h","INTS5"
8.64810155865584e-09,0.537337538296486,0.541,0.304,0.000129522617043988,"36h","PIF1"
9.29821697432055e-09,0.511060996230383,0.424,0.212,0.000139259395624399,"36h","DYRK3"
1.18049711505326e-08,0.537786666724453,1,0.683,0.000176803052921527,"36h","ERCC-00111"
1.20265139725855e-08,0.50713818635317,0.453,0.224,0.000180121099767413,"36h","TMTC2"
1.23862376863052e-08,0.504741683950396,0.581,0.333,0.000185508681827793,"36h","SPOCK1"
1.37797516182921e-08,0.527982729863156,0.674,0.44,0.000206379339987161,"36h","NKRF"
1.47983415656612e-08,0.500673347093244,0.517,0.285,0.000221634761628908,"36h","ARFRP1"
1.60113896993064e-08,0.562545987973419,0.564,0.331,0.000239802583526512,"36h","PIGA"
2.07437111111971e-08,0.613302926840531,1,0.713,0.000310678561312398,"36h","CER1"
2.9748411244025e-08,0.510830810853978,1,0.712,0.000445541955201762,"36h","ERCC-00042"
3.21939052368875e-08,0.504431142257768,0.337,0.147,0.000482168118732865,"36h","NCEH1"
3.2912694279226e-08,0.525810490979653,0.378,0.184,0.000492933422219968,"36h","GDF6"
3.61585198079364e-08,0.526833483592154,0.436,0.215,0.000541546151163463,"36h","FAM72D"
5.21828399247951e-08,0.519124513308924,0.564,0.34,0.000781542393553656,"36h","MARCH3"
6.1132951662014e-08,0.557350476650555,0.436,0.237,0.000915588217041983,"36h","PPTC7"
6.8887010505435e-08,0.522756175686595,0.442,0.227,0.0010317207563399,"36h","IPPK"
8.75135341582588e-08,0.532995469694111,0.314,0.14,0.00131069020108824,"36h","GLIPR1"
1.39476643575508e-07,0.569818774089003,0.32,0.148,0.00208894169083038,"36h","FAM188B"
3.99913227144096e-07,0.678407873819069,1,0.592,0.00598950040293712,"36h","HAPLN1"
4.0995899839532e-07,0.532414111410274,0.57,0.348,0.0061399559189667,"36h","GPR22"
2.42733770120328e-06,0.502511240050569,0.326,0.164,0.0363542367509216,"36h","LRRTM2"
3.32758140374165e-06,0.529010490909786,0.285,0.137,0.0498371866838387,"36h","KCTD8"
4.76808493339281e-06,0.531532978091138,1,0.672,0.0714116080474242,"36h","CYP26A1"
1.05514470761176e-62,1.65922880354138,1,0.408,1.58029022859014e-58,"72h","DKK4"
1.85238028814875e-52,1.37045634427728,1,0.563,2.77430995756038e-48,"72h","MYCT1"
1.08712616653323e-48,1.63635546946705,0.739,0.142,1.62818885961682e-44,"72h","RIPPLY1"
1.36633658244902e-45,1.51744077261909,0.833,0.221,2.0463622995339e-41,"72h","RHAG"
1.90834110033609e-45,1.34932286450749,0.971,0.405,2.85812246597336e-41,"72h","PIK3R5"
2.39462882244877e-44,1.33936922717849,0.986,0.381,3.58643558738152e-40,"72h","CCDC81"
2.65695260958114e-43,0.603670250575743,1,0.945,3.97931792336967e-39,"72h","FAM114A1"
3.9584112115503e-43,0.638545895480952,1,0.961,5.92851247153889e-39,"72h","PHLDA1"
6.19213907598751e-43,1.24491366046745,1,0.498,9.2739666941065e-39,"72h","SERHL2"
7.08056104304945e-43,1.44907745019159,0.674,0.127,1.06045562741752e-38,"72h","OR52A1"
4.47610546076572e-42,0.928020990583547,0.993,0.579,6.70386314858882e-38,"72h","APOBEC3G"
2.69248408536143e-41,1.35365623640929,0.92,0.406,4.03253341464581e-37,"72h","LUM"
3.32038713411843e-41,0.897733013043445,1,0.648,4.97294381076917e-37,"72h","ACOX3"
6.73263118497564e-41,1.38600035645946,0.688,0.15,1.0083461725738e-36,"72h","PCDH20"
1.88504214119432e-40,0.86001608289671,0.993,0.718,2.82322761486674e-36,"72h","B4GALT4"
2.23945610842329e-40,1.27929453640667,0.862,0.292,3.35403341358556e-36,"72h","SLC9A9"
4.88306476177072e-40,0.743519454653231,1,0.729,7.31336609370401e-36,"72h","CER1"
1.48259745992397e-39,0.848307062208616,1,0.885,2.22048621572812e-35,"72h","ST8SIA4"
2.2705553535808e-39,1.22696229391149,0.964,0.413,3.40061075305796e-35,"72h","GYPA"
3.695500179463e-39,1.13603613110511,0.949,0.313,5.53475061878173e-35,"72h","DSCAM"
1.24610278917036e-38,0.622256657685322,1,0.818,1.86628814734044e-34,"72h","LEPREL1"
2.76063486050017e-38,1.14790682381661,0.928,0.419,4.13460283057111e-34,"72h","KDELR3"
4.77800862804615e-38,0.880948072725483,0.986,0.702,7.15602352222471e-34,"72h","KLHL4"
6.51483518299789e-38,1.13811803129886,0.92,0.376,9.75726865357594e-34,"72h","CYP27A1"
1.86094926668651e-37,0.615485810550354,1,0.742,2.78714371671638e-33,"72h","ERCC-00108"
3.08714200099766e-37,0.814626214228601,1,0.615,4.6236125748942e-33,"72h","HAPLN1"
5.84849535828498e-37,1.20114820077498,0.884,0.35,8.75929149810342e-33,"72h","SOX5"
2.108186642156e-36,0.734290644354461,0.935,0.682,3.15743113395704e-32,"72h","SYNC"
4.95401270872059e-36,0.542621378046892,1,0.885,7.41962483385082e-32,"72h","NFKBIA"
5.07558854757939e-36,0.787148242003058,1,0.64,7.60170896770966e-32,"72h","GLIPR2"
5.92743494251297e-36,0.591165445720284,1,0.91,8.87751931340167e-32,"72h","CAMK2D"
6.12538481139286e-36,1.18162082466282,0.928,0.408,9.17398883202309e-32,"72h","RFPL2"
2.11552601154579e-35,0.501172360039887,1,0.824,3.16842330749213e-31,"72h","ERCC-00136"
2.56987863395451e-35,1.00735488593982,0.978,0.648,3.84890723007367e-31,"72h","OPTN"
2.64623868058393e-35,1.03765131940796,0.986,0.731,3.96327167191055e-31,"72h","GYPE"
4.12250532297126e-35,1.16458334392677,0.913,0.426,6.17427622221406e-31,"72h","PLSCR4"
5.52181260794005e-35,0.574406689327464,0.993,0.89,8.27001874291181e-31,"72h","SATB1"
6.0955302457762e-35,1.08770307674762,0.935,0.418,9.12927564909901e-31,"72h","ARSE"
6.86275333712482e-35,0.527328812090094,1,0.948,1.02783456730118e-30,"72h","RHOBTB3"
1.66745675108769e-34,0.880924361252598,0.978,0.576,2.49734997610403e-30,"72h","ERV3-1"
1.98530820760815e-34,1.10118306608607,0.355,0.029,2.97339610253473e-30,"72h","ATP4B"
2.59382404102286e-34,0.528184066817214,1,0.923,3.88477026623994e-30,"72h","APOBEC3D"
3.17044854948371e-34,0.535160542796847,1,0.923,4.74838079256176e-30,"72h","POU2AF1"
3.65384500845368e-34,0.860185723611231,0.986,0.765,5.47236366916108e-30,"72h","MCF2L2"
4.00125450660406e-34,1.29082985706033,0.572,0.115,5.9926788745409e-30,"72h","HDC"
6.86777603759778e-34,1.33295229437188,0.775,0.276,1.02858681715102e-29,"72h","MEPE"
7.21996981951217e-34,0.917321023350501,1,0.748,1.08133487986834e-29,"72h","CCDC141"
3.11751485996263e-33,0.62444606036197,1,0.727,4.66910200576603e-29,"72h","ERCC-00042"
3.20911259221492e-33,1.01951650984806,0.935,0.508,4.80628792936029e-29,"72h","METTL19"
3.74532830907335e-33,1.09485120932509,0.92,0.419,5.60937820849915e-29,"72h","PDLIM3"
3.93989208436131e-33,1.06601352972521,0.384,0.04,5.90077637474794e-29,"72h","CABS1"
4.95238042745517e-33,0.816411313993803,0.638,0.176,7.4171801661996e-29,"72h","PPIAL4D"
4.95238042745517e-33,0.816411313993803,0.638,0.176,7.4171801661996e-29,"72h","PPIAL4F"
5.22018264679014e-33,0.91671064531195,0.978,0.618,7.81826755009759e-29,"72h","GABRB2"
6.93157051458889e-33,0.757656933352983,1,0.844,1.03814131596998e-28,"72h","KLHL24"
1.41155200639381e-32,1.01804250666258,0.29,0.015,2.11408143997601e-28,"72h","FAM58BP"
1.50189659940053e-32,1.17122055609268,0.609,0.148,2.24939053692218e-28,"72h","PCDP1"
1.63144247525448e-32,0.860506103950897,0.29,0.015,2.44341139518864e-28,"72h","ATP8B3"
2.21453979432858e-32,0.921252416444255,0.978,0.582,3.31671624996592e-28,"72h","PLAU"
3.45759469340239e-32,0.961503992163474,0.993,0.54,5.17843957230876e-28,"72h","IFI16"
4.89280945444971e-32,0.921827910901728,0.986,0.505,7.32796071992934e-28,"72h","ERCC-00044"
9.51207239931762e-32,1.05752556812534,0.935,0.406,1.4246230832458e-27,"72h","PRSS23"
2.26312955476832e-31,0.951179669928129,0.913,0.545,3.38948913417652e-27,"72h","FREM1"
3.03333728064791e-31,0.970216150237041,0.957,0.505,4.54302924522637e-27,"72h","MYOF"
4.06867519342384e-31,0.660367960533638,1,0.7,6.09365483719089e-27,"72h","ERCC-00111"
8.97268638607044e-31,0.826906647873451,1,0.769,1.34383924004177e-26,"72h","KLHL6"
1.01087734435987e-30,1.10060087047123,0.877,0.437,1.51399099864777e-26,"72h","ARMC4"
1.56198609575932e-30,1.11583433196937,0.986,0.456,2.33938657561873e-26,"72h","GYPB"
1.69350806691016e-30,1.0680653130639,0.913,0.415,2.53636703181135e-26,"72h","PENK"
1.71745648603344e-30,0.794968026518472,0.928,0.663,2.57223457913229e-26,"72h","HCN1"
2.06118538233105e-30,0.874726551868193,0.971,0.524,3.08703734711721e-26,"72h","SHOX2"
2.4005727689209e-30,0.883617595595181,0.957,0.621,3.59533783601283e-26,"72h","MCCC1"
2.53141359471406e-30,0.63554239816622,1,0.798,3.79129814080325e-26,"72h","COL5A2"
2.79311343147726e-30,0.626621342186119,0.993,0.885,4.1832459863235e-26,"72h","FEZ1"
3.5727492679355e-30,0.961719827494465,0.899,0.431,5.350906578587e-26,"72h","VAMP5"
4.78339196171378e-30,0.766743832775096,0.935,0.64,7.16408614105872e-26,"72h","ASS1"
1.08177523885439e-29,0.893925174077095,0.92,0.544,1.62017477523222e-25,"72h","SERPINB1"
1.23011340423758e-29,0.74362491011791,1,0.608,1.84234084552662e-25,"72h","ERCC-00076"
1.28460266659927e-29,1.23899561969638,0.797,0.366,1.92394941376573e-25,"72h","SEPP1"
1.41397470556537e-29,1.15071263033767,0.841,0.385,2.11770991652525e-25,"72h","GPSM2"
1.68708772452743e-29,0.75491088146312,1,0.874,2.52675128502474e-25,"72h","OXTR"
1.7658915981847e-29,0.843123287257585,0.993,0.768,2.64477584660122e-25,"72h","SLFN5"
1.8780835336259e-29,0.868531142313707,0.978,0.529,2.81280570831151e-25,"72h","COL13A1"
1.89475158939888e-29,0.50854998194947,1,0.898,2.83776945544271e-25,"72h","FCAR"
2.49063754170703e-29,0.676804671525076,0.993,0.727,3.73022784621462e-25,"72h","GRPR"
2.65040290396202e-29,0.923969445632281,0.435,0.069,3.96950842926392e-25,"72h","C8orf34"
7.1437713756605e-29,0.988360798456674,0.652,0.189,1.06992263893267e-24,"72h","RFPL1"
7.68901821886791e-29,1.14749613124961,0.775,0.313,1.15158425863985e-24,"72h","VAV3"
8.6148652784939e-29,0.628239624298151,1,0.831,1.29024837276003e-24,"72h","PLOD2"
1.01959071829121e-28,1.01658104890918,0.674,0.185,1.52704101878475e-24,"72h","ERCC-00160"
1.3575907056801e-28,0.536223844807545,1,0.782,2.03326359989709e-24,"72h","ERCC-00003"
1.45424017552494e-28,0.75410127781767,0.971,0.665,2.17801551088371e-24,"72h","DAB1"
1.87461128878512e-28,0.567022240627227,1,0.777,2.80760532721348e-24,"72h","ERCC-00009"
2.56154873998096e-28,0.849841012215911,0.971,0.606,3.83643154786948e-24,"72h","TTC39B"
2.5790441091936e-28,1.0551407846841,0.493,0.098,3.86263436233925e-24,"72h","LRRC7"
3.0441417719647e-28,0.95903694879346,1,0.566,4.55921113187153e-24,"72h","ERBB4"
3.32943614008681e-28,0.64666394989611,0.978,0.742,4.98649650700801e-24,"72h","APOBEC3C"
3.9294171610504e-28,0.672493001231057,0.993,0.895,5.88508808210518e-24,"72h","ST8SIA1"
4.00053443126556e-28,1.05663541100541,0.739,0.265,5.99160041770643e-24,"72h","CDA"
4.84946410827095e-28,0.796022032099225,0.841,0.374,7.2630423949574e-24,"72h","PGR"
6.43829962741664e-28,0.609144336818317,0.986,0.871,9.6426413519819e-24,"72h","GALM"
7.86733565206711e-28,0.746110631325546,1,0.832,1.17829086061009e-23,"72h","SRGAP1"
8.96524811518615e-28,0.656554073797122,0.993,0.734,1.34272521021143e-23,"72h","PDCD4"
8.96924966778215e-28,0.576927908832277,1,0.727,1.34332452274373e-23,"72h","ERCC-00145"
9.69691985929094e-28,0.821896323671556,0.949,0.547,1.452307687326e-23,"72h","CRIP1"
9.91052486895894e-28,1.08190773108758,0.899,0.498,1.48429930962398e-23,"72h","SAMD3"
1.04155889118367e-27,0.897502214733992,0.964,0.485,1.55994275132578e-23,"72h","ERCC-00062"
2.23835185894847e-27,1.03941753629878,0.935,0.469,3.35237957914713e-23,"72h","CD48"
2.71361503760976e-27,1.06257920812481,0.775,0.321,4.06418124182813e-23,"72h","P4HA2"
3.08238707444162e-27,0.904552840692176,0.928,0.56,4.61649112139121e-23,"72h","AHSA2"
3.41342862025172e-27,1.0468560009476,0.783,0.308,5.112292044551e-23,"72h","BTG2"
3.43046439950573e-27,1.03413772538252,0.746,0.29,5.13780653113973e-23,"72h","SYN3"
3.69533587059355e-27,0.848930757423976,0.978,0.508,5.53450453338796e-23,"72h","ERCC-00071"
5.9520750742491e-27,0.898176620233916,0.971,0.535,8.91442283870288e-23,"72h","CHL1"
7.56807259387473e-27,0.579750425765068,1,0.735,1.13347023238462e-22,"72h","ERCC-00043"
7.74170311769971e-27,0.790644503311568,0.978,0.761,1.15947487593789e-22,"72h","ZDHHC21"
1.05175526007418e-26,0.510821774350794,1,0.935,1.5752138530131e-22,"72h","ZC3H6"
1.19836185888074e-26,0.692073156900348,0.986,0.75,1.79478655604568e-22,"72h","PPP2R2B"
1.34747111589597e-26,1.14833094426858,0.703,0.245,2.01810749027739e-22,"72h","OAS1"
1.5223759450845e-26,0.730490309522511,0.964,0.668,2.28006245295305e-22,"72h","ARFGAP3"
1.72151998062603e-26,0.760190368924639,0.978,0.831,2.5783204749836e-22,"72h","CCPG1"
3.41406843753566e-26,0.564197043175135,1,0.827,5.11325029889716e-22,"72h","NRP2"
3.51405770236416e-26,0.699466419244881,1,0.629,5.2630042208308e-22,"72h","ERCC-00092"
3.61372106433045e-26,1.0023973239101,0.906,0.592,5.41227003804771e-22,"72h","IGSF11"
4.27325028059089e-26,1.17944636736138,0.449,0.092,6.40004694524098e-22,"72h","NDST4"
4.53541151464661e-26,1.01848473258612,0.797,0.327,6.79268582548623e-22,"72h","ODZ2"
5.44708379925728e-26,0.752883932286712,0.957,0.584,8.15809740614763e-22,"72h","EMP3"
5.63214199051139e-26,0.866637993781615,0.957,0.527,8.4352590591889e-22,"72h","MYOCD"
6.58369767468783e-26,1.05847397175846,0.725,0.277,9.86040400737996e-22,"72h","LNP1"
1.1626311247431e-25,0.816493539269349,0.964,0.595,1.74127263552775e-21,"72h","EHD3"
1.69290480991207e-25,0.856268839895992,0.971,0.576,2.53546353380531e-21,"72h","GNG11"
1.69416214577974e-25,0.725577857482304,0.978,0.627,2.53734664573431e-21,"72h","ARL4D"
1.78774493336942e-25,0.578968209590045,0.978,0.819,2.67750558670738e-21,"72h","C12orf23"
2.14820206033834e-25,0.720021251376087,1,0.792,3.21736222576873e-21,"72h","KLF8"
2.15485893938781e-25,0.988602303760659,0.667,0.205,3.22733223352113e-21,"72h","S100Z"
2.44260531239857e-25,0.591702836506437,0.957,0.803,3.65828997637934e-21,"72h","LOC100144595"
2.67266317198532e-25,0.909729048354483,0.645,0.208,4.00284763268241e-21,"72h","RFPL3"
2.71396939218348e-25,0.628495965829905,0.986,0.827,4.0647119586732e-21,"72h","ELMO1"
2.895023835824e-25,0.680832664930247,1,0.634,4.3358771989136e-21,"72h","ERCC-00095"
3.68351419951295e-25,0.842341155852155,0.899,0.445,5.51679921661054e-21,"72h","CSMD2"
3.83655116510192e-25,0.948923628665545,0.37,0.058,5.74600267997315e-21,"72h","TXNDC3"
3.89618074014116e-25,0.876107223074908,0.986,0.618,5.83530989450941e-21,"72h","DUSP4"
5.21344940651529e-25,0.796446529327567,0.964,0.629,7.80818317613794e-21,"72h","QPCT"
5.68050599608756e-25,0.597168339104353,0.993,0.731,8.50769383034033e-21,"72h","CRABP2"
6.21936925758429e-25,0.526242326788111,0.978,0.806,9.31474933708399e-21,"72h","POLB"
6.54255148591604e-25,1.01320752538623,0.696,0.248,9.79877936045646e-21,"72h","MYL4"
6.8195049396487e-25,0.884385582491628,0.79,0.313,1.02135725481119e-20,"72h","HSD17B14"
1.180169860023e-24,0.801160079379967,0.63,0.221,1.76754039935645e-20,"72h","NDRG1"
1.18917347999261e-24,1.01751318198511,0.667,0.237,1.78102512098493e-20,"72h","ARHGAP40"
1.28581796893637e-24,1.08296589231851,0.725,0.323,1.925769572076e-20,"72h","BST2"
1.5849396859341e-24,0.801339630280357,0.964,0.787,2.3737641676235e-20,"72h","S1PR3"
1.61460097683231e-24,0.712346728417941,1,0.706,2.41818788300175e-20,"72h","PPIC"
2.07848295104786e-24,0.841537107287894,0.848,0.397,3.11294391578438e-20,"72h","SLC5A4"
2.43123009119634e-24,1.03002756096162,0.804,0.461,3.64125330758476e-20,"72h","VWA5A"
2.56061602797013e-24,0.878498319007734,0.942,0.479,3.83503462509087e-20,"72h","PMP22"
2.92486997767615e-24,0.793115009248463,0.986,0.577,4.38057776556557e-20,"72h","ERCC-00035"
3.24063695367725e-24,0.536094279758919,0.993,0.847,4.85350196552242e-20,"72h","RAX2"
3.42735866058569e-24,0.992701842952907,0.746,0.315,5.13315506595919e-20,"72h","LMCD1"
3.8772670194891e-24,0.80978463828759,0.964,0.642,5.80698281508882e-20,"72h","B3GNT5"
4.09332705355702e-24,0.756643066762546,0.986,0.681,6.13057592811235e-20,"72h","BCAT2"
4.450764437901e-24,0.822112633946855,0.92,0.482,6.66590989864433e-20,"72h","JAKMIP1"
4.96504317043545e-24,0.859084750416025,0.819,0.376,7.43614515636117e-20,"72h","ISG15"
5.2239203278786e-24,0.892038516498818,0.957,0.553,7.82386547506378e-20,"72h","DKK1"
5.26285985961406e-24,0.710529171084724,0.971,0.653,7.88218521174398e-20,"72h","SLCO2A1"
6.83199211162259e-24,0.717105391825109,0.993,0.742,1.02322745855772e-19,"72h","LRRCC1"
8.84942858898735e-24,0.737723189222159,0.92,0.671,1.32537891977264e-19,"72h","IL1RL1"
1.31252970278012e-23,1.05990704763865,0.667,0.237,1.96577573585379e-19,"72h","S1PR1"
1.50752882662963e-23,1.02288102582938,0.667,0.245,2.2578259236432e-19,"72h","NPR1"
1.61024757303474e-23,0.639150104361375,1,0.653,2.41166779013414e-19,"72h","ERCC-00022"
1.63769374606275e-23,0.711114474974325,0.312,0.04,2.45277392347818e-19,"72h","ZBTB20"
1.77685096529447e-23,0.726917343261634,0.971,0.685,2.66118969072152e-19,"72h","FBXO34"
1.88098503829072e-23,1.00366572703693,0.746,0.34,2.817151291848e-19,"72h","ENO3"
2.53885534760772e-23,0.886963326692975,0.645,0.224,3.80244365411208e-19,"72h","GPSM3"
2.58206060627246e-23,0.698258932091062,0.971,0.713,3.86715217001426e-19,"72h","MAK"
3.11848836239501e-23,1.1216619636678,0.601,0.206,4.67056002035901e-19,"72h","MAGEB3"
3.24534824837046e-23,1.08466543489615,0.725,0.311,4.86055807158445e-19,"72h","RFTN2"
4.35372722327333e-23,1.05855554542621,0.71,0.339,6.52057726229647e-19,"72h","ESRRG"
4.41214910993165e-23,0.766325077013197,0.993,0.573,6.60807572194464e-19,"72h","ERCC-00112"
4.72447144524448e-23,0.799259400758536,0.551,0.152,7.07584088354266e-19,"72h","ISG20"
4.85302457939802e-23,0.920989435357749,0.855,0.502,7.26837491256441e-19,"72h","CD99L2"
6.27737512085595e-23,1.00668424361307,0.659,0.247,9.40162471850596e-19,"72h","FRMPD2"
6.44074086798419e-23,0.928960442153561,0.783,0.35,9.64629759797992e-19,"72h","NHLH2"
7.54026165591093e-23,1.07013154445202,0.413,0.089,1.12930498820578e-18,"72h","UNC13C"
7.54242849131529e-23,0.899643840727222,0.855,0.466,1.12962951514429e-18,"72h","HLA-DRB5"
8.52329157862332e-23,0.541248878975166,1,0.894,1.27653337973041e-18,"72h","DGKB"
1.08894630601357e-22,0.686599914529454,1,0.69,1.63091488251652e-18,"72h","CYP26A1"
1.2561059548768e-22,0.641620450860317,1,0.865,1.88126988861899e-18,"72h","TNC"
1.34372077109172e-22,0.985630363852941,0.775,0.368,2.01249059886407e-18,"72h","PABPC4L"
1.39407425496022e-22,0.842910068416053,0.87,0.566,2.08790501165392e-18,"72h","ORAI3"
1.53214763387983e-22,0.841292033196847,0.92,0.481,2.29469751126182e-18,"72h","FBN1"
2.13554798183042e-22,0.822704570879981,0.913,0.394,3.19841021238742e-18,"72h","FGF17"
2.50422035049019e-22,0.596869525866202,1,0.739,3.75057081892915e-18,"72h","H1F0"
2.84058158126892e-22,1.05289673073432,0.645,0.219,4.25433903426646e-18,"72h","RIN2"
2.85216578212707e-22,0.787943448963074,0.964,0.502,4.27168869189171e-18,"72h","ERCC-00162"
3.25589585733652e-22,0.755888949603547,0.971,0.634,4.87635522553291e-18,"72h","SLC35A3"
5.78356754044562e-22,0.928732829260291,0.79,0.366,8.6620491053254e-18,"72h","DOK6"
7.49609522250995e-22,0.555599455465494,1,0.726,1.12269018147532e-17,"72h","ERCC-00060"
9.13675080470749e-22,0.95603858530269,0.71,0.292,1.36841116802104e-17,"72h","FAM214A"
9.55378648777235e-22,0.906782634724594,0.659,0.237,1.43087060227366e-17,"72h","ANG"
9.92982347209432e-22,0.762087445380498,0.71,0.256,1.48718966141557e-17,"72h","ST3GAL5"
1.0908257605663e-21,0.844660079952645,0.87,0.44,1.63372974160015e-17,"72h","ZAP70"
1.17071102495834e-21,0.902112658906197,0.797,0.358,1.75337390208011e-17,"72h","PLCB1"
1.20617312032853e-21,0.832080531219968,0.971,0.684,1.80648548231603e-17,"72h","TFPI"
1.21688280383519e-21,0.829249162541802,0.964,0.529,1.82252537530396e-17,"72h","CCKBR"
1.26279030597527e-21,0.895978440851952,0.819,0.369,1.89128104125916e-17,"72h","SLC46A3"
1.34767269661342e-21,0.776312017042148,0.942,0.492,2.01840939771792e-17,"72h","ERCC-00079"
1.52450083787855e-21,0.594192281617426,0.978,0.729,2.28324490489071e-17,"72h","TP53I11"
1.53566607019104e-21,0.828900038975213,0.928,0.511,2.29996707332512e-17,"72h","MAN1A1"
2.79472469496414e-21,0.649207443421749,0.913,0.534,4.18565917564779e-17,"72h","PLEKHA4"
2.89365324398545e-21,1.02096551720786,0.71,0.4,4.33382446351701e-17,"72h","NR5A2"
3.30114416366647e-21,0.845469632425565,0.913,0.505,4.94412361392327e-17,"72h","HTRA1"
3.50919842882492e-21,0.786398635108127,0.92,0.603,5.25572648685109e-17,"72h","HBP1"
3.62612489394867e-21,0.856282304505029,0.87,0.515,5.43084725366693e-17,"72h","TMEM87B"
5.00282367985535e-21,0.518905715683889,0.993,0.927,7.49272902531936e-17,"72h","TMTC1"
5.52971922610145e-21,0.689321579802263,0.986,0.597,8.28186048493214e-17,"72h","ERCC-00131"
8.18097965013073e-21,0.657224120896549,0.964,0.689,1.22526532220008e-16,"72h","SLC39A7"
9.16213126288583e-21,0.84135512346506,0.906,0.508,1.37221239924241e-16,"72h","POC1B"
9.98299448145129e-21,0.604731382882377,0.964,0.716,1.49515308348696e-16,"72h","GLRX"
1.06645886304997e-20,0.833102004496862,0.942,0.565,1.59723543918993e-16,"72h","PRDM1"
1.12404705887193e-20,0.770230544138592,0.935,0.521,1.68348528007248e-16,"72h","ALPK2"
1.1446687806938e-20,0.937152434559191,0.783,0.374,1.71437043284511e-16,"72h","ELOVL2"
1.35154068220156e-20,0.675001400902906,1,0.647,2.02420247973328e-16,"72h","LHX1"
1.36114418919989e-20,0.998814662855242,0.609,0.226,2.03858565216468e-16,"72h","KCNQ3"
1.37327560420393e-20,0.751771643464326,0.725,0.3,2.05675487241623e-16,"72h","PBXIP1"
1.65624782069685e-20,0.922856599295,0.348,0.069,2.48056236105767e-16,"72h","CAPN3"
1.70557977999117e-20,0.820145050063427,0.884,0.527,2.55444683649278e-16,"72h","HSD17B11"
2.14131417379934e-20,0.637819138385306,0.79,0.373,3.20704623809927e-16,"72h","TSPEAR"
2.21927352111216e-20,0.742443168035728,0.899,0.605,3.32380595256968e-16,"72h","ACVRL1"
2.2633009825994e-20,0.83217740234576,0.739,0.298,3.38974588163912e-16,"72h","MBNL2"
2.95743503718846e-20,0.877955713300779,0.862,0.445,4.42935045519716e-16,"72h","FLRT3"
3.38695360622782e-20,0.769856432942129,0.913,0.473,5.07264041604741e-16,"72h","ERCC-00165"
3.69417453228281e-20,0.62220896787761,0.971,0.771,5.53276519699996e-16,"72h","TSPAN12"
5.13568000124725e-20,0.913576346743138,0.797,0.376,7.691707937868e-16,"72h","TDRD7"
5.2252307327694e-20,0.814335876196576,0.87,0.427,7.82582806846873e-16,"72h","ERCC-00084"
6.0771194185894e-20,0.535075582229575,0.993,0.8,9.10170175322134e-16,"72h","DRAM2"
6.28746896280565e-20,0.897920098179647,0.797,0.34,9.41674226559403e-16,"72h","ERCC-00053"
6.81684375318832e-20,0.624855274062437,0.957,0.742,1.02095868891502e-15,"72h","HLA-DRB1"
7.42626960001383e-20,0.90780550106595,0.761,0.353,1.11223239799407e-15,"72h","SLITRK2"
7.92864456082912e-20,0.693399136489037,0.949,0.64,1.18747309587538e-15,"72h","SULF2"
8.74851317523166e-20,0.85966557641897,0.812,0.387,1.31026481825445e-15,"72h","SHISA6"
9.74677885706894e-20,0.934725285698928,0.739,0.311,1.45977506942321e-15,"72h","RFESD"
9.87297268155803e-20,0.589859940515538,0.942,0.637,1.47867511851695e-15,"72h","CCDC129"
1.13751753205946e-19,0.924092164866052,0.732,0.335,1.70366000776545e-15,"72h","FZD6"
1.30158921815765e-19,0.529676965187341,1,0.897,1.94939017203471e-15,"72h","EIF5A2"
1.38195544683111e-19,0.557201123872636,0.949,0.771,2.06975467271895e-15,"72h","POLD4"
1.44027498195379e-19,0.936866131773099,0.717,0.331,2.15709984047219e-15,"72h","MAPK10"
1.85739513647741e-19,0.60604481152241,0.949,0.7,2.78182069590222e-15,"72h","RHBDD2"
1.89254592071757e-19,1.03216012461623,0.333,0.065,2.8344660254587e-15,"72h","C8orf4"
1.93413655324836e-19,0.852037436202805,0.493,0.156,2.89675631580007e-15,"72h","KCNA5"
2.05963600307597e-19,0.594289540772803,0.964,0.847,3.08471684180689e-15,"72h","RNF170"
2.55371368840885e-19,0.797018221867884,0.884,0.526,3.82469699112994e-15,"72h","OSBPL3"
2.73953553763859e-19,0.572765115907098,0.971,0.719,4.10300237472131e-15,"72h","PKIG"
2.98750068684866e-19,0.972497844034107,0.551,0.189,4.47437977869324e-15,"72h","EFHC2"
3.04568447577419e-19,0.762629168843843,0.826,0.398,4.56152163936701e-15,"72h","GPR37"
3.12848927610091e-19,0.924968825064107,0.754,0.381,4.68553838881633e-15,"72h","ZFPM2"
3.33495830887355e-19,0.527691154122536,0.986,0.9,4.99476705919992e-15,"72h","ITIH5"
4.33310575534489e-19,0.741453074912044,0.87,0.518,6.48969248978004e-15,"72h","IAH1"
4.43305169859639e-19,0.788782794364176,0.464,0.132,6.63938152898781e-15,"72h","CSF3R"
4.65121604449981e-19,0.885076046651032,0.783,0.385,6.96612626984737e-15,"72h","FAM69A"
7.12919349768012e-19,0.812786557073681,0.775,0.358,1.06773931014755e-14,"72h","KIF13B"
7.32882700627095e-19,0.664437850727149,0.957,0.645,1.0976384207292e-14,"72h","PPT2"
7.36558400477626e-19,0.872200574187666,0.739,0.339,1.10314351639534e-14,"72h","DACH1"
8.93950426638245e-19,0.842283287490637,0.696,0.281,1.3388695539761e-14,"72h","POLR3GL"
9.80392775259067e-19,0.828779552067187,0.804,0.432,1.4683342595055e-14,"72h","CTBS"
1.08222940064768e-18,0.51628964912008,0.993,0.882,1.62085497335002e-14,"72h","CCDC50"
1.36170637452e-18,0.982524584802445,0.558,0.203,2.0394276371186e-14,"72h","KIAA0226L"
1.43634541247739e-18,0.761506413985907,0.841,0.456,2.15121452426739e-14,"72h","KCTD1"
1.44468181777765e-18,0.618958303758342,0.877,0.576,2.16369995848559e-14,"72h","IQCF3"
1.4898406921311e-18,0.700258988183659,0.986,0.611,2.23133440460474e-14,"72h","COLEC12"
1.62281111889851e-18,0.749677289418506,0.848,0.492,2.4304842127743e-14,"72h","SLC16A5"
1.6306263188495e-18,0.59309801963174,0.971,0.782,2.44218903774089e-14,"72h","COG6"
1.86640549014295e-18,0.97148671970706,0.587,0.213,2.7953155025871e-14,"72h","TRPC4"
1.87360876092791e-18,0.816831559882014,0.399,0.105,2.80610384124172e-14,"72h","DNASE1L1"
1.96542982157766e-18,0.762503988185532,0.717,0.306,2.94362424377686e-14,"72h","TLE2"
1.99404492679188e-18,0.827518032817518,0.812,0.434,2.98648108685619e-14,"72h","ATRNL1"
2.1453260771963e-18,0.634472084648448,0.986,0.727,3.21305486581689e-14,"72h","DCAF6"
2.69730633684267e-18,0.851895747643173,0.833,0.498,4.03975570068926e-14,"72h","GATM"
2.73233672978699e-18,0.725770785093158,0.862,0.535,4.09222072020198e-14,"72h","ELK3"
3.44655851390876e-18,0.887144556405199,0.768,0.426,5.16191068628115e-14,"72h","AMN1"
3.6138717289957e-18,0.919981020780747,0.58,0.213,5.41249568851686e-14,"72h","FAM18B2-CDRT4"
3.81155675947793e-18,1.01838748010473,0.558,0.219,5.7085685586701e-14,"72h","CASQ2"
4.39094184939682e-18,0.852022744762637,0.493,0.158,6.57631360784161e-14,"72h","SEZ6"
4.4057518787068e-18,0.861966372948715,0.775,0.406,6.59849458873917e-14,"72h","TGFBR3"
4.58985635956885e-18,0.757363844446428,0.906,0.497,6.87422786972627e-14,"72h","LGR5"
5.19473448730918e-18,0.590654797695214,0.993,0.85,7.78015384164296e-14,"72h","ANGPT2"
5.42681252627585e-18,0.64849173675592,0.833,0.456,8.12773712060334e-14,"72h","A1BG"
5.82804265071649e-18,0.849099589601869,0.63,0.284,8.72865947797809e-14,"72h","WNT4"
5.85553687482039e-18,0.735721273802963,0.87,0.548,8.7698375774185e-14,"72h","PDE4D"
6.19113154281254e-18,0.522137619576068,1,0.781,9.27245771167034e-14,"72h","ENC1"
6.87881009392524e-18,0.744016877149777,0.957,0.584,1.03023938776718e-13,"72h","CPE"
7.1221391896049e-18,0.606863613915788,0.826,0.469,1.06668278642713e-13,"72h","ZNF556"
7.15124474171811e-18,0.974948829487622,0.594,0.239,1.07104192496712e-13,"72h","CXCR4"
7.36187964119095e-18,0.58853142968641,0.957,0.861,1.10258871386117e-13,"72h","VPS13C"
7.95341446954271e-18,0.847984629543397,0.797,0.502,1.19118288510341e-13,"72h","GPR111"
8.68233345458884e-18,0.770219948377568,0.862,0.527,1.30035308149377e-13,"72h","DUSP10"
1.00521117301971e-17,0.677000781023814,0.906,0.605,1.50550477383161e-13,"72h","WIPI1"
1.11440223664309e-17,0.875076757186245,0.775,0.474,1.66904022982035e-13,"72h","FBXO36"
1.16411908085861e-17,0.746564353277981,0.848,0.534,1.74350114740194e-13,"72h","PPAP2A"
1.20167153128642e-17,0.830480723991892,0.667,0.3,1.79974345240767e-13,"72h","ADORA2A"
1.22862658574671e-17,0.686423426802978,0.79,0.398,1.84011403747285e-13,"72h","MMP14"
1.31444665558665e-17,0.851437848932721,0.493,0.153,1.96864675607213e-13,"72h","THSD7B"
1.4386418981569e-17,0.803807060222097,0.688,0.298,2.15465397086958e-13,"72h","ATXN1"
1.51330640430393e-17,0.853896485520105,0.819,0.589,2.26647900172599e-13,"72h","SLAMF7"
1.95368524617705e-17,0.540137229603286,1,0.863,2.92603439319937e-13,"72h","ACTC1"
2.02157981035694e-17,0.594016214104124,0.978,0.711,3.02772008197159e-13,"72h","MAGI3"
2.04254277565306e-17,0.815122793926428,0.746,0.358,3.05911631509558e-13,"72h","PIP5K1B"
2.18274217045453e-17,0.844649013961014,0.703,0.321,3.26909294868975e-13,"72h","CALCR"
2.52890839162352e-17,1.00685238649315,0.616,0.268,3.78754609813454e-13,"72h","ARID5B"
2.62156779672785e-17,0.576345737262859,0.971,0.705,3.9263220891593e-13,"72h","BHLHE40"
2.84588770477405e-17,0.676362345541364,0.732,0.298,4.2622860154401e-13,"72h","NTN1"
3.13166942457735e-17,0.782552204860575,0.819,0.439,4.6903012971895e-13,"72h","ERCC-00025"
3.43223687510191e-17,0.833227009715035,0.486,0.171,5.14046116784013e-13,"72h","PDE6G"
3.75410104199632e-17,0.799333148984724,0.739,0.381,5.62251713059789e-13,"72h","TUBG2"
4.37193236956034e-17,0.815966507058511,0.42,0.118,6.54784310989052e-13,"72h","AMHR2"
5.82628397013582e-17,0.571450971854987,0.964,0.705,8.72602550207242e-13,"72h","DECR1"
5.9157484639407e-17,0.832851232130866,0.768,0.416,8.86001647444398e-13,"72h","NEDD9"
6.16277449269841e-17,0.797913811684899,0.406,0.116,9.2299873577144e-13,"72h","XG"
7.03255763615315e-17,0.679901821100464,0.746,0.34,1.05326615716666e-12,"72h","C6orf57"
8.63793192120902e-17,0.881338794824632,0.435,0.134,1.29370306383948e-12,"72h","RELN"
9.31430637200671e-17,0.707191597573208,0.674,0.285,1.39500366533545e-12,"72h","EFEMP2"
9.97602089394957e-17,0.606822680849352,0.935,0.75,1.49410864928683e-12,"72h","GAL3ST4"
1.15526712467793e-16,0.744673141519852,0.804,0.495,1.73024357263013e-12,"72h","PTPLA"
1.43031209123012e-16,0.836250727283074,0.739,0.429,2.14217841903535e-12,"72h","ITGA9"
1.43136884295607e-16,0.861099712524904,0.507,0.187,2.14376111609531e-12,"72h","RAC2"
1.4616419857116e-16,0.701957903954368,0.797,0.39,2.18910120200026e-12,"72h","MYL7"
1.5825817476076e-16,0.505179652893219,0.971,0.876,2.37023268339191e-12,"72h","C4orf34"
1.84372722094475e-16,0.784765443008262,0.681,0.282,2.76135025880895e-12,"72h","SLPI"
2.04111514913144e-16,0.665434854580761,0.833,0.429,3.05697815885415e-12,"72h","ERCC-00144"
2.31174351151698e-16,0.69065343086388,0.862,0.555,3.46229825719898e-12,"72h","OSTF1"
2.33049024218051e-16,0.756369757683993,0.826,0.413,3.49037523571376e-12,"72h","HOXB3"
2.61161547435446e-16,0.761990812993781,0.5,0.171,3.91141649594067e-12,"72h","GRAP2"
2.73994791125919e-16,0.534675607440096,0.957,0.787,4.10361998669289e-12,"72h","TNFAIP2"
2.9287214011852e-16,0.777954947409976,0.42,0.129,4.38634604255507e-12,"72h","LPA"
3.05357832443976e-16,0.662263576776003,0.884,0.527,4.57334425651342e-12,"72h","AIP"
3.1250698804841e-16,0.669845604792722,0.899,0.631,4.68041716000104e-12,"72h","SEPT6"
3.45839921962797e-16,0.560045371046429,0.978,0.811,5.17964451123681e-12,"72h","CALCOCO2"
3.56302736243998e-16,0.572931305913512,0.978,0.797,5.33634608072636e-12,"72h","PIPOX"
3.67731330252855e-16,0.763722093701957,0.667,0.305,5.50751213319701e-12,"72h","TRANK1"
4.33414408183852e-16,0.70610838453412,0.732,0.347,6.49124759136955e-12,"72h","GAB2"
4.39393619560143e-16,0.563948854658368,0.884,0.7,6.58079824015226e-12,"72h","IFT20"
5.45610076254617e-16,0.725580473619744,0.775,0.381,8.17160211206541e-12,"72h","ERCC-00019"
5.60872878186252e-16,0.75340504779782,0.819,0.444,8.40019309659549e-12,"72h","DYNC2LI1"
5.82407230011084e-16,0.609200032451868,0.855,0.434,8.72271308387601e-12,"72h","BCORL1"
6.0913875627363e-16,0.701556145140582,0.862,0.518,9.12307115271015e-12,"72h","SERPING1"
7.41576990248215e-16,0.734987568195956,0.826,0.447,1.11065985829475e-11,"72h","DYNC1I1"
7.45473817193746e-16,0.592386102081456,0.739,0.31,1.11649613601107e-11,"72h","IGF2"
7.46142497248935e-16,0.77086627746345,0.71,0.368,1.11749761812973e-11,"72h","MIF4GD"
7.4856732845783e-16,0.752831525168528,0.681,0.311,1.12112928783129e-11,"72h","RASSF10"
7.92865844026355e-16,0.726345382399911,0.812,0.397,1.18747517459827e-11,"72h","ERCC-00078"
8.61777863962653e-16,0.6132883280657,0.964,0.679,1.29068470685687e-11,"72h","STK3"
8.82884123550752e-16,0.529381952877478,0.957,0.779,1.32229555184196e-11,"72h","COL1A2"
9.75151056874203e-16,0.755269826702514,0.739,0.376,1.46048373788049e-11,"72h","SYNE1"
9.95998298256492e-16,0.733165042181303,0.855,0.594,1.49170665129875e-11,"72h","SNX16"
1.04517707723784e-15,0.707785124860232,0.79,0.365,1.56536170857911e-11,"72h","CRHBP"
1.09173784979909e-15,0.703365141002815,0.732,0.35,1.63509577764409e-11,"72h","TMEM88"
1.11529920242126e-15,0.535569207858369,0.906,0.656,1.67038361546633e-11,"72h","OSCAR"
1.19972391336168e-15,0.804471283649982,0.783,0.476,1.79682650504179e-11,"72h","CPEB4"
1.20155299656278e-15,0.503328874240555,0.964,0.703,1.79956592295208e-11,"72h","PARP3"
1.21325995440235e-15,0.768775350863611,0.783,0.452,1.81709943370839e-11,"72h","STEAP1B"
1.22690154894212e-15,0.764219090294077,0.79,0.461,1.83753044985061e-11,"72h","RCAN2"
1.60308440309485e-15,0.605482846160133,0.928,0.632,2.40093951051516e-11,"72h","FAM54B"
1.81937924505236e-15,0.532109477083777,0.928,0.768,2.72488429531492e-11,"72h","TIAM1"
1.90379962127602e-15,0.678599184135444,0.783,0.46,2.8513206927851e-11,"72h","TRIM38"
1.95411462633404e-15,0.785322118531294,0.674,0.308,2.92667747586049e-11,"72h","SOX17"
2.27631198882944e-15,0.72550830196104,0.283,0.06,3.40923246566984e-11,"72h","AK7"
2.28420852824751e-15,0.607539857538395,0.935,0.535,3.42105911275629e-11,"72h","ERCC-00051"
2.30116409194575e-15,0.810347934347766,0.572,0.239,3.44645346050715e-11,"72h","GATSL3"
2.30131613263875e-15,0.797906515217607,0.681,0.305,3.44668117185305e-11,"72h","RSPO3"
2.32076249664543e-15,0.51742216416508,0.986,0.782,3.47580599122586e-11,"72h","ZNF521"
2.66077643780153e-15,0.69719806024233,0.725,0.36,3.98504487089534e-11,"72h","DZIP1L"
2.66264857787391e-15,0.808626168265805,0.696,0.36,3.98784877508176e-11,"72h","GPR126"
2.81536531446684e-15,0.622577357748825,0.696,0.294,4.21657263147698e-11,"72h","COL23A1"
3.44286728757441e-15,0.690561076430527,0.667,0.303,5.15638233660019e-11,"72h","MOK"
4.532862426578e-15,0.627543664002701,0.942,0.64,6.78886805628587e-11,"72h","COL4A6"
5.05424162346548e-15,0.806036119003815,0.449,0.155,7.56973767946425e-11,"72h","VWF"
5.09870711895436e-15,0.898757590741087,0.667,0.335,7.63633365205794e-11,"72h","TNFRSF11B"
5.6861496754425e-15,0.750156960392221,0.725,0.371,8.51614636891023e-11,"72h","HMGCL"
5.84317156337714e-15,0.730731836963704,0.717,0.34,8.75131805046994e-11,"72h","CLSTN2"
5.90536736262239e-15,0.775096072345843,0.688,0.353,8.84446869899955e-11,"72h","TFPI2"
6.10531449908854e-15,0.502549561627601,0.993,0.816,9.14392952528491e-11,"72h","MALT1"
6.37098367071451e-15,0.611167815170384,0.935,0.648,9.54182224362912e-11,"72h","LRIG3"
6.97910503252462e-15,0.640588843911657,0.87,0.574,1.04526056072121e-10,"72h","CDR1"
7.23186776020662e-15,0.637585962564937,0.841,0.565,1.08311683444615e-10,"72h","LGALS1"
7.29020909245207e-15,0.66816015017937,0.761,0.397,1.09185461577655e-10,"72h","MERTK"
7.52496667243984e-15,0.957576340495415,0.514,0.226,1.12701425853132e-10,"72h","SLC7A7"
7.65121774863148e-15,0.598164812952884,0.906,0.66,1.14592288221254e-10,"72h","ANKDD1A"
7.7644138606398e-15,0.795223338689883,0.391,0.121,1.16287626390802e-10,"72h","GABRE"
8.65435241183754e-15,0.7608176572475,0.739,0.398,1.29616236072091e-10,"72h","FLVCR2"
1.1004958569752e-14,0.697061872054502,0.804,0.5,1.64821264499176e-10,"72h","MAGEH1"
1.1926775557847e-14,0.521134540876174,0.92,0.695,1.78627317529875e-10,"72h","TMED4"
1.20241962882921e-14,0.634365572183619,0.891,0.569,1.8008638780975e-10,"72h","DKK3"
1.23157190169073e-14,0.613266135952883,0.855,0.508,1.8445252371622e-10,"72h","CCDC28B"
1.39489741539716e-14,0.713493358490388,0.812,0.51,2.08913785904033e-10,"72h","COL11A1"
1.39670240588771e-14,0.718856007088524,0.783,0.479,2.09184119329803e-10,"72h","SDCCAG8"
1.40854562502768e-14,0.585637106799131,0.964,0.665,2.10957878260395e-10,"72h","SENP7"
1.43064431019708e-14,0.899330251457199,0.514,0.194,2.14267598338217e-10,"72h","RNASE4"
1.44749418601364e-14,0.714992757923186,0.812,0.474,2.16791204239264e-10,"72h","PLK1S1"
1.58479418035904e-14,0.607034992830495,0.862,0.574,2.37354624392373e-10,"72h","CAPG"
1.61744798053974e-14,0.53268942278358,0.978,0.756,2.42245184045437e-10,"72h","ATP2B4"
1.67394641958933e-14,0.78447727978803,0.551,0.24,2.50706955261893e-10,"72h","TGFB1I1"
1.68186290571932e-14,0.647977446454914,0.913,0.587,2.51892607389583e-10,"72h","SEMA3E"
1.82591279864734e-14,0.665811758636717,0.884,0.606,2.73466959853412e-10,"72h","TP53INP1"
1.98544341177232e-14,0.549115338696002,0.935,0.768,2.97359859781141e-10,"72h","VAMP7"
2.14167323185835e-14,0.6114747973184,0.87,0.534,3.20758399935425e-10,"72h","TRAPPC6A"
2.14396906798282e-14,0.542250414533762,0.964,0.802,3.21102247311787e-10,"72h","KIAA0754"
2.32351613770844e-14,0.550368004721311,0.841,0.602,3.47993011944593e-10,"72h","RAB37"
2.50818975791339e-14,0.78804721886603,0.362,0.11,3.75651580042688e-10,"72h","IL1RAPL1"
2.70051277131724e-14,0.559552921721309,0.92,0.7,4.04455797760183e-10,"72h","GAPT"
3.00820737026108e-14,0.755745536387669,0.638,0.277,4.50539217844002e-10,"72h","ERCC-00170"
3.1955913777694e-14,0.7365523908011,0.391,0.121,4.78603720648523e-10,"72h","SERPINI2"
3.66122521786363e-14,0.767050891390175,0.616,0.273,5.48341700879436e-10,"72h","C9orf95"
3.92965532977169e-14,0.6837521970123,0.783,0.431,5.88544478739905e-10,"72h","PMM1"
4.30123928429021e-14,0.62159742400327,0.696,0.318,6.44196607608145e-10,"72h","HLX"
5.09169904462101e-14,0.680296265943418,0.862,0.537,7.62583765912889e-10,"72h","CLGN"
5.12393750895467e-14,0.568804955212063,0.935,0.74,7.67412120716141e-10,"72h","ACSS3"
6.60069621467095e-14,0.648266737225752,0.79,0.427,9.88586272071267e-10,"72h","SYNGR1"
6.87127496273643e-14,0.514735467380976,0.928,0.685,1.02911085116904e-09,"72h","C1orf61"
7.60810532050126e-14,0.618811700983432,0.928,0.579,1.13946593385147e-09,"72h","C6orf162"
7.63391299765334e-14,0.680646428319273,0.283,0.066,1.14333114965854e-09,"72h","GLRA4"
8.43329739091448e-14,0.61971025454287,0.725,0.355,1.26305495023726e-09,"72h","SNAPC5"
9.306340970958e-14,0.703476085743444,0.297,0.074,1.39381068722038e-09,"72h","SLC6A1"
9.74898958153768e-14,0.737817257007286,0.725,0.423,1.4601061696269e-09,"72h","CPEB2"
1.00786872484486e-13,0.630210247760908,0.391,0.119,1.50948498920014e-09,"72h","TMEM187"
1.01781070831413e-13,0.512107189591007,0.928,0.815,1.52437509784208e-09,"72h","TAF9B"
1.08241181245904e-13,0.585921574912388,0.935,0.681,1.6211281715199e-09,"72h","FGF12"
1.27363060995889e-13,0.745761425544557,0.739,0.434,1.90751656453542e-09,"72h","C8orf83"
1.34583584511912e-13,0.715448168650289,0.812,0.49,2.01565834523491e-09,"72h","ZEB1"
1.36296926870253e-13,0.626846293972466,0.71,0.363,2.04131907373578e-09,"72h","LOC388630"
1.54489878444382e-13,0.557754663705199,0.87,0.713,2.31379490946151e-09,"72h","EFTUD1"
1.57133918802366e-13,0.532719566828763,0.935,0.805,2.35339470190303e-09,"72h","DENND5B"
1.5721366626037e-13,0.706028763479783,0.797,0.553,2.35458907958156e-09,"72h","CTH"
1.6066230527773e-13,0.61404336037591,0.913,0.639,2.40623934614456e-09,"72h","FER"
1.81415349814457e-13,0.756464202288557,0.522,0.224,2.71705769417112e-09,"72h","LRRC6"
1.85996333428073e-13,0.760663938049294,0.674,0.355,2.78566708575226e-09,"72h","RWDD2A"
1.91167509578299e-13,0.511073793267788,0.826,0.589,2.86311579095418e-09,"72h","SLC30A8"
2.27661833484875e-13,0.594219982236066,0.92,0.661,3.40969128010297e-09,"72h","C9orf72"
2.28082153304934e-13,0.691050994758883,0.775,0.46,3.41598641004799e-09,"72h","ZNF226"
2.39928019372737e-13,0.531381921235072,0.92,0.723,3.59340194614548e-09,"72h","CLK3"
2.63170443060207e-13,0.586856381275922,0.986,0.597,3.94150372571273e-09,"72h","NRP1"
2.67115618207273e-13,0.601289124557935,0.913,0.621,4.00059061389032e-09,"72h","TIPARP"
2.69392479746284e-13,0.620564621814875,0.804,0.492,4.0346911691601e-09,"72h","PHF21A"
2.70623268026661e-13,0.666528668108999,0.775,0.455,4.0531246852353e-09,"72h","FAM20A"
2.76361100600582e-13,0.66291113780787,0.79,0.511,4.13906020369492e-09,"72h","OVCH2"
3.00223703399161e-13,0.558672037556613,0.942,0.692,4.49645040580923e-09,"72h","ITFG1"
3.04464721571132e-13,0.764866140329566,0.587,0.276,4.55996813497084e-09,"72h","ARHGAP24"
3.36690682944017e-13,0.828766126794174,0.435,0.165,5.04261635845254e-09,"72h","C1orf94"
3.49172753658101e-13,0.625371763613019,0.812,0.582,5.22956033153738e-09,"72h","RGPD2"
3.51301943361273e-13,0.786547522565087,0.63,0.327,5.26144920572179e-09,"72h","CYP2R1"
3.77783266389939e-13,0.770875459426837,0.529,0.227,5.65805998072212e-09,"72h","DPP10"
3.86212331779875e-13,0.755745936453906,0.667,0.356,5.78430209306718e-09,"72h","BBS2"
4.03172634052417e-13,0.549726600173689,0.957,0.668,6.03831654020305e-09,"72h","TMOD1"
4.25546432376218e-13,0.665877614791591,0.594,0.276,6.37340891769862e-09,"72h","RAB4B"
4.6577663110659e-13,0.709859510702237,0.79,0.456,6.97593660408339e-09,"72h","PRSS35"
4.91488834033337e-13,0.722877926927614,0.667,0.337,7.36102826731728e-09,"72h","TRPA1"
5.30247052626748e-13,0.623732510901389,0.761,0.397,7.9415101071908e-09,"72h","SVEP1"
5.39978962336556e-13,0.688217874974284,0.819,0.481,8.0872649189146e-09,"72h","LYRM5"
5.53732709228802e-13,0.56064826698628,0.92,0.642,8.29325478611977e-09,"72h","TNIK"
5.58671260941349e-13,0.564974429777169,0.928,0.71,8.36721947511859e-09,"72h","ABCA1"
5.84623258302583e-13,0.618923314371176,0.717,0.36,8.75590253959778e-09,"72h","TM7SF2"
6.14340522951627e-13,0.606001444668819,0.435,0.156,9.20097801224651e-09,"72h","NLRP7"
6.23552065300528e-13,0.734766202383066,0.696,0.374,9.338939282006e-09,"72h","COMMD3"
6.72189992839575e-13,0.703404872124526,0.319,0.095,1.00673895227583e-08,"72h","MXRA8"
6.7554279007536e-13,0.609720052204289,0.891,0.682,1.01176043669587e-08,"72h","MANEA"
7.30992298239628e-13,0.753957417798639,0.514,0.213,1.09480716507349e-08,"72h","MITF"
8.19507468822124e-13,0.502681859331472,0.913,0.665,1.22737633605489e-08,"72h","GCM1"
8.42785483732504e-13,0.819807405515872,0.449,0.176,1.26223981898617e-08,"72h","GUCY1B3"
8.7571151078775e-13,0.520560903685227,0.949,0.729,1.31155312970681e-08,"72h","NDFIP2"
9.40050789566315e-13,0.529302873975131,0.92,0.668,1.40791406753347e-08,"72h","TMSB15B"
9.64710956212524e-13,0.564705515272471,0.935,0.616,1.4448475991195e-08,"72h","ROR2"
1.13104617789594e-12,0.609125093492836,0.862,0.566,1.69396786063475e-08,"72h","PCCA"
1.13347506015161e-12,0.572125603575578,0.899,0.565,1.69760559758907e-08,"72h","AHNAK"
1.18090134299346e-12,0.651590455899415,0.732,0.384,1.7686359414013e-08,"72h","LRRC28"
1.29888031178757e-12,0.73504413230125,0.341,0.105,1.94533304296424e-08,"72h","ACSM4"
1.33522808647001e-12,0.640865104650484,0.783,0.487,1.99977110510613e-08,"72h","TMBIM1"
1.43310484302404e-12,0.506716052969392,0.971,0.745,2.14636112339711e-08,"72h","AMIGO2"
1.48178512765609e-12,0.603504077664942,0.899,0.623,2.21926958569052e-08,"72h","MME"
1.50693379742328e-12,0.542513782611282,0.797,0.465,2.25693474840085e-08,"72h","IFI27L2"
1.51872336431897e-12,0.677806491735203,0.543,0.245,2.27459198274052e-08,"72h","GMPR"
1.5326409583786e-12,0.684885668256566,0.536,0.235,2.29543636336363e-08,"72h","CRAT"
1.57930066850469e-12,0.529816738478763,0.971,0.695,2.36531861121947e-08,"72h","LPIN1"
1.81559829958287e-12,0.542386976812601,0.899,0.708,2.71922157328527e-08,"72h","PLCB4"
1.92284869812363e-12,0.530984802368536,0.87,0.592,2.87985049517976e-08,"72h","SDK2"
2.24011652205275e-12,0.614554548215557,0.667,0.345,3.35502251507841e-08,"72h","ERCC-00163"
2.37243522886256e-12,0.74596894884931,0.529,0.237,3.55319624226746e-08,"72h","CCL2"
2.3835892078488e-12,0.558027351073787,0.804,0.558,3.56990155659514e-08,"72h","ACPP"
2.40327752843469e-12,0.621863516727019,0.739,0.41,3.59938875433664e-08,"72h","OSBPL6"
2.5698702480468e-12,0.524001433040147,0.92,0.748,3.84889467049968e-08,"72h","C8orf37"
2.58288615833857e-12,0.577990713015403,0.848,0.592,3.86838859934368e-08,"72h","GPR108"
2.75064210199206e-12,0.556814652903241,0.92,0.731,4.1196366761535e-08,"72h","EGF"
2.75451495929435e-12,0.699938196964823,0.435,0.163,4.12543705453515e-08,"72h","ELAVL4"
2.82300832247725e-12,0.647504413552148,0.797,0.521,4.22801956457417e-08,"72h","PLCE1"
2.85794884428713e-12,0.668754160639112,0.536,0.237,4.28034998408883e-08,"72h","CCDC169"
2.87870858002667e-12,0.506894911106661,0.92,0.735,4.31144184030595e-08,"72h","LRP2BP"
2.9443506584393e-12,0.55157464725861,0.913,0.658,4.40975398114453e-08,"72h","KIAA1324L"
3.21171371844302e-12,0.656918944108462,0.638,0.323,4.81018363611211e-08,"72h","KCNK17"
3.27731820514548e-12,0.650221393996126,0.746,0.4,4.90843947584638e-08,"72h","CEP112"
3.70586877535105e-12,0.611918418538223,0.884,0.626,5.55027966484327e-08,"72h","NIPSNAP3A"
3.78571069796324e-12,0.594643351127303,0.703,0.344,5.66985891233954e-08,"72h","HOXB7"
4.41627881666079e-12,0.666362516674937,0.406,0.148,6.61426078371286e-08,"72h","GRM3"
4.47020451309891e-12,0.658714982441879,0.819,0.568,6.69502529926824e-08,"72h","ANO5"
5.31425466079665e-12,0.706448035344567,0.645,0.361,7.95915920547514e-08,"72h","DDB2"
5.75756120339062e-12,0.546144873619597,0.254,0.063,8.62309941431813e-08,"72h","SPAG4"
5.99418859992249e-12,0.540234136043031,1,0.684,8.97749626610391e-08,"72h","DLC1"
6.08126088962835e-12,0.55206710877272,0.906,0.621,9.10790443439638e-08,"72h","VPS54"
6.4350391315458e-12,0.539145111453397,0.362,0.123,9.63775810731615e-08,"72h","HCST"
6.48630454238278e-12,0.595883666250005,0.841,0.623,9.71453831312669e-08,"72h","KIAA1432"
8.87625018761e-12,0.587819552446753,0.543,0.247,1.32939599059835e-07,"72h","CERCAM"
8.94116685948903e-12,0.736161006520096,0.435,0.168,1.33911856054567e-07,"72h","ECM1"
8.94429102352241e-12,0.70260795175717,0.761,0.469,1.33958646659295e-07,"72h","RNFT1"
9.08798029088402e-12,0.510527644938236,0.993,0.811,1.3611068081657e-07,"72h","SHISA2"
9.46570017209512e-12,0.689364663528931,0.601,0.298,1.41767791477469e-07,"72h","NFIA"
9.94356104648813e-12,0.55930627786718,0.674,0.363,1.48924713793253e-07,"72h","HAGH"
1.31906700098675e-11,0.513224293443886,0.949,0.706,1.97556664737785e-07,"72h","PALLD"
1.41897690661828e-11,0.712946765293681,0.522,0.245,2.1252017130422e-07,"72h","KEL"
1.56045673035668e-11,0.634034868839487,0.703,0.371,2.3370960450552e-07,"72h","SELENBP1"
1.57748897144037e-11,0.73201569489234,0.522,0.234,2.36260523252624e-07,"72h","NRCAM"
1.61699324458494e-11,0.631414768870545,0.406,0.152,2.42177078241487e-07,"72h","DEC1"
1.74941735530703e-11,0.556042383273913,0.348,0.113,2.62010237304333e-07,"72h","NCR1"
1.84842242105931e-11,0.51644684313032,0.884,0.624,2.76838226002052e-07,"72h","WDR60"
1.96030937964165e-11,0.534135572176748,0.848,0.548,2.93595535788929e-07,"72h","ETV3"
2.15810597022233e-11,0.625857433814653,0.703,0.405,3.23219531160199e-07,"72h","MCEE"
2.159817871756e-11,0.530522372646379,0.862,0.542,3.23475922652895e-07,"72h","ACVR1B"
2.21584379974704e-11,0.697164242913104,0.442,0.176,3.31866925888115e-07,"72h","TEC"
2.2292071575706e-11,0.658868888288116,0.739,0.49,3.33868355989348e-07,"72h","CREBRF"
2.45999503452951e-11,0.504783820059988,0.92,0.674,3.68433456321484e-07,"72h","DERA"
2.5548976421894e-11,0.604549302068088,0.609,0.305,3.82647019870706e-07,"72h","CRELD1"
2.66504570980258e-11,0.716583628153545,0.601,0.332,3.99143895957132e-07,"72h","GGT1"
2.69229488180659e-11,0.676047218249293,0.659,0.382,4.03225004448173e-07,"72h","GNAZ"
2.85517843694818e-11,0.600973961084488,0.275,0.076,4.27620074501729e-07,"72h","SIRT4"
2.93850872391714e-11,0.565928877079207,0.855,0.608,4.4010045158107e-07,"72h","ARHGAP42"
3.09476353737811e-11,0.583637643100581,0.457,0.195,4.6350273499312e-07,"72h","FAM159A"
3.24261018667438e-11,0.703334737794781,0.587,0.297,4.85645727658222e-07,"72h","ANXA4"
3.25473001060624e-11,0.694227917609995,0.558,0.284,4.87460913688496e-07,"72h","ZNF846"
3.45553498622411e-11,0.575263346566802,0.717,0.395,5.17535474886785e-07,"72h","TMEM107"
3.57646842009524e-11,0.587146705970947,0.797,0.54,5.35647675277664e-07,"72h","FXYD6"
3.85347163590153e-11,0.723933242393695,0.587,0.318,5.77134446908972e-07,"72h","LACTB"
4.33235885718634e-11,0.548337128807068,0.761,0.408,6.48857386040798e-07,"72h","ADCY10"
4.56273372414064e-11,0.622680290248429,0.638,0.327,6.83360629864544e-07,"72h","C18orf1"
4.94000089231644e-11,0.523667986698524,0.275,0.079,7.39863933642233e-07,"72h","PYROXD2"
5.09850709231292e-11,0.509546363096955,0.978,0.779,7.63603407215705e-07,"72h","GPR83"
5.28165970773266e-11,0.541340447025028,0.442,0.185,7.91034174427121e-07,"72h","RRAS"
5.29146951842192e-11,0.621110188184116,0.551,0.281,7.92503389774051e-07,"72h","PRAF2"
5.53010509684217e-11,0.542914733928161,0.928,0.574,8.28243840354052e-07,"72h","HS3ST3A1"
5.64149669682469e-11,0.595485109261585,0.688,0.373,8.44926960283434e-07,"72h","KLHDC8B"
6.08582151620827e-11,0.525849382557637,0.906,0.687,9.11473488482513e-07,"72h","CNTRL"
6.45419812994917e-11,0.629459683495138,0.601,0.31,9.66645253922487e-07,"72h","NFASC"
6.47471754039203e-11,0.613110185499305,0.659,0.373,9.69718446024515e-07,"72h","C16orf58"
6.56282270927951e-11,0.561666798538649,0.797,0.521,9.82913957168793e-07,"72h","NBPF15"
6.64271294056813e-11,0.658434911135608,0.362,0.131,9.94879117108889e-07,"72h","NR0B1"
7.61698020911319e-11,0.734952395913226,0.442,0.187,1.14079512591888e-06,"72h","COL6A5"
7.82148185093491e-11,0.598017285619095,0.703,0.434,1.17142333681452e-06,"72h","ASMTL"
8.24313197372782e-11,0.625813570021045,0.739,0.477,1.23457387570522e-06,"72h","ANKRA2"
8.77769521409206e-11,0.566187245252361,0.848,0.611,1.31463541221457e-06,"72h","PIBF1"
8.99262476331247e-11,0.539369152904348,0.87,0.46,1.34682541080131e-06,"72h","UNC5C"
9.2759183149496e-11,0.559866359094009,0.609,0.321,1.38925428603e-06,"72h","BMF"
9.68107655197963e-11,0.632760537946091,0.681,0.403,1.44993483518999e-06,"72h","TMEM101"
1.02300151324015e-10,0.611771561871117,0.681,0.377,1.53214936637978e-06,"72h","RRAGB"
1.05447598138365e-10,0.587911345386037,0.79,0.487,1.5792886773183e-06,"72h","PLAGL1"
1.07839401221773e-10,0.807483854528045,0.391,0.166,1.61511071209849e-06,"72h","DGKI"
1.14029274257462e-10,0.527709906154687,0.442,0.194,1.707816440554e-06,"72h","ERCC-00054"
1.15271445384895e-10,0.53162201577697,0.761,0.453,1.72642043752957e-06,"72h","IFI27L1"
1.17901201194907e-10,0.780234469398158,0.319,0.113,1.76580629029612e-06,"72h","C3"
1.18155432076e-10,0.549268949585426,0.616,0.339,1.76961390620225e-06,"72h","BTN2A2"
1.18284859423735e-10,0.583742391502271,0.377,0.14,1.77155233958928e-06,"72h","ERCC-00148"
1.19546778739297e-10,0.679296110384428,0.42,0.173,1.79045210517846e-06,"72h","SLIT3"
1.34871669798735e-10,0.509066939658505,0.884,0.611,2.01997299857565e-06,"72h","C1orf85"
1.3915179585387e-10,0.588686394467397,0.703,0.41,2.08407644650342e-06,"72h","ENPEP"
1.4383325305167e-10,0.512738484612525,0.819,0.552,2.15419063095487e-06,"72h","TSPO"
1.4822400636491e-10,0.652756735446002,0.681,0.421,2.21995094332725e-06,"72h","TSPAN31"
1.50385924951722e-10,0.793872054202372,0.304,0.105,2.25232999800194e-06,"72h","FBLN5"
1.58859233912174e-10,0.545115717102124,0.565,0.284,2.37923474630263e-06,"72h","H2BFM"
1.73760302063467e-10,0.549162233130322,0.812,0.59,2.60240804400454e-06,"72h","ZHX2"
1.96370498059079e-10,0.611674621429113,0.775,0.535,2.94104094943082e-06,"72h","CNOT6L"
2.0493398755983e-10,0.549722674356628,0.746,0.473,3.06929633168357e-06,"72h","DNAJB5"
2.30211954320058e-10,0.613507213726884,0.326,0.11,3.44788443985151e-06,"72h","GRIK2"
2.34192888165666e-10,0.518910121178204,0.833,0.556,3.50750688605718e-06,"72h","TRPT1"
2.41001547738304e-10,0.526700737196465,0.254,0.073,3.60948018047658e-06,"72h","GRIP2"
2.42818133710958e-10,0.544600498737299,0.362,0.135,3.63668718858902e-06,"72h","PXDC1"
2.56955824411269e-10,0.522823173559943,0.833,0.566,3.84842738220758e-06,"72h","GSTK1"
2.59927451130433e-10,0.594999307910667,0.978,0.603,3.8929334355805e-06,"72h","PLXNA2"
2.93355288101337e-10,0.531841146865831,0.319,0.11,4.39358214989372e-06,"72h","ADAMTS15"
3.00692000082922e-10,0.585688593219709,0.768,0.519,4.50346408524192e-06,"72h","ST3GAL6"
3.20737127645081e-10,0.544646095287233,0.63,0.329,4.80367996074038e-06,"72h","NFATC1"
3.45876472156695e-10,0.532430688096635,0.58,0.277,5.18019192349081e-06,"72h","PLCD1"
3.75023278051543e-10,0.565792786102189,0.754,0.474,5.61672363537796e-06,"72h","SERTAD3"
3.81590459658712e-10,0.552524424726668,0.725,0.398,5.71508031430854e-06,"72h","MEIS2"
3.8843358986943e-10,0.506376795092833,0.449,0.205,5.81756987547445e-06,"72h","PLG"
4.24881242254684e-10,0.631348886068417,0.522,0.266,6.3634463652484e-06,"72h","DNHD1"
4.27218189042569e-10,0.670949024461392,0.341,0.126,6.39844681729056e-06,"72h","PLEKHB1"
4.30770097184553e-10,0.514402347594033,0.362,0.142,6.45164374553305e-06,"72h","CNTNAP5"
4.61661026502734e-10,0.597246425424726,0.797,0.592,6.91429719393145e-06,"72h","TRIM36"
4.62238213455419e-10,0.570487299409386,0.761,0.503,6.92294172292181e-06,"72h","VRK3"
4.64201567580229e-10,0.563107148494702,0.797,0.661,6.9523468776491e-06,"72h","CUBN"
5.24159262071056e-10,0.531889799336939,0.79,0.506,7.85033326803821e-06,"72h","SH3BP5"
5.42095781569783e-10,0.505161048266949,0.862,0.653,8.11896852057065e-06,"72h","TANK"
5.50246897080139e-10,0.611814447160903,0.71,0.49,8.24104777756924e-06,"72h","FBXL7"
5.95511516588722e-10,0.593555022386309,0.428,0.184,8.91897598394929e-06,"72h","GDF6"
6.2371098591727e-10,0.510720245389679,0.87,0.631,9.34131943608295e-06,"72h","TMCC1"
6.51240484655569e-10,0.50279906549297,0.906,0.656,9.75362873868646e-06,"72h","CRISPLD1"
6.8550838989374e-10,0.552194235555364,0.449,0.19,1.02668591554385e-05,"72h","ERCC-00059"
6.97155545982137e-10,0.620139210182721,0.696,0.434,1.04412986121745e-05,"72h","C14orf133"
7.1634991291446e-10,0.626959115862441,0.587,0.315,1.07287726457199e-05,"72h","HSPB8"
7.50978849517986e-10,0.569074890034192,0.254,0.077,1.12474102292309e-05,"72h","LEKR1"
7.82838177547217e-10,0.606338299728056,0.406,0.165,1.17245673851247e-05,"72h","SPINK5"
8.33615246286631e-10,0.60943025629826,0.594,0.311,1.24850555436349e-05,"72h","SP8"
8.37530402672746e-10,0.622253514043807,0.623,0.344,1.25436928408297e-05,"72h","MYO3A"
9.35156235374828e-10,0.558346716073105,0.812,0.544,1.40058349372088e-05,"72h","MATN3"
9.65721556174315e-10,0.503504394150443,0.377,0.152,1.44636117468227e-05,"72h","NAT6"
9.88102202868733e-10,0.500734842068177,0.862,0.647,1.4798806692365e-05,"72h","RALB"
1.08603042623906e-09,0.603047041913662,0.572,0.308,1.62654776937824e-05,"72h","SMPD1"
1.13935223486457e-09,0.52166563031137,0.986,0.742,1.70640784215667e-05,"72h","WNT5A"
1.15765021175596e-09,0.701084751325668,0.493,0.247,1.7338127221469e-05,"72h","AMPH"
1.43826244705186e-09,0.531479209778779,0.71,0.416,2.15408566694957e-05,"72h","FBLN2"
1.44978793189137e-09,0.526234617306776,0.565,0.297,2.1713473855937e-05,"72h","RBM20"
1.49042400072785e-09,0.548419385531907,0.297,0.1,2.23220802589009e-05,"72h","ERCC-00154"
1.63693606850387e-09,0.601110352219844,0.659,0.373,2.45163914979824e-05,"72h","C2orf74"
1.69501940134833e-09,0.509809410695967,0.775,0.481,2.5386305573994e-05,"72h","MGMT"
1.71081134406317e-09,0.665290881289996,0.413,0.181,2.5622821500034e-05,"72h","OSCP1"
1.71394815802865e-09,0.583057719921999,0.355,0.132,2.56698015627952e-05,"72h","ERCC-00034"
1.75281439344676e-09,0.531930448441697,0.812,0.566,2.62519011706521e-05,"72h","TMEM206"
1.83168980784811e-09,0.689296553607966,0.29,0.1,2.74332182521412e-05,"72h","PCSK2"
1.91976736524707e-09,0.509870595607356,0.413,0.185,2.87523558293054e-05,"72h","LOC100505679"
1.97308523331832e-09,0.607628170094387,0.5,0.269,2.95508975394085e-05,"72h","MYO18A"
2.0349386137074e-09,0.562514552498773,0.79,0.453,3.04772756174957e-05,"72h","PPAPDC1A"
2.03589525062386e-09,0.514716817239116,0.862,0.616,3.04916031685936e-05,"72h","GOLGA5"
2.10818092052099e-09,0.517778900667527,0.833,0.632,3.15742256466428e-05,"72h","MUT"
2.1202760570762e-09,0.546148801300501,0.341,0.126,3.17553745068303e-05,"72h","MTMR11"
2.12219988920498e-09,0.606273497384616,0.652,0.371,3.17841877406229e-05,"72h","RBM24"
2.13204297923502e-09,0.604732521864686,0.681,0.435,3.1931607700003e-05,"72h","SATB2"
2.19303215943695e-09,0.503128428839027,0.464,0.213,3.28450426518872e-05,"72h","SIL1"
2.28782381127952e-09,0.53084043190153,0.739,0.471,3.42647372215333e-05,"72h","GPHN"
2.56468255080036e-09,0.647800576714297,0.435,0.203,3.8411250563337e-05,"72h","PSKH2"
2.72671256947636e-09,0.650525859571654,0.681,0.477,4.08379741530474e-05,"72h","TBCEL"
2.82465153156957e-09,0.550937547947181,0.717,0.46,4.23048059883174e-05,"72h","RASL12"
3.16965614097574e-09,0.574901179547612,0.645,0.374,4.74719400233936e-05,"72h","BTD"
3.37880284191061e-09,0.529489553100889,0.797,0.537,5.06043301632952e-05,"72h","RIPK2"
3.56664655764057e-09,0.571380247845562,0.435,0.197,5.34176654937829e-05,"72h","P2RX4"
3.92467376860325e-09,0.655567994719037,0.348,0.139,5.87798390323708e-05,"72h","CLDN1"
4.28000507145877e-09,0.592395993005029,0.384,0.16,6.4101635955238e-05,"72h","TPK1"
4.33825888720181e-09,0.603098705268578,0.652,0.403,6.49741033536215e-05,"72h","ANO4"
4.50261456699636e-09,0.622411453516389,0.601,0.358,6.74356583699044e-05,"72h","NEK6"
4.66957977693779e-09,0.515229197710435,0.761,0.494,6.99362963191973e-05,"72h","PHC2"
4.82824079350345e-09,0.600572186587638,0.681,0.424,7.23125623643012e-05,"72h","ZBTB41"
4.89603018642821e-09,0.5443253934384,0.993,0.647,7.33278441021353e-05,"72h","GATA6"
5.1767247617803e-09,0.593362166053395,0.391,0.168,7.75318067571836e-05,"72h","ITLN2"
5.2276514809446e-09,0.633627783805139,0.768,0.616,7.82945362301073e-05,"72h","C7"
5.43467720107907e-09,0.607996183993941,0.42,0.19,8.13951604405612e-05,"72h","PPFIBP2"
5.55798066518755e-09,0.597450344520942,0.645,0.431,8.32418764225139e-05,"72h","TM6SF1"
5.67465015352747e-09,0.648889154634344,0.428,0.205,8.49892353493809e-05,"72h","WDR72"
6.21899793416831e-09,0.71729894857804,0.558,0.331,9.31419320600388e-05,"72h","LCA5"
6.40734615111031e-09,0.526803757563479,0.645,0.389,9.59628233051791e-05,"72h","CAPN12"
6.49033922414998e-09,0.611176673188345,0.645,0.405,9.72058105600942e-05,"72h","PQLC3"
6.56490406528036e-09,0.538504888625337,0.413,0.179,9.8322568185704e-05,"72h","LYST"
6.91955861331797e-09,0.500573584235073,0.848,0.631,0.000103634229351663,"72h","TMEM38B"
7.53061494915044e-09,0.597411936304139,0.355,0.15,0.000112786020093426,"72h","IL9R"
7.54234540386912e-09,0.631396242960685,0.507,0.266,0.000112961707113748,"72h","SULF1"
8.10273446532753e-09,0.505643229328569,0.804,0.623,0.00012135465408721,"72h","STX12"
8.69064105786132e-09,0.554466781022768,0.551,0.294,0.000130159731123589,"72h","ETHE1"
9.13924829421672e-09,0.595714852127289,0.478,0.245,0.000136878521702484,"72h","ART5"
9.30357755306953e-09,0.64651788943929,0.384,0.166,0.000139339681012322,"72h","FAM70A"
9.45890698719411e-09,0.511569400180802,0.696,0.431,0.000141666049947206,"72h","THAP2"
9.91572556093572e-09,0.585499432973706,0.333,0.14,0.000148507821726134,"72h","PLXNA4"
1.01841748420023e-08,0.530911626533066,0.754,0.498,0.000152528386608668,"72h","DHRS7B"
1.05551148284311e-08,0.517797214934806,0.833,0.577,0.000158083954785413,"72h","MLLT3"
1.07328641860615e-08,0.596347324805688,0.355,0.148,0.000160746106914644,"72h","TRPV2"
1.08039677877526e-08,0.564753856932676,0.457,0.218,0.000161811025557171,"72h","KCND2"
1.23694303057194e-08,0.553234466412763,0.986,0.644,0.00018525695768876,"72h","BMP4"
1.32802360976135e-08,0.539923056689757,0.659,0.403,0.000198898096033958,"72h","C20orf194"
1.59366193939869e-08,0.557354321610903,0.623,0.348,0.000238682748663741,"72h","GPR22"
1.75463029291459e-08,0.548951202671153,0.565,0.31,0.000262790978969818,"72h","NSUN7"
1.77861882587893e-08,0.508752103529064,0.572,0.292,0.000266383741551888,"72h","FRZB"
1.83985588199719e-08,0.555991768622452,0.543,0.289,0.000275555215446719,"72h","PROS1"
1.91168271054177e-08,0.617421639498565,0.58,0.347,0.000286312719557841,"72h","ATP8A1"
1.98043461079275e-08,0.649256252828335,0.464,0.235,0.000296609691658429,"72h","SPATA7"
2.17055749639562e-08,0.547908309589883,0.674,0.418,0.000325084396235172,"72h","GALC"
2.26361047849229e-08,0.600948283505125,0.681,0.471,0.000339020941363791,"72h","TTC33"
2.50966208941711e-08,0.579300101029791,0.449,0.221,0.000375872091132001,"72h","CALCOCO1"
2.81964137229211e-08,0.519273938384389,0.906,0.748,0.00042229768832819,"72h","EHHADH"
2.88362034876752e-08,0.569430096399072,0.609,0.35,0.000431879819634912,"72h","RASGRP3"
3.03772168630718e-08,0.500144002501525,0.732,0.494,0.000454959576958226,"72h","FAM65A"
3.08490063663533e-08,0.523702043130376,0.652,0.408,0.000462025568348873,"72h","SNRNP35"
3.18823988336708e-08,0.624751932896333,0.529,0.305,0.000477502687331888,"72h","PDE8A"
3.36198615083846e-08,0.524029688998091,0.565,0.339,0.000503524665811077,"72h","TNFRSF11A"
3.4553529902184e-08,0.644961496928204,0.529,0.295,0.000517508217345009,"72h","RBMS3"
3.49701765577852e-08,0.561587567252745,0.399,0.184,0.000523748334305949,"72h","S100A6"
3.539387021145e-08,0.585230385340702,0.42,0.203,0.000530093994156887,"72h","CTHRC1"
3.85319305820893e-08,0.50583818410679,0.725,0.452,0.000577092724327952,"72h","TEX264"
4.11591508772763e-08,0.510000668204829,0.572,0.313,0.000616440602688967,"72h","SCRN2"
4.2751117250905e-08,0.537857661991662,0.638,0.379,0.000640283483066805,"72h","C18orf32"
4.94974537083729e-08,0.505999090514409,0.58,0.332,0.0007413233641903,"72h","DLG2"
5.02367020555946e-08,0.703268283413447,0.478,0.282,0.00075239508668664,"72h","GALNT14"
5.02868124028344e-08,0.56139513067461,0.261,0.092,0.000753145589357251,"72h","CSMD3"
5.09587460030185e-08,0.517750792401232,0.551,0.3,0.000763209138887208,"72h","FAM214B"
5.1723097772611e-08,0.548972316647313,0.551,0.315,0.000774656835340395,"72h","ELMOD3"
5.34847189352719e-08,0.564542474171938,0.283,0.11,0.000801040635493567,"72h","FMO5"
5.44756578099437e-08,0.586190647829905,0.543,0.315,0.000815881927019527,"72h","EZH1"
5.51811901894945e-08,0.538269452730295,0.601,0.365,0.000826448685468059,"72h","NDST2"
5.56709147008822e-08,0.535444430085979,0.696,0.423,0.000833783289475112,"72h","PHYH"
5.64922279608886e-08,0.544803520639966,0.428,0.211,0.000846084098170229,"72h","CELF4"
5.80190646007169e-08,0.503139900737311,0.797,0.576,0.000868951530524937,"72h","FAM188A"
6.16092954476711e-08,0.528822227914557,0.449,0.229,0.000922722417919771,"72h","CCDC92"
6.22442650076984e-08,0.507785967396451,0.514,0.265,0.000932232357020299,"72h","PCDHGA10"
7.55604458715568e-08,0.514294790399442,0.623,0.382,0.00113166879781831,"72h","TTC32"
8.02468977463713e-08,0.539661661186636,0.696,0.489,0.0012018577875474,"72h","TMLHE"
8.06717682371495e-08,0.510814790178413,0.71,0.474,0.00120822107288779,"72h","HKR1"
8.91909104831789e-08,0.541447672848871,0.457,0.237,0.00133581226630657,"72h","MAP3K8"
8.97178624909619e-08,0.616327217945668,0.609,0.384,0.00134370442652714,"72h","ZNF30"
9.05806866096304e-08,0.564992268603741,0.428,0.21,0.00135662694335243,"72h","ERCC-00099"
9.25153491437385e-08,0.525835712273215,0.457,0.235,0.00138560238412577,"72h","DPYD"
9.39322568156642e-08,0.563300910386152,0.449,0.229,0.0014068234103282,"72h","GANC"
1.0938508081776e-07,0.507399772089632,0.493,0.255,0.0016382603554076,"72h","SLC1A1"
1.2202942570662e-07,0.531082433696576,0.616,0.39,0.00182763470880805,"72h","PPOX"
1.22662750232449e-07,0.510838657351562,0.29,0.115,0.00183712001023139,"72h","LOC375190"
1.34828783229372e-07,0.55967355896734,0.688,0.456,0.00201933068642631,"72h","PEX11B"
1.40990182746182e-07,0.552013419409713,0.551,0.329,0.00211160996698957,"72h","DHRS1"
1.42248722357423e-07,0.609007237336843,0.529,0.313,0.00213045911474713,"72h","FSD1L"
1.7693341071382e-07,0.573832468823422,0.435,0.235,0.00264993169226089,"72h","ZNF396"
1.93850201672693e-07,0.578922553348726,0.652,0.452,0.00290329447045193,"72h","PRKD1"
1.98888865578778e-07,0.503093469615106,0.493,0.271,0.00297875853977335,"72h","C10orf47"
2.03588861613386e-07,0.502813857257998,0.464,0.252,0.00304915038038368,"72h","BCAS3"
2.05253754203768e-07,0.584733324804478,0.587,0.382,0.00307408547670984,"72h","OBFC1"
2.55383915737447e-07,0.554479284602329,0.319,0.14,0.00382488490599974,"72h","ZNF438"
2.5888956555191e-07,0.591396731641238,0.391,0.194,0.00387738902327096,"72h","TMEM150C"
2.77340252211898e-07,0.525357443608107,0.674,0.437,0.0041537249573776,"72h","TCEAL7"
3.35449930429302e-07,0.51628500290614,0.507,0.285,0.00502403360803965,"72h","STARD9"
3.94784520512295e-07,0.520720744242691,0.348,0.163,0.00591268776371264,"72h","KCTD18"
4.14481828126105e-07,0.558684432248191,0.58,0.377,0.00620769433984468,"72h","NSUN3"
4.26256154479345e-07,0.546527193066555,0.384,0.189,0.00638403842563714,"72h","RSPH3"
4.47457077967265e-07,0.515653112763614,0.42,0.211,0.00670156465671573,"72h","KBTBD3"
4.52959841164979e-07,0.699206306143777,0.254,0.103,0.00678397954112789,"72h","C5"
5.00998187167568e-07,0.564153320884738,0.609,0.402,0.00750344984920867,"72h","AKTIP"
5.45338850343856e-07,0.515860064844902,0.572,0.35,0.00816753996159993,"72h","MARCH3"
5.52263707330591e-07,0.501309887318817,0.725,0.553,0.00827125354469026,"72h","C10orf88"
5.71398213352763e-07,0.679807814004719,0.275,0.119,0.00855783104138433,"72h","DOCK2"
6.04087687571543e-07,0.536518347629644,0.522,0.306,0.009047421296759,"72h","ITPR1"
6.24897287014376e-07,0.630150637638561,0.399,0.218,0.00935908666761431,"72h","DENND2A"
6.35084740745913e-07,0.63620196683913,0.406,0.215,0.00951166416215154,"72h","FIBIN"
6.43338723892523e-07,0.502149900383186,0.514,0.295,0.00963528406773831,"72h","RASGEF1B"
7.25418596802009e-07,0.532512824872142,0.37,0.185,0.0108645943243037,"72h","ZNF382"
8.03980746752058e-07,0.543465972080712,0.319,0.145,0.0120412196441056,"72h","HYAL3"
8.15339153078992e-07,0.571332962787422,0.5,0.303,0.0122113344956641,"72h","TP53INP2"
8.20500541399999e-07,0.56128423595309,0.609,0.423,0.0122886366085478,"72h","PRKAG2"
8.46419094832124e-07,0.549979866211429,0.587,0.395,0.0126768187833007,"72h","VPS16"
8.8425367008973e-07,0.553503805628273,0.638,0.456,0.0132434672169339,"72h","LHFP"
9.01904243789269e-07,0.538684928996916,0.63,0.45,0.0135078198592319,"72h","ANKRD42"
9.26738976135643e-07,0.606158912146441,0.457,0.26,0.0138797696455835,"72h","ARL6"
9.58844423842636e-07,0.512584631235197,0.667,0.489,0.0143606129358912,"72h","ITSN2"
9.76314797267996e-07,0.505204356981708,0.355,0.171,0.0146222667186828,"72h","C9orf84"
1.14160335788557e-06,0.560839435244576,0.384,0.195,0.0170977934910522,"72h","CAB39L"
1.7744009398822e-06,0.507871919949827,0.464,0.265,0.0265752028766157,"72h","TBC1D19"
1.85887828903976e-06,0.531712256277884,0.435,0.24,0.0278404201349485,"72h","TMTC2"
1.90232058977149e-06,0.531730345011959,0.391,0.206,0.0284910554730076,"72h","DHRS12"
2.2347816603881e-06,0.590585481504133,0.399,0.213,0.0334703249276325,"72h","MEIS1"
3.343420798942e-06,0.557943350227573,0.551,0.365,0.0500744133057543,"72h","FBXO8"
3.42279684962441e-06,0.521987472510657,0.551,0.339,0.0512632284168247,"72h","SWT1"
3.46266894490934e-06,0.501100752496177,0.355,0.181,0.0518603927879072,"72h","SLC44A5"
4.15251144431943e-06,0.515653452455409,0.442,0.255,0.062192163901572,"72h","KIAA1024"
5.95428754566871e-06,0.517236205879036,0.594,0.427,0.0891773645714803,"72h","CCDC126"
6.01068525066296e-06,0.513801215540454,0.638,0.444,0.0900220329991791,"72h","UNC5D"
6.09289574989063e-06,0.511033543980755,0.333,0.166,0.0912532996461119,"72h","DDR2"
6.17300059245526e-06,0.63911867289968,0.406,0.24,0.0924530298732025,"72h","BCL6B"
8.16150766508927e-06,0.516011932103776,0.551,0.369,0.122234900300042,"72h","RGPD6"
8.60906077003825e-06,0.575609570352802,0.42,0.256,0.128937903152863,"72h","SLC27A6"
9.00830212761884e-06,0.532372230114277,0.377,0.205,0.134917340965347,"72h","SLC22A15"
1.60573661304311e-05,0.554030448077347,0.283,0.134,0.240491172535467,"72h","RNASE1"
1.75193137902076e-05,0.507807250877366,0.254,0.118,0.262386762635939,"72h","ZNF630"
1.92120996581234e-05,0.521388415220505,0.254,0.118,0.287739616579715,"72h","CLEC4A"
3.63563976364848e-05,0.589243128268528,0.275,0.142,0.544509767401633,"72h","OPCML"
3.95635725611913e-05,0.519347469101713,0.471,0.31,0.592543626248963,"72h","UEVLD"
7.64180265106076e-05,0.513799440089586,0.522,0.376,1,"72h","HDX"
9.07422032953566e-05,0.529348081790307,0.362,0.218,1,"72h","RGS17"
0.000129669389389417,0.50694479598525,0.413,0.266,1,"72h","ZNF624"
0.000149671234987433,0.518797602152732,0.312,0.187,1,"72h","CXCL5"
0.000161239023420429,0.522827709070648,0.254,0.134,1,"72h","MYB"
1.14464864699156e-97,2.13159336257244,0.75,0.03,1.71434027859927e-93,"96h","COL3A1"
1.81061240468285e-71,1.74709393917425,0.973,0.267,2.71175419849351e-67,"96h","CRHBP"
2.27826994528097e-65,0.580220176191311,1,0.975,3.41216489704732e-61,"96h","CD99"
6.85300286435139e-58,1.30304436817532,0.947,0.423,1.02637423899391e-53,"96h","GYPB"
2.66790521751599e-55,1.37254765549449,0.899,0.353,3.9957216442737e-51,"96h","FGF17"
2.1485914134557e-54,1.47059774403008,0.426,0.011,3.2179453599326e-50,"96h","PLVAP"
2.88119405441491e-54,1.18354720349849,1,0.528,4.31516433529721e-50,"96h","ERBB4"
7.5900676023592e-52,1.65437184517342,0.707,0.151,1.13676442480534e-47,"96h","LIMCH1"
8.06582475532851e-52,1.16855852527169,0.984,0.582,1.20801857360555e-47,"96h","STC1"
8.26849677862486e-52,1.55817427626765,0.846,0.282,1.23837276253464e-47,"96h","CCDC80"
8.46811572668863e-52,0.74181123308671,1,0.781,1.26826969238616e-47,"96h","COL5A2"
1.11918219327307e-51,1.19243153797338,0.936,0.558,1.67619917086507e-47,"96h","CPE"
1.45583927034136e-49,1.04858840284964,0.973,0.54,2.18041047519026e-45,"96h","GNG11"
1.86518041416047e-47,1.46251192499249,0.548,0.072,2.79348070628814e-43,"96h","COL6A3"
5.20618878305497e-47,1.24371742890645,0.926,0.347,7.79730894038143e-43,"96h","CCDC81"
2.21957141017545e-46,0.761045251872054,0.989,0.833,3.32425210101977e-42,"96h","COL4A1"
5.67414120253614e-46,1.21342964148571,0.952,0.47,8.49816127903838e-42,"96h","SERHL2"
6.6444544006712e-46,1.52159823700496,0.649,0.135,9.95139935588526e-42,"96h","ITGA4"
2.75607890000615e-44,1.30654561680501,0.431,0.033,4.12777936853922e-40,"96h","SLC5A9"
1.30576597734507e-43,0.551655383322526,1,0.842,1.95564570426971e-39,"96h","VIM"
4.57367335997518e-43,1.1094646023074,0.915,0.507,6.84999059123483e-39,"96h","CCKBR"
7.95713037750579e-43,1.23203237561727,0.367,0.016,1.19173941663904e-38,"96h","FAM198B"
1.95737401431495e-42,1.20789861541273,0.878,0.481,2.9315590612395e-38,"96h","HTRA1"
4.56733260388198e-42,1.2540801906488,0.309,0.002,6.84049404083404e-38,"96h","TM4SF1"
1.03748361596297e-41,1.07122540777358,0.91,0.611,1.55383921162774e-37,"96h","DUSP4"
2.59647539792978e-40,1.08124183299459,0.941,0.532,3.88874120347943e-36,"96h","PRDM1"
3.4715869085057e-39,1.15293439917823,0.92,0.433,5.19939571286899e-35,"96h","CD48"
9.289975366736e-39,1.17091750293894,0.888,0.453,1.39135961067605e-34,"96h","KIT"
1.6274810515953e-38,1.2363857735938,0.734,0.26,2.43747837097427e-34,"96h","NTN1"
1.67727738512873e-38,0.540594997966644,1,0.944,2.51205833970731e-34,"96h","RHOBTB3"
3.04723380834012e-37,1.1827541614521,0.335,0.018,4.563842074751e-33,"96h","ENTPD3"
4.15097397134816e-37,0.977764469387296,0.963,0.716,6.21691371688814e-33,"96h","GYPE"
6.00749972332836e-37,0.834080759766628,0.963,0.644,8.99743233562889e-33,"96h","TRDN"
1.87094319946616e-36,1.14617799147136,0.872,0.395,2.80211162984047e-32,"96h","GYPA"
2.4158749486685e-36,1.20837920684475,0.862,0.421,3.61825591062081e-32,"96h","TMEM132B"
1.7034880197626e-35,0.813642200308351,0.952,0.605,2.55131400719845e-31,"96h","ARL4D"
1.76523597062824e-35,0.506048788448636,0.973,0.86,2.64379391320991e-31,"96h","S100A10"
7.75978402935471e-35,0.973781306162979,0.963,0.66,1.16218285407646e-30,"96h","COL1A1"
1.88635645897254e-34,0.766872435061853,0.995,0.877,2.82519606860317e-30,"96h","ST8SIA4"
2.04466256590079e-34,1.21189759726389,0.372,0.039,3.06229112494962e-30,"96h","TNFRSF19"
2.41973869364872e-34,1.06528731862659,0.973,0.533,3.62404264147768e-30,"96h","MYCT1"
9.7941188356553e-34,0.786146644325039,0.957,0.681,1.46686517801609e-29,"96h","ABCA1"
2.0672896579315e-33,1.07392886562015,0.793,0.309,3.09617972068401e-29,"96h","DSCAM"
2.4037520441648e-33,1.19717198815831,0.707,0.282,3.60009943654562e-29,"96h","IGF2"
4.4693539865956e-33,1.14481575180793,0.372,0.04,6.69375146572423e-29,"96h","ELTD1"
1.92429832982454e-31,1.10691257270988,0.793,0.34,2.88202160857821e-27,"96h","TDRD7"
2.24297182944034e-31,0.984014276213659,0.862,0.396,3.3592989089528e-27,"96h","ARSE"
5.46977378547449e-31,0.734822243835585,0.952,0.725,8.19208019850515e-27,"96h","HLA-DRB1"
1.32938242434155e-30,0.704933241492537,1,0.663,1.99101605693634e-26,"96h","CYP26A1"
1.8719552683067e-30,0.81009080959114,0.883,0.695,2.80362740534294e-26,"96h","COL4A2"
2.01704314784941e-30,1.02084830901151,0.867,0.389,3.02092552253406e-26,"96h","PIK3R5"
3.07526681626326e-30,1.11818264238617,0.793,0.388,4.60582711071748e-26,"96h","EGFLAM"
3.51088031762108e-30,0.571370965567868,0.995,0.882,5.25824545170109e-26,"96h","ALCAM"
8.03784593817566e-30,0.600883348633096,0.963,0.796,1.20382818616057e-25,"96h","SVIL"
1.11159608338261e-29,0.506317922530818,0.979,0.844,1.66483745408213e-25,"96h","BNIP3"
3.70820918084174e-29,1.19664796933133,0.452,0.093,5.55378489014667e-25,"96h","SRPX2"
3.8911739289449e-29,0.810325536296421,0.926,0.619,5.82781119338078e-25,"96h","COL4A6"
6.80511809528014e-29,0.667194333045372,0.984,0.721,1.01920253713011e-24,"96h","H1F0"
1.8087201989583e-28,0.902959639189771,0.963,0.661,2.70892024197985e-24,"96h","TFPI"
2.29980158679864e-28,1.07595346558511,0.596,0.188,3.44441283654833e-24,"96h","S100Z"
6.16432815627868e-28,1.14693705101638,0.766,0.43,9.23231427965858e-24,"96h","FAM20A"
9.85523937291663e-28,0.792945308355097,0.963,0.772,1.47601920088172e-23,"96h","S1PR3"
1.54325266282974e-27,0.931015486064185,0.84,0.416,2.3113295131201e-23,"96h","FLRT3"
2.2338981644023e-27,1.17094164871803,0.356,0.056,3.34570928082532e-23,"96h","IGFBP7"
2.61487672447977e-27,0.853247258313304,0.91,0.53,3.91630087025335e-23,"96h","MLLT3"
7.94043000233017e-27,1.06036001631008,0.745,0.351,1.18923820144899e-22,"96h","ELOVL2"
2.54473188099548e-26,1.1881985510266,0.628,0.249,3.81124493816693e-22,"96h","FRZB"
1.04798195268081e-25,0.696116629302101,0.963,0.63,1.56956257053006e-21,"96h","ACOX3"
1.08272115187393e-25,0.570850835530551,0.995,0.83,1.62159146916159e-21,"96h","COL4A5"
1.6481498039765e-25,1.20107546824598,0.42,0.093,2.46843396141561e-21,"96h","CALCRL"
2.78347163445391e-25,0.930075858017415,0.665,0.223,4.16880546692163e-21,"96h","RHAG"
4.67233654139957e-25,0.866695989873224,0.904,0.388,6.99775843805414e-21,"96h","DKK4"
7.72958007256891e-25,0.833400301132763,0.872,0.456,1.15765920746865e-20,"96h","GATM"
1.6732005813212e-24,0.708917598302512,0.915,0.677,2.50595251064476e-20,"96h","CELF2"
2.26359937183186e-24,0.946154499873748,0.771,0.414,3.39019277919258e-20,"96h","PRSS23"
6.13410512317957e-24,1.0190929658957,0.622,0.24,9.18704924298605e-20,"96h","C9orf95"
1.44190872457279e-23,1.0733673196913,0.564,0.216,2.15954669679267e-19,"96h","ADAMTS8"
2.03202995078754e-23,1.07696171520581,0.553,0.191,3.04337125729449e-19,"96h","TRPC4"
3.35798343668264e-23,1.04572377890742,0.532,0.193,5.02925179311958e-19,"96h","LOXL1"
4.49178204700517e-23,0.610176646446767,0.915,0.746,6.72734197179965e-19,"96h","LRRCC1"
6.00988532965198e-23,0.503365089670302,0.989,0.804,9.00100525821977e-19,"96h","ITGA5"
6.59766027698326e-23,0.614277869485901,0.963,0.67,9.88131579683783e-19,"96h","COL5A1"
6.70125602991176e-23,1.16641868001957,0.41,0.102,1.00364711559988e-18,"96h","TEK"
9.60355709161734e-23,0.585182171371767,0.936,0.77,1.43832474561153e-18,"96h","COL1A2"
1.06296803169746e-22,0.866467155790342,0.739,0.435,1.59200722107328e-18,"96h","BCORL1"
1.99210683820347e-22,1.03409373746715,0.649,0.282,2.98357841157733e-18,"96h","RSPO3"
3.23836313708383e-22,1.04639548874055,0.324,0.056,4.85009647041045e-18,"96h","PDZRN4"
3.95980237061775e-22,0.907859363084407,0.702,0.318,5.93059601047421e-18,"96h","ODZ2"
4.49139209082391e-22,0.802034418787718,0.883,0.602,6.72675793442697e-18,"96h","PAM"
6.68884564241551e-22,0.7281596424475,0.872,0.53,1.00178841186457e-17,"96h","CHL1"
1.43397442275128e-21,0.54868831316888,0.989,0.888,2.14766349295458e-17,"96h","ST8SIA1"
3.54803060444826e-21,0.623553932509521,0.989,0.867,5.31388543628216e-17,"96h","OXTR"
3.92897999692847e-21,0.722071099750367,0.803,0.607,5.88443334139977e-17,"96h","USP2"
4.25656167669896e-21,0.616303906431263,0.947,0.835,6.37505242319203e-17,"96h","SRGAP1"
4.80686996467617e-21,1.11897545421365,0.399,0.102,7.1992491460955e-17,"96h","SLITRK6"
5.64063111491741e-21,0.600156514791212,0.819,0.679,8.4479732208118e-17,"96h","TMEM141"
1.07597370700696e-20,0.653484550173126,0.915,0.677,1.61148582098432e-16,"96h","BCAT2"
3.03505731146178e-20,0.66072106000405,0.963,0.553,4.5456053353763e-16,"96h","APOBEC3G"
3.45898713567548e-20,0.50763773429011,0.862,0.728,5.18052503310117e-16,"96h","GLRX"
5.2797474527018e-20,0.997020101677129,0.447,0.139,7.90747775991148e-16,"96h","THSD7B"
7.07270726857393e-20,0.587938581819988,0.904,0.761,1.05927936761432e-15,"96h","LTBP1"
7.20641079819531e-20,0.938302016525533,0.606,0.288,1.07930414524571e-15,"96h","COL23A1"
9.79168874613894e-20,1.04379679425573,0.489,0.172,1.46650122350923e-15,"96h","FLI1"
1.53536609217636e-19,1.0364484621797,0.314,0.065,2.29951779625253e-15,"96h","ACTA2"
1.56354809056409e-19,0.543533036316756,0.968,0.712,2.34172597523784e-15,"96h","GRPR"
1.8293014342586e-19,0.537166274369337,0.989,0.839,2.73974475808911e-15,"96h","ANGPT2"
2.47697801963391e-19,0.736128756293608,0.809,0.481,3.70976998000571e-15,"96h","JAKMIP1"
4.63454019573784e-19,0.689345639784331,1,0.581,6.94115085115656e-15,"96h","HAPLN1"
5.80509044056298e-19,0.601460947262058,0.984,0.754,8.69428395283118e-15,"96h","KLHL6"
6.97429531419196e-19,0.841001262040496,0.638,0.288,1.04454020920653e-14,"96h","SOX17"
7.50041961936113e-19,0.796722910431293,0.755,0.419,1.12333784639172e-14,"96h","RFPL2"
1.01316357088661e-18,0.744554335376198,0.814,0.396,1.51741508011687e-14,"96h","LUM"
1.02304918481363e-18,0.789636629841998,0.793,0.537,1.53222076409538e-14,"96h","ABR"
1.04314375539019e-18,0.863253946275968,0.66,0.337,1.56231640244789e-14,"96h","GAB2"
1.84354817884047e-18,0.860125149006385,0.622,0.302,2.76108210744937e-14,"96h","TLE2"
2.06245859480643e-18,0.882732042435599,0.447,0.151,3.08894423744159e-14,"96h","DACT2"
5.61540427096984e-18,1.01284189180834,0.335,0.082,8.41019097663152e-14,"96h","RSPO2"
7.42122675818982e-18,0.810000989473866,0.803,0.523,1.11147713157409e-13,"96h","MATN3"
1.89076118561262e-17,0.585907176399656,0.926,0.765,2.83179302769202e-13,"96h","MCF2L2"
2.45145715020923e-17,0.612986300734772,0.888,0.644,3.67154737386836e-13,"96h","ANKDD1A"
2.72914967084257e-17,0.559733176323969,0.957,0.788,4.08744746202092e-13,"96h","KLF8"
3.34606153496045e-17,0.552682164816677,0.931,0.714,5.01139636091027e-13,"96h","B4GALT4"
3.4686371916525e-17,0.883889090697395,0.314,0.077,5.19497792193795e-13,"96h","PGM5"
3.67939772301563e-17,0.683874673597501,0.793,0.565,5.51063396976051e-13,"96h","COL27A1"
4.73291001371218e-17,0.706402150752666,0.819,0.581,7.08847932753673e-13,"96h","TIMP3"
5.67154312407295e-17,0.549227345130464,0.91,0.698,8.49427013692406e-13,"96h","MRC2"
6.01473944903875e-17,0.879820030365597,0.261,0.051,9.00827527282534e-13,"96h","HAND2"
6.54912910927663e-17,0.7264360160321,0.761,0.428,9.80863066696362e-13,"96h","PDLIM3"
7.13075353763734e-17,0.728445325302713,0.755,0.465,1.06797295733194e-12,"96h","HLA-DRB5"
1.27081301506307e-16,0.849330995378174,0.617,0.333,1.90329665265996e-12,"96h","AGPAT3"
1.43493958626684e-16,0.976709910837057,0.489,0.198,2.14910901835185e-12,"96h","NID2"
1.53710699141175e-16,0.847856681812099,0.372,0.112,2.30212514103738e-12,"96h","IGFBP5"
2.11929285737655e-16,0.853231963013763,0.617,0.307,3.17406491249286e-12,"96h","C18orf1"
2.87007858393224e-16,0.631560786124022,0.819,0.632,4.29851669515532e-12,"96h","IGFBP2"
3.09604242686569e-16,0.570099025517279,0.681,0.386,4.63694274271674e-12,"96h","PGR"
4.56116405477067e-16,0.928214109451449,0.521,0.244,6.83125540483003e-12,"96h","CERKL"
4.57112188125645e-16,0.603409603597178,0.761,0.574,6.84616924155779e-12,"96h","CRIP1"
5.10981088338659e-16,0.864084659318568,0.415,0.146,7.65296376004809e-12,"96h","ELAVL4"
5.17993680524467e-16,0.783779942117237,0.569,0.263,7.75799135321495e-12,"96h","ST3GAL5"
5.38548233542321e-16,0.561128649425442,0.91,0.607,8.06583689376334e-12,"96h","NCAM1"
6.28207707684157e-16,0.68052228887698,0.771,0.491,9.40866683798562e-12,"96h","FBN1"
6.79429208616584e-16,0.574759745059612,0.915,0.679,1.01758112574506e-11,"96h","FBXO34"
8.78029193783326e-16,0.516078470365032,0.894,0.716,1.31502432352929e-11,"96h","PPIC"
1.12190248177694e-15,0.713243346742092,0.697,0.365,1.68027334695732e-11,"96h","SOX5"
1.37391717662986e-15,0.819860337837251,0.564,0.274,2.05771575543854e-11,"96h","RBM20"
3.1527360040207e-15,0.710997627424181,0.426,0.149,4.7218527132218e-11,"96h","SLIT3"
3.42606748359048e-15,0.663210422915882,0.766,0.582,5.13122127017346e-11,"96h","ZNF395"
4.15514254952575e-15,0.586328955590034,0.851,0.658,6.22315699642471e-11,"96h","ARRB1"
4.3984774133991e-15,0.754573473432244,0.324,0.093,6.58759962204782e-11,"96h","KCNJ3"
4.49828006156806e-15,0.947831132551489,0.303,0.082,6.73707404821048e-11,"96h","CDH13"
4.57998427643471e-15,0.83856030529177,0.383,0.14,6.85944245081627e-11,"96h","TESC"
4.58199785237484e-15,0.76841080040502,0.41,0.142,6.8624581835018e-11,"96h","VWF"
5.74892045164397e-15,0.879467470060656,0.5,0.216,8.61015816042718e-11,"96h","NRCAM"
6.32627073039467e-15,0.883108072525666,0.41,0.153,9.47485567291209e-11,"96h","ECM1"
6.33054963481084e-15,0.53714050801695,0.872,0.711,9.48126418805619e-11,"96h","PALLD"
6.83468413658596e-15,0.775029428068454,0.691,0.402,1.02363064313648e-10,"96h","TGFBR3"
9.64884732379939e-15,0.762560342311689,0.601,0.305,1.44510786368543e-10,"96h","MBNL2"
1.07727473929468e-14,0.797719592295961,0.309,0.084,1.61343437704164e-10,"96h","HOXA13"
1.10182304336587e-14,0.85253918075084,0.303,0.089,1.65020037204906e-10,"96h","FOSB"
1.32142020557155e-14,0.823592617259643,0.543,0.263,1.97909104188452e-10,"96h","PLCD1"
1.47872184075647e-14,0.876055081729893,0.543,0.27,2.21468170090097e-10,"96h","RBMS3"
1.56920944942469e-14,0.563600888603848,0.856,0.523,2.35020499240336e-10,"96h","SHOX2"
1.69338049077783e-14,0.734219622178807,0.739,0.446,2.53617596103795e-10,"96h","FAM46A"
1.94286445257712e-14,0.505819381283831,0.968,0.625,2.90982809062475e-10,"96h","GATA6"
2.11470062638443e-14,0.659095220871389,0.734,0.472,3.16718712813597e-10,"96h","FAM65A"
2.45569685330492e-14,0.786974448812097,0.713,0.453,3.67789717719478e-10,"96h","PRSS35"
3.40262897197446e-14,0.618063982006697,1,0.705,5.09611741132615e-10,"96h","CER1"
6.98699727218705e-14,0.518098699646847,0.91,0.605,1.04644258145545e-09,"96h","GATA4"
8.70494948938593e-14,0.822860958117617,0.447,0.181,1.30374028502533e-09,"96h","TXNIP"
8.98765438121614e-14,0.74495469930573,0.314,0.093,1.34608099667474e-09,"96h","HHEX"
9.86901342163036e-14,0.563368184704212,0.904,0.777,1.47808214015758e-09,"96h","SLFN5"
9.88521687663023e-14,0.755347400580134,0.266,0.068,1.48050893161291e-09,"96h","CKM"
1.73100698104073e-13,0.711776931294839,0.58,0.291,2.5925291555047e-09,"96h","NFASC"
1.94954630792238e-13,0.507570199142551,1,0.851,2.91983550537535e-09,"96h","ACTC1"
1.97892365227329e-13,0.625372103375566,0.676,0.447,2.96383395400971e-09,"96h","PACS1"
2.40573150999115e-13,1.00621939740022,0.25,0.065,3.60306408251374e-09,"96h","ARHGDIB"
2.78703866504351e-13,0.628308007682375,0.67,0.416,4.17414780863567e-09,"96h","SLC5A4"
3.29859582005046e-13,0.806841021104134,0.452,0.2,4.94030695968958e-09,"96h","CCDC3"
4.15414129497458e-13,0.636896842137477,0.282,0.082,6.22165741748343e-09,"96h","SLC16A3"
7.78984640917214e-13,0.594426177233061,0.835,0.667,1.16668529670171e-08,"96h","OPTN"
1.02860873967939e-12,0.503816582462528,0.894,0.609,1.54054730941782e-08,"96h","COLEC12"
1.06447686604803e-12,0.548220603951716,0.856,0.551,1.59426700228013e-08,"96h","DKK1"
1.26166608754482e-12,0.753195886923294,0.596,0.347,1.88959729931587e-08,"96h","CLSTN2"
1.34102794114472e-12,0.802108943056188,0.404,0.165,2.00845754745245e-08,"96h","TEC"
1.36650783099038e-12,0.699433335029525,0.527,0.254,2.0466187784743e-08,"96h","NPR1"
1.39006009167336e-12,0.642838827679206,0.309,0.095,2.08189299929918e-08,"96h","ACSM4"
2.01414671513805e-12,0.619980423074304,0.681,0.372,3.01658753526226e-08,"96h","ZFPM2"
2.07263652118048e-12,0.709321086286924,0.638,0.381,3.10418771777201e-08,"96h","FRMD4B"
2.12594677282197e-12,0.572281631651589,0.936,0.795,3.18403048165546e-08,"96h","REPS2"
2.37170298402346e-12,0.752959562079443,0.58,0.333,3.55209955917194e-08,"96h","BTG2"
2.44112603724838e-12,0.707463772750825,0.617,0.365,3.6560744659869e-08,"96h","SLITRK2"
2.51276194108158e-12,0.658287079908033,0.479,0.212,3.76336355915789e-08,"96h","CDRT4"
2.70661788909304e-12,0.658845242436753,0.697,0.468,4.05370161249464e-08,"96h","ANKRD6"
2.95609235094546e-12,0.71301262179991,0.707,0.498,4.42733951401102e-08,"96h","PLK2"
2.97052619271093e-12,0.707857695652122,0.266,0.075,4.44895707882316e-08,"96h","CSMD3"
4.18326188007513e-12,0.620430515090612,0.766,0.553,6.26527131778853e-08,"96h","FLRT2"
4.51518569835307e-12,0.537778442751116,0.718,0.537,6.76239362042339e-08,"96h","IAH1"
4.60055316541254e-12,0.530776324717038,0.931,0.581,6.89024847583837e-08,"96h","NRP1"
5.09818452092993e-12,0.77114252746127,0.282,0.091,7.63555095699676e-08,"96h","GPR124"
5.23406693169922e-12,0.725188808720204,0.564,0.325,7.83906204360593e-08,"96h","NFATC1"
8.76931818782843e-12,0.633790088940921,0.309,0.105,1.31338078499106e-07,"96h","NCR1"
9.82619125039428e-12,0.729549100507769,0.559,0.333,1.47166866357155e-07,"96h","RFESD"
1.1235631731881e-11,0.715863025945863,0.521,0.286,1.68276056448382e-07,"96h","SMARCD3"
1.42622977707965e-11,0.741991337443877,0.527,0.286,2.13606433713219e-07,"96h","ITPR1"
2.3217120360718e-11,0.709646449212707,0.644,0.393,3.47722811642473e-07,"96h","LSAMP"
2.44882197732098e-11,0.849784801674777,0.681,0.535,3.66760067543363e-07,"96h","SAMD3"
2.47551557807219e-11,0.587752089439692,0.729,0.444,3.70757968127872e-07,"96h","PLSCR4"
3.00536396400744e-11,0.554019070883782,0.426,0.179,4.50113360889395e-07,"96h","SPNS2"
4.29610203744984e-11,0.681285609000525,0.346,0.135,6.43427202148862e-07,"96h","IL9R"
4.3367978885116e-11,0.693314868897737,0.5,0.293,6.49522219762382e-07,"96h","C1orf151-NBL1"
5.08787614966483e-11,0.681260704309219,0.66,0.461,7.62011210935301e-07,"96h","SAMD12"
8.26008727690712e-11,0.703869191928204,0.516,0.275,1.23711327146238e-06,"96h","PROS1"
1.68331253218402e-10,0.610972410504907,0.532,0.298,2.521097179452e-06,"96h","EFEMP2"
1.75665232522116e-10,0.806267709393955,0.399,0.196,2.63093818748374e-06,"96h","EDA"
3.19229563348099e-10,0.738026347311178,0.463,0.244,4.78110117026447e-06,"96h","SLC1A1"
3.47015328545663e-10,0.603803768775635,0.574,0.354,5.1972485756284e-06,"96h","HOXB7"
3.69470758200499e-10,0.73530826998734,0.426,0.218,5.53356354556887e-06,"96h","FHOD3"
4.72384760463062e-10,0.51465627106759,0.718,0.512,7.07490655745529e-06,"96h","PMP22"
5.52491200954152e-10,0.750303878167981,0.415,0.218,8.27466071669034e-06,"96h","FAM149A"
5.79081643392091e-10,0.585321449279608,0.612,0.377,8.67290577308334e-06,"96h","CAPN12"
5.9191978678165e-10,0.61100609446748,0.596,0.351,8.86518264662878e-06,"96h","DACH1"
6.58892410095632e-10,0.544468088672882,0.261,0.088,9.86823162600227e-06,"96h","ESAM"
7.6140821973463e-10,0.599325275865287,0.644,0.446,1.14036109069656e-05,"96h","FZD8"
9.07786982288307e-10,0.765635948292576,0.383,0.179,1.3595925633732e-05,"96h","TGFBI"
1.25005986901672e-09,0.508469443276859,0.766,0.596,1.87221466582634e-05,"96h","LAMB2"
1.2960034495084e-09,0.633252364181684,0.42,0.195,1.94102436632873e-05,"96h","RIPPLY1"
1.73758779828298e-09,0.579885247967469,0.314,0.123,2.60238524548842e-05,"96h","LRRC7"
2.02068765420865e-09,0.502513583983295,0.691,0.505,3.0263838997083e-05,"96h","KDM6B"
2.57125413611426e-09,0.533610509123513,0.75,0.577,3.85096731965833e-05,"96h","SETD7"
2.7995332959269e-09,0.712966264686442,0.58,0.398,4.19286101730971e-05,"96h","DOK6"
2.8341064791855e-09,0.576275611247122,0.479,0.246,4.24464127387612e-05,"96h","CXCR4"
4.57569833549877e-09,0.52558109147601,0.729,0.595,6.85302339707651e-05,"96h","CDR1"
4.66695830486379e-09,0.558358192845114,0.58,0.36,6.9897034531945e-05,"96h","ENO3"
4.72852649087478e-09,0.655348314915986,0.527,0.321,7.08191412538316e-05,"96h","PTPRE"
4.94684904637487e-09,0.643986086453517,0.346,0.149,7.40889581675565e-05,"96h","HDC"
8.54750461571715e-09,0.513514205760649,0.676,0.595,0.000128015976629596,"96h","LGALS1"
9.39220555859172e-09,0.570777283871289,0.606,0.388,0.000140667062651028,"96h","PABPC4L"
9.63417124649328e-09,0.859503565851381,0.553,0.391,0.00014429098275873,"96h","TLR4"
9.87952140497883e-09,0.634113912609778,0.574,0.388,0.000147965592082368,"96h","KIF13B"
1.11038705738918e-08,0.567142966142322,0.612,0.395,0.000166302669585178,"96h","ANO4"
1.21804731520464e-08,0.710473962076677,0.441,0.249,0.000182426946398199,"96h","RIN2"
1.36376525271288e-08,0.606738490822211,0.612,0.423,0.000204251121898809,"96h","OSBPL6"
1.37324341132044e-08,0.592764201397585,0.59,0.375,0.000205670665713463,"96h","PIP5K1B"
1.59304409520879e-08,0.700195608064767,0.527,0.363,0.00023859021413942,"96h","ARHGEF17"
1.68101249231488e-08,0.752832704843212,0.309,0.142,0.000251765240973999,"96h","FMN2"
1.75872235091329e-08,0.772598915326189,0.261,0.105,0.000263403846496283,"96h","CDKN2B"
1.83296003657035e-08,0.674463294170087,0.25,0.095,0.000274522424677141,"96h","SYTL5"
1.9471902318341e-08,0.587936427254132,0.649,0.47,0.000291630681021793,"96h","CHST11"
1.97134935897836e-08,0.547128496917536,0.654,0.47,0.000295248993494189,"96h","ACTR1B"
2.52307653085424e-08,0.530190934190279,0.973,0.625,0.00037788117202604,"96h","LHX1"
2.65460350844248e-08,0.586813677448769,0.548,0.347,0.000397579967459431,"96h","YPEL2"
2.70678688946669e-08,0.585805814205341,0.394,0.204,0.000405395472435426,"96h","CELF4"
2.86632169463129e-08,0.569161213465027,0.606,0.425,0.000429289000204928,"96h","FBLN2"
3.51506798381807e-08,0.722566794874417,0.303,0.139,0.000526451731936433,"96h","MAN1C1"
3.99045137587747e-08,0.580882087099046,0.309,0.135,0.000597649902565169,"96h","EPSTI1"
4.67020524355306e-08,0.533660130772567,0.617,0.412,0.000699456639326942,"96h","CEP112"
5.79318286075153e-08,0.590938318113925,0.548,0.344,0.000867644997054757,"96h","MTSS1"
6.61426883259804e-08,0.60658590289941,0.548,0.333,0.000990619043058209,"96h","NAALAD2"
6.91131489098126e-08,0.630370939458984,0.585,0.43,0.00103510763122226,"96h","GPSM2"
6.9776281566531e-08,0.507232379091816,0.713,0.525,0.00104503936902193,"96h","PLCE1"
7.26203042124101e-08,0.53995309391274,0.681,0.523,0.00108763429618927,"96h","OVCH2"
7.57652992087604e-08,0.558116030822619,0.516,0.332,0.0011347368862496,"96h","PBXIP1"
8.40502669938301e-08,0.540200225223617,0.569,0.374,0.00125882084876659,"96h","RBM24"
8.59566945051623e-08,0.608709596328505,0.511,0.323,0.00128737341360382,"96h","ATXN1"
8.7575251124035e-08,0.527515674226958,0.617,0.414,0.00131161453608467,"96h","GALC"
9.22008440765822e-08,0.630254204156576,0.505,0.326,0.00138089204173497,"96h","TRANK1"
1.16746318176012e-07,0.726452650061121,0.303,0.142,0.00174850960732213,"96h","GUCY1A2"
1.1795537182182e-07,0.516130540932806,0.617,0.43,0.00176661760377539,"96h","GPR37"
1.19540361024776e-07,0.501146433744011,0.293,0.132,0.00179035598706807,"96h","LRRN4"
1.21086978235628e-07,0.56615789243591,0.463,0.267,0.001813519673035,"96h","MBP"
1.33893392346375e-07,0.525725937607161,0.601,0.482,0.00200532133717166,"96h","CST3"
1.50380854790566e-07,0.520151870121923,0.596,0.447,0.0022522540621983,"96h","CXCR7"
1.6637368194401e-07,0.551357592714561,0.596,0.426,0.00249177863447544,"96h","KALRN"
1.98349001820328e-07,0.522637314642708,0.537,0.381,0.00297067300026306,"96h","TMEM88"
2.28419382046746e-07,0.579547471956183,0.537,0.356,0.00342103708491412,"96h","MAPK10"
2.70482057523594e-07,0.587734964115991,0.346,0.184,0.00405100977553088,"96h","ISG20"
3.32489737487468e-07,0.680689275791677,0.415,0.246,0.00497969879834981,"96h","MTUS1"
3.43794687742267e-07,0.569807382197218,0.537,0.351,0.00514901303831593,"96h","TRPA1"
3.48216657008828e-07,0.617961415709262,0.309,0.149,0.00521524087202122,"96h","RELN"
3.88198239510847e-07,0.506908272877222,0.33,0.167,0.00581404503315395,"96h","NLRP7"
4.52803516341563e-07,0.586759597050626,0.356,0.184,0.00678163826424759,"96h","OR52A1"
5.07932211220845e-07,0.652318982012054,0.266,0.121,0.0076073007274546,"96h","AFAP1L2"
5.42815760652673e-07,0.568726249918225,0.351,0.179,0.00812975164729508,"96h","RGL1"
6.94635058364962e-07,0.548182977272629,0.33,0.17,0.010403549269132,"96h","SLC35F3"
7.22641036860381e-07,0.501101406219765,0.532,0.356,0.0108229948090579,"96h","HSD17B14"
8.88725997048949e-07,0.515602890945776,0.564,0.374,0.0133104492578021,"96h","GPR126"
9.26010325052316e-07,0.54688716454504,0.638,0.482,0.0138688566383085,"96h","RCAN2"
9.41241162622765e-07,0.530590986058513,0.473,0.304,0.0140969688926012,"96h","FAM214B"
1.09412426594856e-06,0.542841686966545,0.585,0.423,0.0163866991311117,"96h","SVEP1"
1.33412669049657e-06,0.634251982632908,0.266,0.126,0.0199812154435671,"96h","RNASE1"
1.50891558521011e-06,0.610477321214884,0.399,0.24,0.0225990287196918,"96h","FAM18B2-CDRT4"
1.54830011522057e-06,0.633994987288032,0.463,0.304,0.0231888908256585,"96h","RASGRP1"
1.71652664054854e-06,0.500541228249231,0.574,0.411,0.0257084194954955,"96h","APBB1"
1.74128614596142e-06,0.676965885125405,0.319,0.172,0.0260792426080642,"96h","SNCAIP"
2.55948862741052e-06,0.501246038191374,0.585,0.416,0.0383334611727273,"96h","FAM69A"
2.8171643729206e-06,0.606806345579304,0.399,0.242,0.0421926708132319,"96h","CASQ2"
3.9283443612872e-06,0.563858765520157,0.362,0.204,0.0588348134989984,"96h","LRFN5"
4.60502013830822e-06,0.510001994298133,0.691,0.618,0.0689693866114422,"96h","SYTL4"
7.7347413082488e-06,0.578211981580754,0.34,0.212,0.115843220573642,"96h","TWIST1"
9.81035741432567e-06,0.568945013412993,0.468,0.342,0.146929722994356,"96h","PEAR1"
1.10670975438889e-05,0.619972464625062,0.346,0.207,0.165751919914824,"96h","ENDOD1"
1.19246579428733e-05,0.539198322715214,0.606,0.488,0.178595602010413,"96h","MECOM"
2.61940461647086e-05,0.531847344914242,0.463,0.332,0.392308229408841,"96h","HSPB8"
2.99571898001866e-05,0.560263402113577,0.383,0.24,0.448668831637395,"96h","PAPPA"
3.04735881255971e-05,0.529771755822158,0.367,0.237,0.456402929357067,"96h","CCDC92"
3.37473082234691e-05,0.520899176564583,0.457,0.323,0.505433435262897,"96h","POLR3GL"
3.5016507942829e-05,0.510295481284986,0.468,0.349,0.524442239459749,"96h","HSPG2"
4.1700002682661e-05,0.500920542152981,0.303,0.175,0.624540940178213,"96h","SEMA5B"
6.80558397208468e-05,0.516163479406318,0.319,0.196,1,"96h","RNF165"
7.07791236540342e-05,0.535320322931384,0.452,0.33,1,"96h","DDIT4"
7.45660161605667e-05,0.634245610534001,0.378,0.261,1,"96h","FAT4"
9.64190736200947e-05,0.523471381938799,0.441,0.325,1,"96h","NFIA"
0.000106377153095134,0.500907396344682,0.394,0.274,1,"96h","ANKS1B"
0.000113652209001412,0.510802715732943,0.298,0.179,1,"96h","SPINK5"
0.000148847318947286,0.504998002128977,0.489,0.428,1,"96h","DBNDD2"
0.0002385965193344,0.510884554392645,0.527,0.475,1,"96h","FAM125B"
0.000271624018442304,0.532720467851371,0.404,0.3,1,"96h","CPNE2"
0.000756775985964977,0.570604654563345,0.484,0.425,1,"96h","TAL1"
0.00137982504880867,0.50532634574807,0.41,0.316,1,"96h","THSD7A"
